{
  "similar_texts": [
    [
      0.9667694948087302,
      {
        "TEXT_IND_in_marked_db": 57,
        "VECTOR": [
          0.5733,
          0.57,
          0.16,
          0.168125,
          0.125,
          0.4375,
          0.03688102971883098,
          0.011887462161585038,
          0.005265091158118429,
          0.031326720738064376,
          0.1997724218319184
        ]
      }
    ],
    [
      0.9667694948087302,
      {
        "TEXT_IND_in_marked_db": 58,
        "VECTOR": [
          0.5733,
          0.57,
          0.16,
          0.168125,
          0.125,
          0.4375,
          0.03688102971883098,
          0.011887462161585038,
          0.005265091158118429,
          0.031326720738064376,
          0.1997724218319184
        ]
      }
    ],
    [
      0.9667694948087302,
      {
        "TEXT_IND_in_marked_db": 59,
        "VECTOR": [
          0.5733,
          0.57,
          0.16,
          0.168125,
          0.125,
          0.4375,
          0.03688102971883098,
          0.011887462161585038,
          0.005265091158118429,
          0.031326720738064376,
          0.1997724218319184
        ]
      }
    ],
    [
      0.9579074649502467,
      {
        "TEXT_IND_in_marked_db": 26,
        "VECTOR": [
          0.6767000000000001,
          0.61,
          0.19,
          0.17210526315789473,
          0.0,
          0.3157894736842105,
          0.008111835003863827,
          0.021489611329159327,
          0.003031587540061533,
          0.20596039472119923,
          0.19377593297330145
        ]
      }
    ],
    [
      0.9579074649502467,
      {
        "TEXT_IND_in_marked_db": 27,
        "VECTOR": [
          0.6767000000000001,
          0.61,
          0.19,
          0.17210526315789473,
          0.0,
          0.3157894736842105,
          0.008111835003863827,
          0.021489611329159327,
          0.003031587540061533,
          0.20596039472119923,
          0.19377593297330145
        ]
      }
    ]
  ],
  "simiar_sentences": [
    [
      [
        0.9778963078679184,
        {
          "sent_ind_in_marked_db": 40,
          "sent_vector": [
            0.0,
            0.0,
            0.08405800365978727,
            0.0,
            0.0,
            0.0,
            0.34
          ]
        }
      ],
      [
        0.974904803129902,
        {
          "sent_ind_in_marked_db": 61,
          "sent_vector": [
            0.0,
            0.0,
            0.07919492322075343,
            0.0,
            0.0,
            0.0,
            0.2
          ]
        }
      ],
      [
        0.966695627419338,
        {
          "sent_ind_in_marked_db": 41,
          "sent_vector": [
            0.0,
            0.0,
            0.08581381041631955,
            0.0,
            0.0,
            0.0,
            0.18000000000000002
          ]
        }
      ],
      [
        0.9604127087053127,
        {
          "sent_ind_in_marked_db": 14,
          "sent_vector": [
            0.05555555555555556,
            0.0,
            0.06912763848250579,
            0.0,
            0.0,
            0.0,
            0.2823529411764706
          ]
        }
      ],
      [
        0.9603741826063538,
        {
          "sent_ind_in_marked_db": 16,
          "sent_vector": [
            0.0,
            0.03703703703703704,
            0.0,
            0.0,
            0.0,
            0.0,
            0.2
          ]
        }
      ]
    ],
    [
      [
        0.9998189031631886,
        {
          "sent_ind_in_marked_db": 60,
          "sent_vector": [
            0.0,
            0.0,
            0.0,
            0.0,
            0.0,
            0.2005065396327602,
            0.16363636363636366
          ]
        }
      ],
      [
        0.9979956440561257,
        {
          "sent_ind_in_marked_db": 30,
          "sent_vector": [
            0.0,
            0.0,
            0.0,
            0.0,
            0.0,
            0.3410809193522841,
            0.2540540540540541
          ]
        }
      ],
      [
        0.9877470594596178,
        {
          "sent_ind_in_marked_db": 67,
          "sent_vector": [
            0.0,
            0.0,
            0.0,
            0.05809217057865184,
            0.0,
            0.3105428555942213,
            0.3133333333333333
          ]
        }
      ],
      [
        0.9827909069644079,
        {
          "sent_ind_in_marked_db": 3,
          "sent_vector": [
            0.0,
            0.0,
            0.0,
            0.0,
            0.0,
            0.17767437977742984,
            0.21904761904761907
          ]
        }
      ],
      [
        0.9752043158995505,
        {
          "sent_ind_in_marked_db": 18,
          "sent_vector": [
            0.0,
            0.0,
            0.0,
            0.0,
            0.0,
            0.25587955177537897,
            0.1333333333333333
          ]
        }
      ]
    ]
  ],
  "similar_collocations": [
    [
      "в село",
      []
    ],
    [
      "большой завидово",
      [
        [
          {
            "marked_colloc_db_index": 334,
            "sim_colloc": "большой",
            "w2v_sim": 0.9699122411667831,
            "freqence_similarity": 0.9999848443448592
          },
          0.9759267618023985
        ],
        [
          {
            "marked_colloc_db_index": 23,
            "sim_colloc": "больший",
            "w2v_sim": 0.7552969365400972,
            "freqence_similarity": 0.9996663309265825
          },
          0.8041708154173943
        ]
      ]
    ],
    [
      "с 5 по 7",
      []
    ],
    [
      "июль проходить фестиваль",
      []
    ],
    [
      "русский рок нашествие",
      []
    ],
    [
      "который в 2013 год",
      []
    ],
    [
      "отметиться",
      []
    ],
    [
      "масштабный сотрудничество",
      []
    ],
    [
      "с",
      [
        [
          {
            "marked_colloc_db_index": 22,
            "sim_colloc": "с",
            "w2v_sim": 1.0000000000000007,
            "freqence_similarity": 1.0
          },
          1.0000000000000007
        ],
        [
          {
            "marked_colloc_db_index": 135,
            "sim_colloc": "с",
            "w2v_sim": 1.0000000000000007,
            "freqence_similarity": 1.0
          },
          1.0000000000000007
        ]
      ]
    ],
    [
      "министерство оборона",
      []
    ],
    [
      "лентадок",
      []
    ],
    [
      "смотреть как",
      []
    ],
    [
      "гость",
      []
    ],
    [
      "фестиваль слушать концерт",
      []
    ],
    [
      "и",
      []
    ],
    [
      "аплодировать",
      []
    ],
    [
      "десантник",
      []
    ]
  ]
}