{
  "similar_texts": [
    [
      0.9899055830511947,
      {
        "TEXT_IND_in_marked_db": 60,
        "VECTOR": [
          0.5918,
          0.72,
          0.13,
          0.1230769230769231,
          0.0,
          0.0,
          0.051054401123667804,
          0.0,
          0.0,
          0.12894061924350456,
          0.17880170324502306
        ]
      }
    ],
    [
      0.9899055830511947,
      {
        "TEXT_IND_in_marked_db": 61,
        "VECTOR": [
          0.5918,
          0.72,
          0.13,
          0.1230769230769231,
          0.0,
          0.0,
          0.051054401123667804,
          0.0,
          0.0,
          0.12894061924350456,
          0.17880170324502306
        ]
      }
    ],
    [
      0.9899055830511947,
      {
        "TEXT_IND_in_marked_db": 62,
        "VECTOR": [
          0.5918,
          0.72,
          0.13,
          0.1230769230769231,
          0.0,
          0.0,
          0.051054401123667804,
          0.0,
          0.0,
          0.12894061924350456,
          0.17880170324502306
        ]
      }
    ],
    [
      0.9899055830511947,
      {
        "TEXT_IND_in_marked_db": 63,
        "VECTOR": [
          0.5918,
          0.72,
          0.13,
          0.1230769230769231,
          0.0,
          0.0,
          0.051054401123667804,
          0.0,
          0.0,
          0.12894061924350456,
          0.17880170324502306
        ]
      }
    ],
    [
      0.9870103576291276,
      {
        "TEXT_IND_in_marked_db": 21,
        "VECTOR": [
          0.5099,
          0.76,
          0.12,
          0.15083333333333335,
          0.08333333333333331,
          0.0,
          0.023731345819468664,
          0.0,
          0.0,
          0.04761229877898497,
          0.20515436088965497
        ]
      }
    ]
  ],
  "simiar_sentences": [
    [
      [
        0.9972902865203994,
        {
          "sent_ind_in_marked_db": 30,
          "sent_vector": [
            0.0,
            0.0,
            0.0,
            0.0,
            0.0,
            0.3410809193522841,
            0.2540540540540541
          ]
        }
      ],
      [
        0.9962874613655277,
        {
          "sent_ind_in_marked_db": 18,
          "sent_vector": [
            0.0,
            0.0,
            0.0,
            0.0,
            0.0,
            0.25587955177537897,
            0.1333333333333333
          ]
        }
      ],
      [
        0.9930547027562845,
        {
          "sent_ind_in_marked_db": 60,
          "sent_vector": [
            0.0,
            0.0,
            0.0,
            0.0,
            0.0,
            0.2005065396327602,
            0.16363636363636366
          ]
        }
      ],
      [
        0.9895219596570971,
        {
          "sent_ind_in_marked_db": 29,
          "sent_vector": [
            0.0,
            0.0,
            0.0,
            0.0,
            0.0,
            0.35667902536280593,
            0.16000000000000003
          ]
        }
      ],
      [
        0.9887459287924953,
        {
          "sent_ind_in_marked_db": 25,
          "sent_vector": [
            0.0,
            0.0,
            0.0,
            0.0,
            0.0,
            0.33917020866118625,
            0.15000000000000002
          ]
        }
      ]
    ],
    [
      [
        0.9932457955366185,
        {
          "sent_ind_in_marked_db": 64,
          "sent_vector": [
            0.0,
            0.0,
            0.0,
            0.09635191804789231,
            0.0,
            0.20731403997687672,
            0.21
          ]
        }
      ],
      [
        0.9830888198411196,
        {
          "sent_ind_in_marked_db": 6,
          "sent_vector": [
            0.0,
            0.0,
            0.0,
            0.09333862882325043,
            0.0,
            0.2370974861329268,
            0.208
          ]
        }
      ],
      [
        0.9796540363032473,
        {
          "sent_ind_in_marked_db": 2,
          "sent_vector": [
            0.034482758620689655,
            0.034482758620689655,
            0.0,
            0.06348354427589614,
            0.0,
            0.1437595162263608,
            0.2178571428571429
          ]
        }
      ],
      [
        0.9791629655148625,
        {
          "sent_ind_in_marked_db": 67,
          "sent_vector": [
            0.0,
            0.0,
            0.0,
            0.05809217057865184,
            0.0,
            0.3105428555942213,
            0.3133333333333333
          ]
        }
      ],
      [
        0.9626924019727515,
        {
          "sent_ind_in_marked_db": 50,
          "sent_vector": [
            0.0,
            0.0,
            0.0,
            0.177803474600794,
            0.0,
            0.3116192290752773,
            0.2384615384615385
          ]
        }
      ]
    ],
    [
      [
        1.0,
        {
          "sent_ind_in_marked_db": 0,
          "sent_vector": [
            0.0,
            0.0,
            0.0,
            0.0,
            0.0,
            0.0,
            0.20909090909090913
          ]
        }
      ],
      [
        1.0,
        {
          "sent_ind_in_marked_db": 9,
          "sent_vector": [
            0.0,
            0.0,
            0.0,
            0.0,
            0.0,
            0.0,
            0.22105263157894736
          ]
        }
      ],
      [
        1.0,
        {
          "sent_ind_in_marked_db": 17,
          "sent_vector": [
            0.0,
            0.0,
            0.0,
            0.0,
            0.0,
            0.0,
            0.2142857142857143
          ]
        }
      ],
      [
        1.0,
        {
          "sent_ind_in_marked_db": 21,
          "sent_vector": [
            0.0,
            0.0,
            0.0,
            0.0,
            0.0,
            0.0,
            0.1777777777777778
          ]
        }
      ],
      [
        1.0,
        {
          "sent_ind_in_marked_db": 23,
          "sent_vector": [
            0.0,
            0.0,
            0.0,
            0.0,
            0.0,
            0.0,
            0.22
          ]
        }
      ]
    ]
  ],
  "similar_collocations": [
    [
      "американский академия звукозапись",
      []
    ],
    [
      "опубликовывать список",
      []
    ],
    [
      "претендент",
      []
    ],
    [
      "на главный музыкальный премия",
      []
    ],
    [
      "грэмми за 2015 год",
      []
    ],
    [
      "часто все",
      []
    ],
    [
      "в он",
      []
    ],
    [
      "фигурировать",
      [
        [
          {
            "marked_colloc_db_index": 285,
            "sim_colloc": "упоминать",
            "w2v_sim": 0.6813029995624009,
            "freqence_similarity": 0.9902980384444711
          },
          0.7431020073388149
        ],
        [
          {
            "marked_colloc_db_index": 166,
            "sim_colloc": "раскритиковывать",
            "w2v_sim": 0.6722219127653452,
            "freqence_similarity": 0.9560542081957355
          },
          0.7289883718514233
        ]
      ]
    ],
    [
      "имя рэперо",
      []
    ],
    [
      "кендрик ламара",
      []
    ],
    [
      "он",
      [
        [
          {
            "marked_colloc_db_index": 127,
            "sim_colloc": "он",
            "w2v_sim": 1.0000000000000009,
            "freqence_similarity": 1.0
          },
          1.0000000000000007
        ],
        [
          {
            "marked_colloc_db_index": 136,
            "sim_colloc": "он",
            "w2v_sim": 1.0000000000000009,
            "freqence_similarity": 1.0
          },
          1.0000000000000007
        ],
        [
          {
            "marked_colloc_db_index": 200,
            "sim_colloc": "он",
            "w2v_sim": 1.0000000000000009,
            "freqence_similarity": 1.0
          },
          1.0000000000000007
        ],
        [
          {
            "marked_colloc_db_index": 252,