{
  "similar_texts": [
    [
      0.9793528122539275,
      {
        "TEXT_IND_in_marked_db": 57,
        "VECTOR": [
          0.5733,
          0.57,
          0.16,
          0.168125,
          0.125,
          0.4375,
          0.03688102971883098,
          0.011887462161585038,
          0.005265091158118429,
          0.031326720738064376,
          0.1997724218319184
        ]
      }
    ],
    [
      0.9793528122539275,
      {
        "TEXT_IND_in_marked_db": 58,
        "VECTOR": [
          0.5733,
          0.57,
          0.16,
          0.168125,
          0.125,
          0.4375,
          0.03688102971883098,
          0.011887462161585038,
          0.005265091158118429,
          0.031326720738064376,
          0.1997724218319184
        ]
      }
    ],
    [
      0.9793528122539275,
      {
        "TEXT_IND_in_marked_db": 59,
        "VECTOR": [
          0.5733,
          0.57,
          0.16,
          0.168125,
          0.125,
          0.4375,
          0.03688102971883098,
          0.011887462161585038,
          0.005265091158118429,
          0.031326720738064376,
          0.1997724218319184
        ]
      }
    ],
    [
      0.9701574251955426,
      {
        "TEXT_IND_in_marked_db": 26,
        "VECTOR": [
          0.6767000000000001,
          0.61,
          0.19,
          0.17210526315789473,
          0.0,
          0.3157894736842105,
          0.008111835003863827,
          0.021489611329159327,
          0.003031587540061533,
          0.20596039472119923,
          0.19377593297330145
        ]
      }
    ],
    [
      0.9701574251955426,
      {
        "TEXT_IND_in_marked_db": 27,
        "VECTOR": [
          0.6767000000000001,
          0.61,
          0.19,
          0.17210526315789473,
          0.0,
          0.3157894736842105,
          0.008111835003863827,
          0.021489611329159327,
          0.003031587540061533,
          0.20596039472119923,
          0.19377593297330145
        ]
      }
    ]
  ],
  "simiar_sentences": [
    [
      [
        0.9984134345389551,
        {
          "sent_ind_in_marked_db": 32,
          "sent_vector": [
            0.0,
            0.07692307692307693,
            0.0,
            0.0,
            0.0,
            0.0,
            0.20833333333333337
          ]
        }
      ],
      [
        0.9934800715262958,
        {
          "sent_ind_in_marked_db": 16,
          "sent_vector": [
            0.0,
            0.03703703703703704,
            0.0,
            0.0,
            0.0,
            0.0,
            0.2
          ]
        }
      ],
      [
        0.990895592672535,
        {
          "sent_ind_in_marked_db": 58,
          "sent_vector": [
            0.0,
            0.07692307692307693,
            0.0,
            0.0,
            0.0,
            0.0,
            0.1666666666666667
          ]
        }
      ],
      [
        0.9848286807480775,
        {
          "sent_ind_in_marked_db": 71,
          "sent_vector": [
            0.0,
            0.14285714285714288,
            0.0,
            0.0,
            0.0,
            0.0,
            0.28
          ]
        }
      ],
      [
        0.9782481283214283,
        {
          "sent_ind_in_marked_db": 73,
          "sent_vector": [
            0.05,
            0.05,
            0.0,
            0.0,
            0.0,
            0.0,
            0.31052631578947365
          ]
        }
      ]
    ],
    [
      [
        0.9998395706342744,
        {
          "sent_ind_in_marked_db": 4,
          "sent_vector": [
            0.0,
            0.0,
            0.0,
            0.0,
            0.0,
            0.10748019256397572,
            0.2052631578947369
          ]
        }
      ],
      [
        0.9990955916438936,
        {
          "sent_ind_in_marked_db": 31,
          "sent_vector": [
            0.0,
            0.0,
            0.0,
            0.0,
            0.0,
            0.12183800888898155,
            0.27142857142857146
          ]
        }
      ],
      [
        0.9971001416726815,
        {
          "sent_ind_in_marked_db": 52,
          "sent_vector": [
            0.0,
            0.0,
            0.0,
            0.0,
            0.0,
            0.11705509415354222,
            0.195
          ]
        }
      ],
      [
        0.9930872126544377,
        {
          "sent_ind_in_marked_db": 22,
          "sent_vector": [
            0.0,
            0.0,
            0.0,
            0.0,
            0.0,
            0.07572391482994867,
            0.20952380952380958
          ]
        }
      ],
      [
        0.9792879170711202,
        {
          "sent_ind_in_marked_db": 70,
          "sent_vector": [
            0.0,
            0.0,
            0.0,
            0.0,
            0.0,
            0.06999109459395747,
            0.2625
          ]
        }
      ]
    ],
    [
      [
        0.9949004222576197,
        {
          "sent_ind_in_marked_db": 80,
          "sent_vector": [
            0.0,
            0.0,
            0.0,
            0.0,
            0.0,
            0.07016190620602235,
            0.3266666666666666
          ]
        }
      ],
      [
        0.9919776842685752,
        {
          "sent_ind_in_marked_db": 70,
          "sent_vector": [
            0.0,
            0.0,
            0.0,
            0.0,
            0.0,
            0.06999109459395747,
            0.2625
          ]
        }
      ],
      [
        0.990860329443602,
        {
          "sent_ind_in_marked_db": 1,
          "sent_vector": [
            0.01851851851851852,
            0.0,
            0.02135345373297045,
            0.0,
            0.0,
            0.0427069074659409,
            0.34716981132075475
          ]
        }
      ],
      [
        0.9810592253372289,
        {
          "sent_ind_in_marked_db": 22,
          "sent_vector": [
            0.0,
            0.0,
            0.0,
            0.0,
            0.0,
            0.07572391482994867,
            0.20952380952380958
          ]
        }
      ],
      [
        0.9809464358256874,
        {
          "sent_ind_in_marked_db": 16,
          "sent_vector": [
            0.0,
            0.03703703703703704,
            0.0,
            0.0,
            0.0,
            0.0,
            0.2
          ]
        }
      ]
    ],
    [
      [
        0.9999589962475326,
        {
          "sent_ind_in_marked_db": 32,
          "sent_vector": [
            0.0,
            0.07692307692307693,
            0.0,
            0.0,
            0.0,
            0.0,
            0.20833333333333337
          ]
        }
      ],
      [
        0.9961515218349188,
        {
          "sent_ind_in_marked_db": 58,
          "sent_vector": [
            0.0,
            0.07692307692307693,
            0.0,
            0.0,
            0.0,
            0.0,
            0.1666666666666667
          ]
        }
      ],
      [
        0.9919298347030798,
        {
          "sent_ind_in_marked_db": 71,
          "sent_vector": [
            0.0,
            0.14285714285714288,
            0.0,
            0.0,
            0.0,
            0.0,
            0.28
          ]
        }
      ],
      [
        0.9869813259731941,
        {
          "sent_ind_in_marked_db": 16,
          "sent_vector": [
            0.0,
            0.03703703703703704,
            0.0,
            0.0,
            0.0,
            0.0,
            0.2
          ]
        }
      ],
      [
        0.9707466647208705,
        {
          "sent_ind_in_marked_db": 73,
          "sent_vector": [
            0.05,
            0.05,
            0.0,
            0.0,
            0.0,
            0.0,
            0.31052631578947365
          ]
        }
      ]
    ],
    [
      [
        0.9939753209374559,
        {
          "sent_ind_in_marked_db": 60,