{
  "similar_texts": [
    [
      0.9861157235433602,
      {
        "TEXT_IND_in_marked_db": 60,
        "VECTOR": [
          0.5918,
          0.72,
          0.13,
          0.1230769230769231,
          0.0,
          0.0,
          0.051054401123667804,
          0.0,
          0.0,
          0.12894061924350456,
          0.17880170324502306
        ]
      }
    ],
    [
      0.9861157235433602,
      {
        "TEXT_IND_in_marked_db": 61,
        "VECTOR": [
          0.5918,
          0.72,
          0.13,
          0.1230769230769231,
          0.0,
          0.0,
          0.051054401123667804,
          0.0,
          0.0,
          0.12894061924350456,
          0.17880170324502306
        ]
      }
    ],
    [
      0.9861157235433602,
      {
        "TEXT_IND_in_marked_db": 62,
        "VECTOR": [
          0.5918,
          0.72,
          0.13,
          0.1230769230769231,
          0.0,
          0.0,
          0.051054401123667804,
          0.0,
          0.0,
          0.12894061924350456,
          0.17880170324502306
        ]
      }
    ],
    [
      0.9861157235433602,
      {
        "TEXT_IND_in_marked_db": 63,
        "VECTOR": [
          0.5918,
          0.72,
          0.13,
          0.1230769230769231,
          0.0,
          0.0,
          0.051054401123667804,
          0.0,
          0.0,
          0.12894061924350456,
          0.17880170324502306
        ]
      }
    ],
    [
      0.9822845082952227,
      {
        "TEXT_IND_in_marked_db": 64,
        "VECTOR": [
          0.5116,
          0.58,
          0.15,
          0.152,
          0.0,
          0.0,
          0.005104617940803969,
          0.019044894855121567,
          0.0,
          0.1174543328523203,
          0.207511902585432
        ]
      }
    ]
  ],
  "simiar_sentences": [
    [
      [
        0.9990443373283773,
        {
          "sent_ind_in_marked_db": 67,
          "sent_vector": [
            0.0,
            0.0,
            0.0,
            0.05809217057865184,
            0.0,
            0.3105428555942213,
            0.3133333333333333
          ]
        }
      ],
      [
        0.9914592998781073,
        {
          "sent_ind_in_marked_db": 6,
          "sent_vector": [
            0.0,
            0.0,
            0.0,
            0.09333862882325043,
            0.0,
            0.2370974861329268,
            0.208
          ]
        }
      ],
      [
        0.9900663641212106,
        {
          "sent_ind_in_marked_db": 64,
          "sent_vector": [
            0.0,
            0.0,
            0.0,
            0.09635191804789231,
            0.0,
            0.20731403997687672,
            0.21
          ]
        }
      ],
      [
        0.9797063670083963,
        {
          "sent_ind_in_marked_db": 3,
          "sent_vector": [
            0.0,
            0.0,
            0.0,
            0.0,
            0.0,
            0.17767437977742984,
            0.21904761904761907
          ]
        }
      ],
      [
        0.979568260916949,
        {
          "sent_ind_in_marked_db": 60,
          "sent_vector": [
            0.0,
            0.0,
            0.0,
            0.0,
            0.0,
            0.2005065396327602,
            0.16363636363636366
          ]
        }
      ]
    ],
    [
      [
        0.9995049678295677,
        {
          "sent_ind_in_marked_db": 31,
          "sent_vector": [
            0.0,
            0.0,
            0.0,
            0.0,
            0.0,
            0.12183800888898155,
            0.27142857142857146
          ]
        }
      ],
      [
        0.9990474870935269,
        {
          "sent_ind_in_marked_db": 22,
          "sent_vector": [
            0.0,
            0.0,
            0.0,
            0.0,
            0.0,
            0.07572391482994867,
            0.20952380952380958
          ]
        }
      ],
      [
        0.9957789962515897,
        {
          "sent_ind_in_marked_db": 4,
          "sent_vector": [
            0.0,
            0.0,
            0.0,
            0.0,
            0.0,
            0.10748019256397572,
            0.2052631578947369
          ]
        }
      ],
      [
        0.9915771528919106,
        {
          "sent_ind_in_marked_db": 70,
          "sent_vector": [
            0.0,
            0.0,
            0.0,
            0.0,
            0.0,
            0.06999109459395747,
            0.2625
          ]
        }
      ],
      [
        0.988745021203716,
        {
          "sent_ind_in_marked_db": 52,
          "sent_vector": [
            0.0,
            0.0,
            0.0,
            0.0,
            0.0,
            0.11705509415354222,
            0.195
          ]
        }
      ]
    ]
  ],
  "similar_collocations": [
    [
      "лентару",
      []
    ],
    [
      "побывать на",
      []
    ],
    [
      "репетиция группа",
      []
    ],
    [
      "glintshake",
      []
    ],
    [
      "перед",
      []
    ],
    [
      "они",
      [
        [
          {
            "marked_colloc_db_index": 179,
            "sim_colloc": "они",
            "w2v_sim": 1.0000000000000002,
            "freqence_similarity": 0.9999999999999998
          },
          1.0000000000000002
        ]
      ]
    ],
    [
      "московский",
      [
        [
          {
            "marked_colloc_db_index": 34,
            "sim_colloc": "петербургский",
            "w2v_sim": 0.844653577027549,
            "freqence_similarity": 0.9831441589143506
          },
          0.8723516934049094
        ],
        [
          {
            "marked_colloc_db_index": 59,
            "sim_colloc": "петербургский",
            "w2v_sim": 0.844653577027549,
            "freqence_similarity": 0.9831441589143506
          },
          0.8723516934049094
        ],
        [
          {
            "marked_colloc_db_index": 170,
            "sim_colloc": "московский консерватория",
            "w2v_sim": 0.8049810390897952,
            "freqence_similarity": 0.9987379393354103
          },
          0.8437324191389184
        ],
        [
          {
            "marked_colloc_db_index": 66,
            "sim_colloc": "петербургский комитет",
            "w2v_sim": 0.7310905669464942,
            "freqence_similarity": 0.9937222899365534
          },
          0.7836169115445061
        ],
        [
          {
            "marked_colloc_db_index": 44,
            "sim_colloc": "санктпетербургский государственный академический",
            "w2v_sim": 0.7086498914299564,
            "freqence_similarity": 0.9332144247500171
          },
          0.7535627980939686
        ]
      ]
    ],
    [
      "концерт 7 октябрь",
      []
    ],
    [
      "где они",
      []
    ],
    [
      "представлять",
      []
    ],
    [
      "свежий альб оэщ",
      []
    ],
    [
      "магзиу",
      []
    ],
    [
      "и",
      []
    ],
    [
      "обновлять",
      []
    ],
    [
      "русскоязычный программа",
      []
    ],
    [
      "основатель квартет",
      []
    ],
    [
      "женя",
      [
        [
          {
            "marked_colloc_db_index": 157,
            "sim_colloc": "муж",
            "w2v_sim": 0.6837398557003179,
            "freqence_similarity": 0.9666132610176786
          },
          0.7403145367637901
        ]
      ]
    ],
    [
      "горбунов",
      [
        [
          {
            "marked_colloc_db_index": 29,
            "sim_colloc": "илларионов",
            "w2v_sim": 0.7921194738802306,
            "freqence_similarity": 0.5953806420755272
          },
          0.7527717075192899
        ]
      ]
    ],
    [
      "и",
      []
    ],
    [
      "катя",
      []
    ],
    [
      "шилоносов",
      []
    ],
    [
      "рассказывать о",
      []
    ],
    [
      "перемена",
      []
    ],
    [
      "в",
      [
        [
          {
            "marked_colloc_db_index": 3,
            "sim_colloc": "в",