{
  "similar_texts": [
    [
      0.9748694834734823,
      {
        "TEXT_IND_in_marked_db": 0,
        "VECTOR": [
          0.6118,
          0.75,
          0.1,
          0.166,
          0.2,
          0.2,
          0.024266827607358692,
          0.030002295475404474,
          0.0,
          0.07131167644959037,
          0.191510992676087
        ]
      }
    ],
    [
      0.9748694834734823,
      {
        "TEXT_IND_in_marked_db": 1,
        "VECTOR": [
          0.6118,
          0.75,
          0.1,
          0.166,
          0.2,
          0.2,
          0.024266827607358692,
          0.030002295475404474,
          0.0,
          0.07131167644959037,
          0.191510992676087
        ]
      }
    ],
    [
      0.9748694834734823,
      {
        "TEXT_IND_in_marked_db": 2,
        "VECTOR": [
          0.6118,
          0.75,
          0.1,
          0.166,
          0.2,
          0.2,
          0.024266827607358692,
          0.030002295475404474,
          0.0,
          0.07131167644959037,
          0.191510992676087
        ]
      }
    ],
    [
      0.9735966273133305,
      {
        "TEXT_IND_in_marked_db": 26,
        "VECTOR": [
          0.6767000000000001,
          0.61,
          0.19,
          0.17210526315789473,
          0.0,
          0.3157894736842105,
          0.008111835003863827,
          0.021489611329159327,
          0.003031587540061533,
          0.20596039472119923,
          0.19377593297330145
        ]
      }
    ],
    [
      0.9735966273133305,
      {
        "TEXT_IND_in_marked_db": 27,
        "VECTOR": [
          0.6767000000000001,
          0.61,
          0.19,
          0.17210526315789473,
          0.0,
          0.3157894736842105,
          0.008111835003863827,
          0.021489611329159327,
          0.003031587540061533,
          0.20596039472119923,
          0.19377593297330145
        ]
      }
    ]
  ],
  "simiar_sentences": [
    [
      [
        0.9993483840740365,
        {
          "sent_ind_in_marked_db": 60,
          "sent_vector": [
            0.0,
            0.0,
            0.0,
            0.0,
            0.0,
            0.2005065396327602,
            0.16363636363636366
          ]
        }
      ],
      [
        0.9967700173523364,
        {
          "sent_ind_in_marked_db": 30,
          "sent_vector": [
            0.0,
            0.0,
            0.0,
            0.0,
            0.0,
            0.3410809193522841,
            0.2540540540540541
          ]
        }
      ],
      [
        0.9890626739589337,
        {
          "sent_ind_in_marked_db": 67,
          "sent_vector": [
            0.0,
            0.0,
            0.0,
            0.05809217057865184,
            0.0,
            0.3105428555942213,
            0.3133333333333333
          ]
        }
      ],
      [
        0.9858008671143255,
        {
          "sent_ind_in_marked_db": 3,
          "sent_vector": [
            0.0,
            0.0,
            0.0,
            0.0,
            0.0,
            0.17767437977742984,
            0.21904761904761907
          ]
        }
      ],
      [
        0.9712845816502651,
        {
          "sent_ind_in_marked_db": 18,
          "sent_vector": [
            0.0,
            0.0,
            0.0,
            0.0,
            0.0,
            0.25587955177537897,
            0.1333333333333333
          ]
        }
      ]
    ],
    [
      [
        0.9790129327722872,
        {
          "sent_ind_in_marked_db": 57,
          "sent_vector": [
            0.0,
            0.0,
            0.048209953424218514,
            0.048209953424218514,
            0.0,
            0.09641990684843703,
            0.20869565217391303
          ]
        }
      ],
      [
        0.9780173975404195,
        {
          "sent_ind_in_marked_db": 31,
          "sent_vector": [
            0.0,
            0.0,
            0.0,
            0.0,
            0.0,
            0.12183800888898155,
            0.27142857142857146
          ]
        }
      ],
      [
        0.9770109838489307,
        {
          "sent_ind_in_marked_db": 22,
          "sent_vector": [
            0.0,
            0.0,
            0.0,
            0.0,
            0.0,
            0.07572391482994867,
            0.20952380952380958
          ]
        }
      ],
      [
        0.9748746459350968,
        {
          "sent_ind_in_marked_db": 8,
          "sent_vector": [
            0.0,
            0.0,
            0.04857791214148391,
            0.037409512160146506,
            0.0,
            0.07481902432029298,
            0.2708333333333334
          ]
        }
      ],
      [
        0.9748213158346404,
        {
          "sent_ind_in_marked_db": 4,
          "sent_vector": [
            0.0,
            0.0,
            0.0,
            0.0,
            0.0,
            0.10748019256397572,
            0.2052631578947369
          ]
        }
      ]
    ],
    [
      [
        0.9902333678029566,
        {
          "sent_ind_in_marked_db": 70,
          "sent_vector": [
            0.0,
            0.0,
            0.0,
            0.0,
            0.0,
            0.06999109459395747,
            0.2625
          ]
        }
      ],
      [
        0.9900184650361888,
        {
          "sent_ind_in_marked_db": 80,
          "sent_vector": [
            0.0,
            0.0,
            0.0,
            0.0,
            0.0,
            0.07016190620602235,
            0.3266666666666666
          ]
        }
      ],
      [
        0.9852047566002905,
        {
          "sent_ind_in_marked_db": 8,
          "sent_vector": [
            0.0,
            0.0,
            0.04857791214148391,
            0.037409512160146506,
            0.0,
            0.07481902432029298,
            0.2708333333333334
          ]
        }
      ],
      [
        0.9848417843581612,
        {
          "sent_ind_in_marked_db": 22,
          "sent_vector": [
            0.0,
            0.0,
            0.0,
            0.0,
            0.0,
            0.07572391482994867,
            0.20952380952380958
          ]
        }
      ],
      [
        0.980338697465728,
        {
          "sent_ind_in_marked_db": 1,
          "sent_vector": [
            0.01851851851851852,
            0.0,
            0.02135345373297045,
            0.0,
            0.0,
            0.0427069074659409,
            0.34716981132075475
          ]
        }
      ]
    ],
    [
      [
        0.9819312934019069,
        {
          "sent_ind_in_marked_db": 34,
          "sent_vector": [
            0.0,
            0.0625,
            0.0,
            0.0,
            0.0,
            0.12352849463183722,
            0.2466666666666667
          ]
        }
      ],
      [
        0.9814999835242293,
        {
          "sent_ind_in_marked_db": 36,
          "sent_vector": [
            0.04347826086956521,
            0.08695652173913042,
            0.0,
            0.0,
            0.0,
            0.0756366674846283,
            0.19090909090909086
          ]
        }
      ],
      [
        0.9613030989281223,
        {
          "sent_ind_in_marked_db": 10,
          "sent_vector": [
            0.0,
            0.08333333333333331,
            0.046486008424756815,
            0.046486008424756815,
            0.0,
            0.14708013535877704,
            0.25217391304347836
          ]
        }
      ],
      [
        0.9539025543371684,
        {
          "sent_ind_in_marked_db": 33,
          "sent_vector": [
            0.02777777777777778,
            0.05555555555555556,
            0.06264408677936208,
            0.0,
            0.0,
            0.1314128277272019,
            0.32000000000000006
          ]
        }
      ],
      [
        0.9389377494235294,
        {
          "sent_ind_in_marked_db": 58,