{
  "similar_texts": [
    [
      0.993065262169061,
      {
        "TEXT_IND_in_marked_db": 60,
        "VECTOR": [
          0.5918,
          0.72,
          0.13,
          0.1230769230769231,
          0.0,
          0.0,
          0.051054401123667804,
          0.0,
          0.0,
          0.12894061924350456,
          0.17880170324502306
        ]
      }
    ],
    [
      0.993065262169061,
      {
        "TEXT_IND_in_marked_db": 61,
        "VECTOR": [
          0.5918,
          0.72,
          0.13,
          0.1230769230769231,
          0.0,
          0.0,
          0.051054401123667804,
          0.0,
          0.0,
          0.12894061924350456,
          0.17880170324502306
        ]
      }
    ],
    [
      0.993065262169061,
      {
        "TEXT_IND_in_marked_db": 62,
        "VECTOR": [
          0.5918,
          0.72,
          0.13,
          0.1230769230769231,
          0.0,
          0.0,
          0.051054401123667804,
          0.0,
          0.0,
          0.12894061924350456,
          0.17880170324502306
        ]
      }
    ],
    [
      0.993065262169061,
      {
        "TEXT_IND_in_marked_db": 63,
        "VECTOR": [
          0.5918,
          0.72,
          0.13,
          0.1230769230769231,
          0.0,
          0.0,
          0.051054401123667804,
          0.0,
          0.0,
          0.12894061924350456,
          0.17880170324502306
        ]
      }
    ],
    [
      0.9881241875163351,
      {
        "TEXT_IND_in_marked_db": 64,
        "VECTOR": [
          0.5116,
          0.58,
          0.15,
          0.152,
          0.0,
          0.0,
          0.005104617940803969,
          0.019044894855121567,
          0.0,
          0.1174543328523203,
          0.207511902585432
        ]
      }
    ]
  ],
  "simiar_sentences": [
    [
      [
        0.9999957376220977,
        {
          "sent_ind_in_marked_db": 63,
          "sent_vector": [
            0.0,
            0.0,
            0.11964332851541543,
            0.0,
            0.0,
            0.0,
            0.21052631578947367
          ]
        }
      ],
      [
        0.9999654404294442,
        {
          "sent_ind_in_marked_db": 59,
          "sent_vector": [
            0.0,
            0.0,
            0.14797647247112883,
            0.0,
            0.0,
            0.0,
            0.2571428571428572
          ]
        }
      ],
      [
        0.9977653356467945,
        {
          "sent_ind_in_marked_db": 45,
          "sent_vector": [
            0.0,
            0.0,
            0.12577529619173847,
            0.0,
            0.0,
            0.0,
            0.1916666666666667
          ]
        }
      ],
      [
        0.9976204911229026,
        {
          "sent_ind_in_marked_db": 41,
          "sent_vector": [
            0.0,
            0.0,
            0.08581381041631955,
            0.0,
            0.0,
            0.0,
            0.18000000000000002
          ]
        }
      ],
      [
        0.9906523163730959,
        {
          "sent_ind_in_marked_db": 61,
          "sent_vector": [
            0.0,
            0.0,
            0.07919492322075343,
            0.0,
            0.0,
            0.0,
            0.2
          ]
        }
      ]
    ],
    [
      [
        0.9845639010314567,
        {
          "sent_ind_in_marked_db": 53,
          "sent_vector": [
            0.0,
            0.047619047619047616,
            0.0,
            0.0640807416179989,
            0.0,
            0.3249517639466085,
            0.19
          ]
        }
      ],
      [
        0.972949695380381,
        {
          "sent_ind_in_marked_db": 29,
          "sent_vector": [
            0.0,
            0.0,
            0.0,
            0.0,
            0.0,
            0.35667902536280593,
            0.16000000000000003
          ]
        }
      ],
      [
        0.9729461202098916,
        {
          "sent_ind_in_marked_db": 25,
          "sent_vector": [
            0.0,
            0.0,
            0.0,
            0.0,
            0.0,
            0.33917020866118625,
            0.15000000000000002
          ]
        }
      ],
      [
        0.9711633889686295,
        {
          "sent_ind_in_marked_db": 18,
          "sent_vector": [
            0.0,
            0.0,
            0.0,
            0.0,
            0.0,
            0.25587955177537897,
            0.1333333333333333
          ]
        }
      ],
      [
        0.959713770549792,
        {
          "sent_ind_in_marked_db": 27,
          "sent_vector": [
            0.0,
            0.0,
            0.0,
            0.0,
            0.0,
            0.4803431538159436,
            0.125
          ]
        }
      ]
    ],
    [
      [
        1.0,
        {
          "sent_ind_in_marked_db": 0,
          "sent_vector": [
            0.0,
            0.0,
            0.0,
            0.0,
            0.0,
            0.0,
            0.20909090909090913
          ]
        }
      ],
      [
        1.0,
        {
          "sent_ind_in_marked_db": 9,
          "sent_vector": [
            0.0,
            0.0,
            0.0,
            0.0,
            0.0,
            0.0,
            0.22105263157894736
          ]
        }
      ],
      [
        1.0,
        {
          "sent_ind_in_marked_db": 17,
          "sent_vector": [
            0.0,
            0.0,
            0.0,
            0.0,
            0.0,
            0.0,
            0.2142857142857143
          ]
        }
      ],
      [
        1.0,
        {
          "sent_ind_in_marked_db": 21,
          "sent_vector": [
            0.0,
            0.0,
            0.0,
            0.0,
            0.0,
            0.0,
            0.1777777777777778
          ]
        }
      ],
      [
        1.0,
        {
          "sent_ind_in_marked_db": 23,
          "sent_vector": [
            0.0,
            0.0,
            0.0,
            0.0,
            0.0,
            0.0,
            0.22
          ]
        }
      ]
    ],
    [
      [
        0.9926930715625641,
        {
          "sent_ind_in_marked_db": 5,
          "sent_vector": [
            0.0,
            0.0,
            0.0,
            0.1258313320011656,
            0.0,
            0.0,
            0.25
          ]
        }
      ],
      [
        0.9896901761305457,
        {
          "sent_ind_in_marked_db": 20,
          "sent_vector": [
            0.0,
            0.0,
            0.0,
            0.13304593984340496,
            0.0,
            0.0,
            0.25
          ]
        }
      ],
      [
        0.9795976080569684,
        {
          "sent_ind_in_marked_db": 74,
          "sent_vector": [
            0.0,
            0.0,
            0.0,
            0.09426207629869852,
            0.0,
            0.0,
            0.1545454545454545
          ]
        }
      ],
      [
        0.9585965433070527,
        {
          "sent_ind_in_marked_db": 55,
          "sent_vector": [
            0.0,
            0.0,
            0.0572208024040625,
            0.1578167247370857,
            0.0,
            0.0,
            0.25
          ]
        }
      ],
      [
        0.9456420894146019,
        {
          "sent_ind_in_marked_db": 37,
          "sent_vector": [
            0.05,
            0.05,
            0.0,
            0.049301725984711366,
            0.0,
            0.0,
            0.21578947368421053
          ]
        }
      ]
    ],
    [
      [
        0.9247210965438752,
        {
          "sent_ind_in_marked_db": 57,
          "sent_vector": [
            0.0,
            0.0,
            0.048209953424218514,
            0.048209953424218514,
            0.0,
            0.09641990684843703,
            0.20869565217391303
          ]
        }
      ],
      [
        0.9167108103428466,
        {
          "sent_ind_in_marked_db": 75,