{
  "similar_texts": [
    [
      0.9725443045091073,
      {
        "TEXT_IND_in_marked_db": 60,
        "VECTOR": [
          0.5918,
          0.72,
          0.13,
          0.1230769230769231,
          0.0,
          0.0,
          0.051054401123667804,
          0.0,
          0.0,
          0.12894061924350456,
          0.17880170324502306
        ]
      }
    ],
    [
      0.9725443045091073,
      {
        "TEXT_IND_in_marked_db": 61,
        "VECTOR": [
          0.5918,
          0.72,
          0.13,
          0.1230769230769231,
          0.0,
          0.0,
          0.051054401123667804,
          0.0,
          0.0,
          0.12894061924350456,
          0.17880170324502306
        ]
      }
    ],
    [
      0.9725443045091073,
      {
        "TEXT_IND_in_marked_db": 62,
        "VECTOR": [
          0.5918,
          0.72,
          0.13,
          0.1230769230769231,
          0.0,
          0.0,
          0.051054401123667804,
          0.0,
          0.0,
          0.12894061924350456,
          0.17880170324502306
        ]
      }
    ],
    [
      0.9725443045091073,
      {
        "TEXT_IND_in_marked_db": 63,
        "VECTOR": [
          0.5918,
          0.72,
          0.13,
          0.1230769230769231,
          0.0,
          0.0,
          0.051054401123667804,
          0.0,
          0.0,
          0.12894061924350456,
          0.17880170324502306
        ]
      }
    ],
    [
      0.9715796490722556,
      {
        "TEXT_IND_in_marked_db": 64,
        "VECTOR": [
          0.5116,
          0.58,
          0.15,
          0.152,
          0.0,
          0.0,
          0.005104617940803969,
          0.019044894855121567,
          0.0,
          0.1174543328523203,
          0.207511902585432
        ]
      }
    ]
  ],
  "simiar_sentences": [
    [
      [
        0.9926777528521435,
        {
          "sent_ind_in_marked_db": 60,
          "sent_vector": [
            0.0,
            0.0,
            0.0,
            0.0,
            0.0,
            0.2005065396327602,
            0.16363636363636366
          ]
        }
      ],
      [
        0.9920859227967819,
        {
          "sent_ind_in_marked_db": 67,
          "sent_vector": [
            0.0,
            0.0,
            0.0,
            0.05809217057865184,
            0.0,
            0.3105428555942213,
            0.3133333333333333
          ]
        }
      ],
      [
        0.9906762675466683,
        {
          "sent_ind_in_marked_db": 30,
          "sent_vector": [
            0.0,
            0.0,
            0.0,
            0.0,
            0.0,
            0.3410809193522841,
            0.2540540540540541
          ]
        }
      ],
      [
        0.9766498633830756,
        {
          "sent_ind_in_marked_db": 3,
          "sent_vector": [
            0.0,
            0.0,
            0.0,
            0.0,
            0.0,
            0.17767437977742984,
            0.21904761904761907
          ]
        }
      ],
      [
        0.9758460858891185,
        {
          "sent_ind_in_marked_db": 6,
          "sent_vector": [
            0.0,
            0.0,
            0.0,
            0.09333862882325043,
            0.0,
            0.2370974861329268,
            0.208
          ]
        }
      ]
    ]
  ],
  "similar_collocations": [
    [
      "тайный желание",
      []
    ],
    [
      "шакира",
      []
    ],
    [
      "воплотиться",
      []
    ],
    [
      "в она",
      []
    ],
    [
      "новый клип",
      [
        [
          {
            "marked_colloc_db_index": 146,
            "sim_colloc": "новый альб",
            "w2v_sim": 0.7303294438749732,
            "freqence_similarity": 0.9976558420266924
          },
          0.7837947235053171
        ]
      ]
    ],
    [
      "deja",
      []
    ],
    [
      "vu",
      []
    ],
    [
      "страховой полис",
      []
    ],
    [
      "depeche mode",
      []
    ],
    [
      "на",
      [
        [
          {
            "marked_colloc_db_index": 82,
            "sim_colloc": "на",
            "w2v_sim": 1.0,
            "freqence_similarity": 1.0
          },
          1.0
        ],
        [
          {
            "marked_colloc_db_index": 168,
            "sim_colloc": "на",
            "w2v_sim": 1.0,
            "freqence_similarity": 1.0
          },
          1.0
        ],
        [
          {
            "marked_colloc_db_index": 175,
            "sim_colloc": "на",
            "w2v_sim": 1.0,
            "freqence_similarity": 1.0
          },
          1.0
        ],
        [
          {
            "marked_colloc_db_index": 183,
            "sim_colloc": "на",
            "w2v_sim": 1.0,
            "freqence_similarity": 1.0
          },
          1.0
        ],
        [
          {
            "marked_colloc_db_index": 203,
            "sim_colloc": "на",
            "w2v_sim": 1.0,
            "freqence_similarity": 1.0
          },
          1.0
        ]
      ]
    ],
    [
      "случай срыв российский",
      []
    ],
    [
      "концерт включение рэперо",
      [
        [
          {
            "marked_colloc_db_index": 180,
            "sim_colloc": "совместный концерт",
            "w2v_sim": 0.668307978352161,
            "freqence_similarity": 0.9999190921525489
          },
          0.7346302011122386
        ]
      ]
    ],
    [
      "тупак",
      []
    ],
    [
      "шакура",
      []
    ],
    [
      "в зал слава рокнролл",
      []
    ],
    [
      "фарш",
      []
    ],
    [
      "от",
      []
    ],
    [
      "obituary",
      []
    ],
    [
      "и",
      []
    ],
    [
      "самый главный концерт",
      []
    ],
    [
      "будущий неделя",
      []
    ],
    [
      "в",
      [
        [
          {
            "marked_colloc_db_index": 3,
            "sim_colloc": "в",
            "w2v_sim": 1.0000000000000004,
            "freqence_similarity": 1.0
          },
          1.0000000000000004
        ],
        [
          {
            "marked_colloc_db_index": 110,
            "sim_colloc": "в",
            "w2v_sim": 1.0000000000000004,
            "freqence_similarity": 1.0
          },
          1.0000000000000004
        ],
        [
          {
            "marked_colloc_db_index": 114,
            "sim_colloc": "в",
            "w2v_sim": 1.0000000000000004,
            "freqence_similarity": 1.0
          },
          1.0000000000000004
        ],
        [
          {
            "marked_colloc_db_index": 118,
            "sim_colloc": "в",
            "w2v_sim": 1.0000000000000004,
            "freqence_similarity": 1.0
          },
          1.0000000000000004
        ],
        [
          {
            "marked_colloc_db_index": 128,
            "sim_colloc": "в",
            "w2v_sim": 1.0000000000000004,
            "freqence_similarity": 1.0
          },
          1.0000000000000004
        ]
      ]
    ],
    [
      "видеообзор музыкальный новость",
      []
    ],
    [
      "лентыру",
      []
    ]
  ]
}