{
  "similar_texts": [
    [
      0.9743331327799812,
      {
        "TEXT_IND_in_marked_db": 0,
        "VECTOR": [
          0.6118,
          0.75,
          0.1,
          0.166,
          0.2,
          0.2,
          0.024266827607358692,
          0.030002295475404474,
          0.0,
          0.07131167644959037,
          0.191510992676087
        ]
      }
    ],
    [
      0.9743331327799812,
      {
        "TEXT_IND_in_marked_db": 1,
        "VECTOR": [
          0.6118,
          0.75,
          0.1,
          0.166,
          0.2,
          0.2,
          0.024266827607358692,
          0.030002295475404474,
          0.0,
          0.07131167644959037,
          0.191510992676087
        ]
      }
    ],
    [
      0.9743331327799812,
      {
        "TEXT_IND_in_marked_db": 2,
        "VECTOR": [
          0.6118,
          0.75,
          0.1,
          0.166,
          0.2,
          0.2,
          0.024266827607358692,
          0.030002295475404474,
          0.0,
          0.07131167644959037,
          0.191510992676087
        ]
      }
    ],
    [
      0.9691770893796307,
      {
        "TEXT_IND_in_marked_db": 41,
        "VECTOR": [
          0.4855,
          0.68,
          0.15,
          0.132,
          0.0,
          0.06666666666666667,
          0.04529319266823577,
          0.005753493789242912,
          0.006191330010150354,
          0.020607082160873102,
          0.18701819748878573
        ]
      }
    ],
    [
      0.9691770893796307,
      {
        "TEXT_IND_in_marked_db": 42,
        "VECTOR": [
          0.4855,
          0.68,
          0.15,
          0.132,
          0.0,
          0.06666666666666667,
          0.04529319266823577,
          0.005753493789242912,
          0.006191330010150354,
          0.020607082160873102,
          0.18701819748878573
        ]
      }
    ]
  ],
  "simiar_sentences": [
    [
      [
        1.0,
        {
          "sent_ind_in_marked_db": 0,
          "sent_vector": [
            0.0,
            0.0,
            0.0,
            0.0,
            0.0,
            0.0,
            0.20909090909090913
          ]
        }
      ],
      [
        1.0,
        {
          "sent_ind_in_marked_db": 9,
          "sent_vector": [
            0.0,
            0.0,
            0.0,
            0.0,
            0.0,
            0.0,
            0.22105263157894736
          ]
        }
      ],
      [
        1.0,
        {
          "sent_ind_in_marked_db": 17,
          "sent_vector": [
            0.0,
            0.0,
            0.0,
            0.0,
            0.0,
            0.0,
            0.2142857142857143
          ]
        }
      ],
      [
        1.0,
        {
          "sent_ind_in_marked_db": 21,
          "sent_vector": [
            0.0,
            0.0,
            0.0,
            0.0,
            0.0,
            0.0,
            0.1777777777777778
          ]
        }
      ],
      [
        1.0,
        {
          "sent_ind_in_marked_db": 23,
          "sent_vector": [
            0.0,
            0.0,
            0.0,
            0.0,
            0.0,
            0.0,
            0.22
          ]
        }
      ]
    ],
    [
      [
        0.9985675059501026,
        {
          "sent_ind_in_marked_db": 32,
          "sent_vector": [
            0.0,
            0.07692307692307693,
            0.0,
            0.0,
            0.0,
            0.0,
            0.20833333333333337
          ]
        }
      ],
      [
        0.993156257224771,
        {
          "sent_ind_in_marked_db": 16,
          "sent_vector": [
            0.0,
            0.03703703703703704,
            0.0,
            0.0,
            0.0,
            0.0,
            0.2
          ]
        }
      ],
      [
        0.9912694735246628,
        {
          "sent_ind_in_marked_db": 58,
          "sent_vector": [
            0.0,
            0.07692307692307693,
            0.0,
            0.0,
            0.0,
            0.0,
            0.1666666666666667
          ]
        }
      ],
      [
        0.9853117310261489,
        {
          "sent_ind_in_marked_db": 71,
          "sent_vector": [
            0.0,
            0.14285714285714288,
            0.0,
            0.0,
            0.0,
            0.0,
            0.28
          ]
        }
      ],
      [
        0.9778638335649166,
        {
          "sent_ind_in_marked_db": 73,
          "sent_vector": [
            0.05,
            0.05,
            0.0,
            0.0,
            0.0,
            0.0,
            0.31052631578947365
          ]
        }
      ]
    ],
    [
      [
        0.9732200112775229,
        {
          "sent_ind_in_marked_db": 10,
          "sent_vector": [
            0.0,
            0.08333333333333331,
            0.046486008424756815,
            0.046486008424756815,
            0.0,
            0.14708013535877704,
            0.25217391304347836
          ]
        }
      ],
      [
        0.9709480017000085,
        {
          "sent_ind_in_marked_db": 24,
          "sent_vector": [
            0.0,
            0.0,
            0.05824359566409644,
            0.0,
            0.0,
            0.11648719132819288,
            0.1823529411764706
          ]
        }
      ],
      [
        0.9656632808448821,
        {
          "sent_ind_in_marked_db": 15,
          "sent_vector": [
            0.0,
            0.05555555555555556,
            0.13381846042771664,
            0.0,
            0.0,
            0.11464204212262835,
            0.17058823529411762
          ]
        }
      ],
      [
        0.9628062735758446,
        {
          "sent_ind_in_marked_db": 19,
          "sent_vector": [
            0.0,
            0.0,
            0.07720533817618477,
            0.0,
            0.0,
            0.10486006238404527,
            0.2066666666666667
          ]
        }
      ],
      [
        0.9615393122691624,
        {
          "sent_ind_in_marked_db": 33,
          "sent_vector": [
            0.02777777777777778,
            0.05555555555555556,
            0.06264408677936208,
            0.0,
            0.0,
            0.1314128277272019,
            0.32000000000000006
          ]
        }
      ]
    ],
    [
      [
        0.9968101709266001,
        {
          "sent_ind_in_marked_db": 25,
          "sent_vector": [
            0.0,
            0.0,
            0.0,
            0.0,
            0.0,
            0.33917020866118625,
            0.15000000000000002
          ]
        }
      ],
      [
        0.996646665635002,
        {
          "sent_ind_in_marked_db": 27,
          "sent_vector": [
            0.0,
            0.0,
            0.0,
            0.0,
            0.0,
            0.4803431538159436,
            0.125
          ]
        }
      ],
      [
        0.9963749421851035,
        {
          "sent_ind_in_marked_db": 29,
          "sent_vector": [
            0.0,
            0.0,
            0.0,
            0.0,
            0.0,
            0.35667902536280593,
            0.16000000000000003
          ]
        }
      ],
      [
        0.989669032578754,
        {
          "sent_ind_in_marked_db": 18,
          "sent_vector": [
            0.0,
            0.0,
            0.0,
            0.0,
            0.0,
            0.25587955177537897,
            0.1333333333333333
          ]
        }
      ],
      [
        0.9759818678238585,
        {
          "sent_ind_in_marked_db": 46,
          "sent_vector": [
            0.0,
            0.125,
            0.0,
            0.0,
            0.0,
            0.7640228066890438,
            0.14285714285714288
          ]
        }
      ]
    ],
    [
      [
        0.9999852247423715,
        {
          "sent_ind_in_marked_db": 31,