{
  "similar_texts": [
    [
      0.9617136313155498,
      {
        "TEXT_IND_in_marked_db": 0,
        "VECTOR": [
          0.6118,
          0.75,
          0.1,
          0.166,
          0.2,
          0.2,
          0.024266827607358692,
          0.030002295475404474,
          0.0,
          0.07131167644959037,
          0.191510992676087
        ]
      }
    ],
    [
      0.9617136313155498,
      {
        "TEXT_IND_in_marked_db": 1,
        "VECTOR": [
          0.6118,
          0.75,
          0.1,
          0.166,
          0.2,
          0.2,
          0.024266827607358692,
          0.030002295475404474,
          0.0,
          0.07131167644959037,
          0.191510992676087
        ]
      }
    ],
    [
      0.9617136313155498,
      {
        "TEXT_IND_in_marked_db": 2,
        "VECTOR": [
          0.6118,
          0.75,
          0.1,
          0.166,
          0.2,
          0.2,
          0.024266827607358692,
          0.030002295475404474,
          0.0,
          0.07131167644959037,
          0.191510992676087
        ]
      }
    ],
    [
      0.9587841042707617,
      {
        "TEXT_IND_in_marked_db": 41,
        "VECTOR": [
          0.4855,
          0.68,
          0.15,
          0.132,
          0.0,
          0.06666666666666667,
          0.04529319266823577,
          0.005753493789242912,
          0.006191330010150354,
          0.020607082160873102,
          0.18701819748878573
        ]
      }
    ],
    [
      0.9587841042707617,
      {
        "TEXT_IND_in_marked_db": 42,
        "VECTOR": [
          0.4855,
          0.68,
          0.15,
          0.132,
          0.0,
          0.06666666666666667,
          0.04529319266823577,
          0.005753493789242912,
          0.006191330010150354,
          0.020607082160873102,
          0.18701819748878573
        ]
      }
    ]
  ],
  "simiar_sentences": [
    [
      [
        0.9806719560517139,
        {
          "sent_ind_in_marked_db": 10,
          "sent_vector": [
            0.0,
            0.08333333333333331,
            0.046486008424756815,
            0.046486008424756815,
            0.0,
            0.14708013535877704,
            0.25217391304347836
          ]
        }
      ],
      [
        0.9790012330231839,
        {
          "sent_ind_in_marked_db": 34,
          "sent_vector": [
            0.0,
            0.0625,
            0.0,
            0.0,
            0.0,
            0.12352849463183722,
            0.2466666666666667
          ]
        }
      ],
      [
        0.9783389451957621,
        {
          "sent_ind_in_marked_db": 2,
          "sent_vector": [
            0.034482758620689655,
            0.034482758620689655,
            0.0,
            0.06348354427589614,
            0.0,
            0.1437595162263608,
            0.2178571428571429
          ]
        }
      ],
      [
        0.9770024606692936,
        {
          "sent_ind_in_marked_db": 26,
          "sent_vector": [
            0.0,
            0.034482758620689655,
            0.0416805914980162,
            0.0782439717624426,
            0.0,
            0.0833611829960324,
            0.2321428571428572
          ]
        }
      ],
      [
        0.9700166690908628,
        {
          "sent_ind_in_marked_db": 49,
          "sent_vector": [
            0.05882352941176471,
            0.029411764705882356,
            0.0,
            0.03088781226689574,
            0.0,
            0.11939724144123848,
            0.3242424242424243
          ]
        }
      ]
    ],
    [
      [
        0.9763940826181047,
        {
          "sent_ind_in_marked_db": 0,
          "sent_vector": [
            0.0,
            0.0,
            0.0,
            0.0,
            0.0,
            0.0,
            0.20909090909090913
          ]
        }
      ],
      [
        0.9763940826181047,
        {
          "sent_ind_in_marked_db": 9,
          "sent_vector": [
            0.0,
            0.0,
            0.0,
            0.0,
            0.0,
            0.0,
            0.22105263157894736
          ]
        }
      ],
      [
        0.9763940826181047,
        {
          "sent_ind_in_marked_db": 17,
          "sent_vector": [
            0.0,
            0.0,
            0.0,
            0.0,
            0.0,
            0.0,
            0.2142857142857143
          ]
        }
      ],
      [
        0.9763940826181047,
        {
          "sent_ind_in_marked_db": 21,
          "sent_vector": [
            0.0,
            0.0,
            0.0,
            0.0,
            0.0,
            0.0,
            0.1777777777777778
          ]
        }
      ],
      [
        0.9763940826181047,
        {
          "sent_ind_in_marked_db": 23,
          "sent_vector": [
            0.0,
            0.0,
            0.0,
            0.0,
            0.0,
            0.0,
            0.22
          ]
        }
      ]
    ],
    [
      [
        0.9718801481120143,
        {
          "sent_ind_in_marked_db": 74,
          "sent_vector": [
            0.0,
            0.0,
            0.0,
            0.09426207629869852,
            0.0,
            0.0,
            0.1545454545454545
          ]
        }
      ],
      [
        0.957620572590071,
        {
          "sent_ind_in_marked_db": 55,
          "sent_vector": [
            0.0,
            0.0,
            0.0572208024040625,
            0.1578167247370857,
            0.0,
            0.0,
            0.25
          ]
        }
      ],
      [
        0.9564127837829203,
        {
          "sent_ind_in_marked_db": 20,
          "sent_vector": [
            0.0,
            0.0,
            0.0,
            0.13304593984340496,
            0.0,
            0.0,
            0.25
          ]
        }
      ],
      [
        0.9495200784538735,
        {
          "sent_ind_in_marked_db": 5,
          "sent_vector": [
            0.0,
            0.0,
            0.0,
            0.1258313320011656,
            0.0,
            0.0,
            0.25
          ]
        }
      ],
      [
        0.8650820705436431,
        {
          "sent_ind_in_marked_db": 43,
          "sent_vector": [
            0.0,
            0.0,
            0.0753396136897156,
            0.0753396136897156,
            0.0,
            0.0,
            0.1666666666666667
          ]
        }
      ]
    ]
  ],
  "similar_collocations": [
    [
      "американский певец и",
      []
    ],
    [
      "продюсер",
      []
    ],
    [
      "бруно марс",
      []
    ],
    [
      "выпускать клип на песня",
      []
    ],
    [
      "24k",
      []
    ],
    [
      "magic",
      []
    ],
    [
      "и",
      []
    ],
    [
      "анонсировать выход",
      [
        [
          {
            "marked_colloc_db_index": 152,
            "sim_colloc": "выход",
            "w2v_sim": 0.7698788941096576,
            "freqence_similarity": 0.998534324673062
          },
          0.8156099802223385
        ]
      ]
    ],
    [
      "одноименный",
      []
    ],
    [
      "альбом релиз который намечать",
      []
    ],
    [
      "на 18",
      []
    ],
    [
      "ноябрь",
      [
        [
          {
            "marked_colloc_db_index": 49,
            "sim_colloc": "сентябрь",
            "w2v_sim": 0.979731528089482,
            "freqence_similarity": 0.9988655887220236
          },
          0.9835583402159904
        ],
        [
          {
            "marked_colloc_db_index": 174,
            "sim_colloc": "апрель 2014 год",
            "w2v_sim": 0.7288819930345138,
            "freqence_similarity": 0.9855572107259757
          },
          0.7802170365728063
        ]
      ]
    ],
    [
      "30летний марс обладатель",
      []
    ],
    [
      "четыре",
      [
        [
          {
            "marked_colloc_db_index": 197,
            "sim_colloc": "восемь",
            "w2v_sim": 0.901969158646315,