{
  "similar_texts": [
    [
      0.9694994023949101,
      {
        "TEXT_IND_in_marked_db": 26,
        "VECTOR": [
          0.6767000000000001,
          0.61,
          0.19,
          0.17210526315789473,
          0.0,
          0.3157894736842105,
          0.008111835003863827,
          0.021489611329159327,
          0.003031587540061533,
          0.20596039472119923,
          0.19377593297330145
        ]
      }
    ],
    [
      0.9694994023949101,
      {
        "TEXT_IND_in_marked_db": 27,
        "VECTOR": [
          0.6767000000000001,
          0.61,
          0.19,
          0.17210526315789473,
          0.0,
          0.3157894736842105,
          0.008111835003863827,
          0.021489611329159327,
          0.003031587540061533,
          0.20596039472119923,
          0.19377593297330145
        ]
      }
    ],
    [
      0.9694994023949101,
      {
        "TEXT_IND_in_marked_db": 28,
        "VECTOR": [
          0.6767000000000001,
          0.61,
          0.19,
          0.17210526315789473,
          0.0,
          0.3157894736842105,
          0.008111835003863827,
          0.021489611329159327,
          0.003031587540061533,
          0.20596039472119923,
          0.19377593297330145
        ]
      }
    ],
    [
      0.9694994023949101,
      {
        "TEXT_IND_in_marked_db": 29,
        "VECTOR": [
          0.6767000000000001,
          0.61,
          0.19,
          0.17210526315789473,
          0.0,
          0.3157894736842105,
          0.008111835003863827,
          0.021489611329159327,
          0.003031587540061533,
          0.20596039472119923,
          0.19377593297330145
        ]
      }
    ],
    [
      0.9694994023949101,
      {
        "TEXT_IND_in_marked_db": 30,
        "VECTOR": [
          0.6767000000000001,
          0.61,
          0.19,
          0.17210526315789473,
          0.0,
          0.3157894736842105,
          0.008111835003863827,
          0.021489611329159327,
          0.003031587540061533,
          0.20596039472119923,
          0.19377593297330145
        ]
      }
    ]
  ],
  "simiar_sentences": [
    [
      [
        0.9880857691821188,
        {
          "sent_ind_in_marked_db": 68,
          "sent_vector": [
            0.0,
            0.04166666666666666,
            0.0,
            0.0,
            0.0,
            0.18314321740571865,
            0.25217391304347836
          ]
        }
      ],
      [
        0.987611481078118,
        {
          "sent_ind_in_marked_db": 2,
          "sent_vector": [
            0.034482758620689655,
            0.034482758620689655,
            0.0,
            0.06348354427589614,
            0.0,
            0.1437595162263608,
            0.2178571428571429
          ]
        }
      ],
      [
        0.9818666972511123,
        {
          "sent_ind_in_marked_db": 52,
          "sent_vector": [
            0.0,
            0.0,
            0.0,
            0.0,
            0.0,
            0.11705509415354222,
            0.195
          ]
        }
      ],
      [
        0.9791218287297767,
        {
          "sent_ind_in_marked_db": 34,
          "sent_vector": [
            0.0,
            0.0625,
            0.0,
            0.0,
            0.0,
            0.12352849463183722,
            0.2466666666666667
          ]
        }
      ],
      [
        0.9784168573293999,
        {
          "sent_ind_in_marked_db": 4,
          "sent_vector": [
            0.0,
            0.0,
            0.0,
            0.0,
            0.0,
            0.10748019256397572,
            0.2052631578947369
          ]
        }
      ]
    ],
    [
      [
        0.9930568296515675,
        {
          "sent_ind_in_marked_db": 31,
          "sent_vector": [
            0.0,
            0.0,
            0.0,
            0.0,
            0.0,
            0.12183800888898155,
            0.27142857142857146
          ]
        }
      ],
      [
        0.9916344669245284,
        {
          "sent_ind_in_marked_db": 22,
          "sent_vector": [
            0.0,
            0.0,
            0.0,
            0.0,
            0.0,
            0.07572391482994867,
            0.20952380952380958
          ]
        }
      ],
      [
        0.9901339666273683,
        {
          "sent_ind_in_marked_db": 4,
          "sent_vector": [
            0.0,
            0.0,
            0.0,
            0.0,
            0.0,
            0.10748019256397572,
            0.2052631578947369
          ]
        }
      ],
      [
        0.9838936231149166,
        {
          "sent_ind_in_marked_db": 52,
          "sent_vector": [
            0.0,
            0.0,
            0.0,
            0.0,
            0.0,
            0.11705509415354222,
            0.195
          ]
        }
      ],
      [
        0.9831083366604245,
        {
          "sent_ind_in_marked_db": 70,
          "sent_vector": [
            0.0,
            0.0,
            0.0,
            0.0,
            0.0,
            0.06999109459395747,
            0.2625
          ]
        }
      ]
    ]
  ],
  "similar_collocations": [
    [
      "департамент транспорт",
      []
    ],
    [
      "москва и",
      []
    ],
    [
      "московский метрополитен",
      [
        [
          {
            "marked_colloc_db_index": 170,
            "sim_colloc": "московский консерватория",
            "w2v_sim": 0.7593633198652348,
            "freqence_similarity": 0.9991377881953762
          },
          0.8073182135312631
        ],
        [
          {
            "marked_colloc_db_index": 34,
            "sim_colloc": "петербургский",
            "w2v_sim": 0.7188671597108138,
            "freqence_similarity": 0.9847004908139232
          },
          0.7720338259314358
        ],
        [
          {
            "marked_colloc_db_index": 59,
            "sim_colloc": "петербургский",
            "w2v_sim": 0.7188671597108138,
            "freqence_similarity": 0.9847004908139232
          },
          0.7720338259314358
        ],
        [
          {
            "marked_colloc_db_index": 66,
            "sim_colloc": "петербургский комитет",
            "w2v_sim": 0.6721039643368318,
            "freqence_similarity": 0.9927093632795558
          },
          0.7362250441253767
        ]
      ]
    ],
    [
      "решать",
      [
        [
          {
            "marked_colloc_db_index": 69,
            "sim_colloc": "решать",
            "w2v_sim": 1.0,
            "freqence_similarity": 1.0
          },
          1.0
        ]
      ]
    ],
    [
      "легализовать",
      []
    ],
    [
      "уличный музыкант",
      []
    ],
    [
      "в метро",
      []
    ],
    [
      "по итог",
      []
    ],
    [
      "прослушивание",
      []
    ],
    [
      "в который принимать участие",
      []
    ],
    [
      "116",
      []
    ],
    [
      "коллектив быть",
      []
    ],
    [
      "выдавать",
      [
        [
          {
            "marked_colloc_db_index": 106,
            "sim_colloc": "получать",
            "w2v_sim": 0.7686716305378613,
            "freqence_similarity": 0.8577115511633743
          },
          0.7864796146629639
        ],
        [
          {
            "marked_colloc_db_index": 202,
            "sim_colloc": "переводить",
            "w2v_sim": 0.6566206920902957,