{
  "similar_texts": [
    [
      0.9890699996065899,
      {
        "TEXT_IND_in_marked_db": 21,
        "VECTOR": [
          0.5099,
          0.76,
          0.12,
          0.15083333333333335,
          0.08333333333333331,
          0.0,
          0.023731345819468664,
          0.0,
          0.0,
          0.04761229877898497,
          0.20515436088965497
        ]
      }
    ],
    [
      0.9890699996065899,
      {
        "TEXT_IND_in_marked_db": 22,
        "VECTOR": [
          0.5099,
          0.76,
          0.12,
          0.15083333333333335,
          0.08333333333333331,
          0.0,
          0.023731345819468664,
          0.0,
          0.0,
          0.04761229877898497,
          0.20515436088965497
        ]
      }
    ],
    [
      0.9890699996065899,
      {
        "TEXT_IND_in_marked_db": 23,
        "VECTOR": [
          0.5099,
          0.76,
          0.12,
          0.15083333333333335,
          0.08333333333333331,
          0.0,
          0.023731345819468664,
          0.0,
          0.0,
          0.04761229877898497,
          0.20515436088965497
        ]
      }
    ],
    [
      0.9890699996065899,
      {
        "TEXT_IND_in_marked_db": 24,
        "VECTOR": [
          0.5099,
          0.76,
          0.12,
          0.15083333333333335,
          0.08333333333333331,
          0.0,
          0.023731345819468664,
          0.0,
          0.0,
          0.04761229877898497,
          0.20515436088965497
        ]
      }
    ],
    [
      0.9890699996065899,
      {
        "TEXT_IND_in_marked_db": 25,
        "VECTOR": [
          0.5099,
          0.76,
          0.12,
          0.15083333333333335,
          0.08333333333333331,
          0.0,
          0.023731345819468664,
          0.0,
          0.0,
          0.04761229877898497,
          0.20515436088965497
        ]
      }
    ]
  ],
  "simiar_sentences": [
    [
      [
        1.0,
        {
          "sent_ind_in_marked_db": 0,
          "sent_vector": [
            0.0,
            0.0,
            0.0,
            0.0,
            0.0,
            0.0,
            0.20909090909090913
          ]
        }
      ],
      [
        1.0,
        {
          "sent_ind_in_marked_db": 9,
          "sent_vector": [
            0.0,
            0.0,
            0.0,
            0.0,
            0.0,
            0.0,
            0.22105263157894736
          ]
        }
      ],
      [
        1.0,
        {
          "sent_ind_in_marked_db": 17,
          "sent_vector": [
            0.0,
            0.0,
            0.0,
            0.0,
            0.0,
            0.0,
            0.2142857142857143
          ]
        }
      ],
      [
        1.0,
        {
          "sent_ind_in_marked_db": 21,
          "sent_vector": [
            0.0,
            0.0,
            0.0,
            0.0,
            0.0,
            0.0,
            0.1777777777777778
          ]
        }
      ],
      [
        1.0,
        {
          "sent_ind_in_marked_db": 23,
          "sent_vector": [
            0.0,
            0.0,
            0.0,
            0.0,
            0.0,
            0.0,
            0.22
          ]
        }
      ]
    ],
    [
      [
        0.9993500785756264,
        {
          "sent_ind_in_marked_db": 3,
          "sent_vector": [
            0.0,
            0.0,
            0.0,
            0.0,
            0.0,
            0.17767437977742984,
            0.21904761904761907
          ]
        }
      ],
      [
        0.9894500333771853,
        {
          "sent_ind_in_marked_db": 67,
          "sent_vector": [
            0.0,
            0.0,
            0.0,
            0.05809217057865184,
            0.0,
            0.3105428555942213,
            0.3133333333333333
          ]
        }
      ],
      [
        0.9872221526710496,
        {
          "sent_ind_in_marked_db": 68,
          "sent_vector": [
            0.0,
            0.04166666666666666,
            0.0,
            0.0,
            0.0,
            0.18314321740571865,
            0.25217391304347836
          ]
        }
      ],
      [
        0.9857929777308752,
        {
          "sent_ind_in_marked_db": 60,
          "sent_vector": [
            0.0,
            0.0,
            0.0,
            0.0,
            0.0,
            0.2005065396327602,
            0.16363636363636366
          ]
        }
      ],
      [
        0.9843914712069153,
        {
          "sent_ind_in_marked_db": 52,
          "sent_vector": [
            0.0,
            0.0,
            0.0,
            0.0,
            0.0,
            0.11705509415354222,
            0.195
          ]
        }
      ]
    ],
    [
      [
        0.9997692899184045,
        {
          "sent_ind_in_marked_db": 52,
          "sent_vector": [
            0.0,
            0.0,
            0.0,
            0.0,
            0.0,
            0.11705509415354222,
            0.195
          ]
        }
      ],
      [
        0.9993236769349733,
        {
          "sent_ind_in_marked_db": 4,
          "sent_vector": [
            0.0,
            0.0,
            0.0,
            0.0,
            0.0,
            0.10748019256397572,
            0.2052631578947369
          ]
        }
      ],
      [
        0.9952772189454265,
        {
          "sent_ind_in_marked_db": 31,
          "sent_vector": [
            0.0,
            0.0,
            0.0,
            0.0,
            0.0,
            0.12183800888898155,
            0.27142857142857146
          ]
        }
      ],
      [
        0.9868517859863657,
        {
          "sent_ind_in_marked_db": 3,
          "sent_vector": [
            0.0,
            0.0,
            0.0,
            0.0,
            0.0,
            0.17767437977742984,
            0.21904761904761907
          ]
        }
      ],
      [
        0.9853005157890503,
        {
          "sent_ind_in_marked_db": 68,
          "sent_vector": [
            0.0,
            0.04166666666666666,
            0.0,
            0.0,
            0.0,
            0.18314321740571865,
            0.25217391304347836
          ]
        }
      ]
    ]
  ],
  "similar_collocations": [
    [
      "в",
      [
        [
          {
            "marked_colloc_db_index": 3,
            "sim_colloc": "в",
            "w2v_sim": 1.0000000000000004,
            "freqence_similarity": 1.0
          },
          1.0000000000000004
        ],
        [
          {
            "marked_colloc_db_index": 110,
            "sim_colloc": "в",
            "w2v_sim": 1.0000000000000004,
            "freqence_similarity": 1.0
          },
          1.0000000000000004
        ],
        [
          {
            "marked_colloc_db_index": 114,
            "sim_colloc": "в",
            "w2v_sim": 1.0000000000000004,
            "freqence_similarity": 1.0
          },
          1.0000000000000004
        ],
        [
          {
            "marked_colloc_db_index": 118,
            "sim_colloc": "в",
            "w2v_sim": 1.0000000000000004,
            "freqence_similarity": 1.0
          },
          1.0000000000000004
        ],
        [
          {
            "marked_colloc_db_index": 128,
            "sim_colloc": "в",
            "w2v_sim": 1.0000000000000004,
            "freqence_similarity": 1.0
          },
          1.0000000000000004
        ]
      ]
    ],
    [
      "холл",
      [
        [
          {
            "marked_colloc_db_index": 345,
            "sim_colloc": "зал",
            "w2v_sim": 0.6903371576821751,
            "freqence_similarity": 0.9931298493618317
          },
          0.7508956960181065
        ]
      ]
    ],
    [
      "московский концертный зал крокус",
      []
    ],
    [
      "сити",
      []
    ],
    [
      "холл 17 июнь",
      []
    ],
    [
      "проходить",
      [
        [
          {
            "marked_colloc_db_index": 70,
            "sim_colloc": "проводить",