{
  "similar_texts": [
    [
      0.9814488753875859,
      {
        "TEXT_IND_in_marked_db": 60,
        "VECTOR": [
          0.5918,
          0.72,
          0.13,
          0.1230769230769231,
          0.0,
          0.0,
          0.051054401123667804,
          0.0,
          0.0,
          0.12894061924350456,
          0.17880170324502306
        ]
      }
    ],
    [
      0.9814488753875859,
      {
        "TEXT_IND_in_marked_db": 61,
        "VECTOR": [
          0.5918,
          0.72,
          0.13,
          0.1230769230769231,
          0.0,
          0.0,
          0.051054401123667804,
          0.0,
          0.0,
          0.12894061924350456,
          0.17880170324502306
        ]
      }
    ],
    [
      0.9814488753875859,
      {
        "TEXT_IND_in_marked_db": 62,
        "VECTOR": [
          0.5918,
          0.72,
          0.13,
          0.1230769230769231,
          0.0,
          0.0,
          0.051054401123667804,
          0.0,
          0.0,
          0.12894061924350456,
          0.17880170324502306
        ]
      }
    ],
    [
      0.9814488753875859,
      {
        "TEXT_IND_in_marked_db": 63,
        "VECTOR": [
          0.5918,
          0.72,
          0.13,
          0.1230769230769231,
          0.0,
          0.0,
          0.051054401123667804,
          0.0,
          0.0,
          0.12894061924350456,
          0.17880170324502306
        ]
      }
    ],
    [
      0.9814405030250636,
      {
        "TEXT_IND_in_marked_db": 21,
        "VECTOR": [
          0.5099,
          0.76,
          0.12,
          0.15083333333333335,
          0.08333333333333331,
          0.0,
          0.023731345819468664,
          0.0,
          0.0,
          0.04761229877898497,
          0.20515436088965497
        ]
      }
    ]
  ],
  "simiar_sentences": [
    [
      [
        0.9801758291143203,
        {
          "sent_ind_in_marked_db": 60,
          "sent_vector": [
            0.0,
            0.0,
            0.0,
            0.0,
            0.0,
            0.2005065396327602,
            0.16363636363636366
          ]
        }
      ],
      [
        0.9784944525922633,
        {
          "sent_ind_in_marked_db": 3,
          "sent_vector": [
            0.0,
            0.0,
            0.0,
            0.0,
            0.0,
            0.17767437977742984,
            0.21904761904761907
          ]
        }
      ],
      [
        0.9770881607270685,
        {
          "sent_ind_in_marked_db": 76,
          "sent_vector": [
            0.047619047619047616,
            0.0,
            0.05801061408677441,
            0.0,
            0.05272854512627896,
            0.24164970352541754,
            0.22
          ]
        }
      ],
      [
        0.9760383641325461,
        {
          "sent_ind_in_marked_db": 67,
          "sent_vector": [
            0.0,
            0.0,
            0.0,
            0.05809217057865184,
            0.0,
            0.3105428555942213,
            0.3133333333333333
          ]
        }
      ],
      [
        0.9751202192020649,
        {
          "sent_ind_in_marked_db": 30,
          "sent_vector": [
            0.0,
            0.0,
            0.0,
            0.0,
            0.0,
            0.3410809193522841,
            0.2540540540540541
          ]
        }
      ]
    ],
    [
      [
        0.9971683525235254,
        {
          "sent_ind_in_marked_db": 60,
          "sent_vector": [
            0.0,
            0.0,
            0.0,
            0.0,
            0.0,
            0.2005065396327602,
            0.16363636363636366
          ]
        }
      ],
      [
        0.9928605056136321,
        {
          "sent_ind_in_marked_db": 30,
          "sent_vector": [
            0.0,
            0.0,
            0.0,
            0.0,
            0.0,
            0.3410809193522841,
            0.2540540540540541
          ]
        }
      ],
      [
        0.9916204493602794,
        {
          "sent_ind_in_marked_db": 3,
          "sent_vector": [
            0.0,
            0.0,
            0.0,
            0.0,
            0.0,
            0.17767437977742984,
            0.21904761904761907
          ]
        }
      ],
      [
        0.9909916040886382,
        {
          "sent_ind_in_marked_db": 67,
          "sent_vector": [
            0.0,
            0.0,
            0.0,
            0.05809217057865184,
            0.0,
            0.3105428555942213,
            0.3133333333333333
          ]
        }
      ],
      [
        0.9746484617838281,
        {
          "sent_ind_in_marked_db": 68,
          "sent_vector": [
            0.0,
            0.04166666666666666,
            0.0,
            0.0,
            0.0,
            0.18314321740571865,
            0.25217391304347836
          ]
        }
      ]
    ],
    [
      [
        0.9995657656671443,
        {
          "sent_ind_in_marked_db": 30,
          "sent_vector": [
            0.0,
            0.0,
            0.0,
            0.0,
            0.0,
            0.3410809193522841,
            0.2540540540540541
          ]
        }
      ],
      [
        0.9972806581136973,
        {
          "sent_ind_in_marked_db": 60,
          "sent_vector": [
            0.0,
            0.0,
            0.0,
            0.0,
            0.0,
            0.2005065396327602,
            0.16363636363636366
          ]
        }
      ],
      [
        0.9915154080192635,
        {
          "sent_ind_in_marked_db": 18,
          "sent_vector": [
            0.0,
            0.0,
            0.0,
            0.0,
            0.0,
            0.25587955177537897,
            0.1333333333333333
          ]
        }
      ],
      [
        0.982182947647626,
        {
          "sent_ind_in_marked_db": 29,
          "sent_vector": [
            0.0,
            0.0,
            0.0,
            0.0,
            0.0,
            0.35667902536280593,
            0.16000000000000003
          ]
        }
      ],
      [
        0.9811771320206477,
        {
          "sent_ind_in_marked_db": 25,
          "sent_vector": [
            0.0,
            0.0,
            0.0,
            0.0,
            0.0,
            0.33917020866118625,
            0.15000000000000002
          ]
        }
      ]
    ],
    [
      [
        0.9880957671188457,
        {
          "sent_ind_in_marked_db": 43,
          "sent_vector": [
            0.0,
            0.0,
            0.0753396136897156,
            0.0753396136897156,
            0.0,
            0.0,
            0.1666666666666667
          ]
        }
      ],
      [
        0.9565509600032631,
        {
          "sent_ind_in_marked_db": 55,
          "sent_vector": [
            0.0,
            0.0,
            0.0572208024040625,
            0.1578167247370857,
            0.0,
            0.0,
            0.25
          ]
        }
      ],
      [
        0.8836899679722882,
        {
          "sent_ind_in_marked_db": 74,
          "sent_vector": [
            0.0,
            0.0,
            0.0,
            0.09426207629869852,
            0.0,
            0.0,
            0.1545454545454545
          ]
        }
      ],
      [
        0.8835105893126202,
        {
          "sent_ind_in_marked_db": 45,
          "sent_vector": [
            0.0,
            0.0,
            0.12577529619173847,
            0.0,
            0.0,
            0.0,
            0.1916666666666667
          ]
        }
      ],
      [
        0.8831685789124429,
        {
          "sent_ind_in_marked_db": 59,
          "sent_vector": [
            0.0,
            0.0,
            0.14797647247112883,
            0.0,
            0.0,
            0.0,
            0.2571428571428572
          ]
        }
      ]
    ]
  ],