{
  "similar_texts": [
    [
      0.9722834128965182,
      {
        "TEXT_IND_in_marked_db": 0,
        "VECTOR": [
          0.6118,
          0.75,
          0.1,
          0.166,
          0.2,
          0.2,
          0.024266827607358692,
          0.030002295475404474,
          0.0,
          0.07131167644959037,
          0.191510992676087
        ]
      }
    ],
    [
      0.9722834128965182,
      {
        "TEXT_IND_in_marked_db": 1,
        "VECTOR": [
          0.6118,
          0.75,
          0.1,
          0.166,
          0.2,
          0.2,
          0.024266827607358692,
          0.030002295475404474,
          0.0,
          0.07131167644959037,
          0.191510992676087
        ]
      }
    ],
    [
      0.9722834128965182,
      {
        "TEXT_IND_in_marked_db": 2,
        "VECTOR": [
          0.6118,
          0.75,
          0.1,
          0.166,
          0.2,
          0.2,
          0.024266827607358692,
          0.030002295475404474,
          0.0,
          0.07131167644959037,
          0.191510992676087
        ]
      }
    ],
    [
      0.9705622638669115,
      {
        "TEXT_IND_in_marked_db": 17,
        "VECTOR": [
          0.6818000000000001,
          0.68,
          0.11,
          0.15545454545454546,
          0.0,
          0.09090909090909091,
          0.013306500558806108,
          0.01947401807081597,
          0.0,
          0.06277843761452434,
          0.19188311688311688
        ]
      }
    ],
    [
      0.9705622638669115,
      {
        "TEXT_IND_in_marked_db": 18,
        "VECTOR": [
          0.6818000000000001,
          0.68,
          0.11,
          0.15545454545454546,
          0.0,
          0.09090909090909091,
          0.013306500558806108,
          0.01947401807081597,
          0.0,
          0.06277843761452434,
          0.19188311688311688
        ]
      }
    ]
  ],
  "simiar_sentences": [
    [
      [
        0.9986379702686518,
        {
          "sent_ind_in_marked_db": 25,
          "sent_vector": [
            0.0,
            0.0,
            0.0,
            0.0,
            0.0,
            0.33917020866118625,
            0.15000000000000002
          ]
        }
      ],
      [
        0.9983486063399921,
        {
          "sent_ind_in_marked_db": 29,
          "sent_vector": [
            0.0,
            0.0,
            0.0,
            0.0,
            0.0,
            0.35667902536280593,
            0.16000000000000003
          ]
        }
      ],
      [
        0.9939985388086727,
        {
          "sent_ind_in_marked_db": 27,
          "sent_vector": [
            0.0,
            0.0,
            0.0,
            0.0,
            0.0,
            0.4803431538159436,
            0.125
          ]
        }
      ],
      [
        0.9932597259014546,
        {
          "sent_ind_in_marked_db": 18,
          "sent_vector": [
            0.0,
            0.0,
            0.0,
            0.0,
            0.0,
            0.25587955177537897,
            0.1333333333333333
          ]
        }
      ],
      [
        0.9714770878674164,
        {
          "sent_ind_in_marked_db": 46,
          "sent_vector": [
            0.0,
            0.125,
            0.0,
            0.0,
            0.0,
            0.7640228066890438,
            0.14285714285714288
          ]
        }
      ]
    ],
    [
      [
        0.9991908124802893,
        {
          "sent_ind_in_marked_db": 40,
          "sent_vector": [
            0.0,
            0.0,
            0.08405800365978727,
            0.0,
            0.0,
            0.0,
            0.34
          ]
        }
      ],
      [
        0.9847450255706146,
        {
          "sent_ind_in_marked_db": 61,
          "sent_vector": [
            0.0,
            0.0,
            0.07919492322075343,
            0.0,
            0.0,
            0.0,
            0.2
          ]
        }
      ],
      [
        0.9815152428270646,
        {
          "sent_ind_in_marked_db": 14,
          "sent_vector": [
            0.05555555555555556,
            0.0,
            0.06912763848250579,
            0.0,
            0.0,
            0.0,
            0.2823529411764706
          ]
        }
      ],
      [
        0.9813677837915123,
        {
          "sent_ind_in_marked_db": 1,
          "sent_vector": [
            0.01851851851851852,
            0.0,
            0.02135345373297045,
            0.0,
            0.0,
            0.0427069074659409,
            0.34716981132075475
          ]
        }
      ],
      [
        0.9796396594247018,
        {
          "sent_ind_in_marked_db": 0,
          "sent_vector": [
            0.0,
            0.0,
            0.0,
            0.0,
            0.0,
            0.0,
            0.20909090909090913
          ]
        }
      ]
    ],
    [
      [
        0.9563910625569879,
        {
          "sent_ind_in_marked_db": 72,
          "sent_vector": [
            0.0,
            0.125,
            0.06302389482387338,
            0.0,
            0.0,
            0.0,
            0.18000000000000002
          ]
        }
      ],
      [
        0.8499531592751925,
        {
          "sent_ind_in_marked_db": 15,
          "sent_vector": [
            0.0,
            0.05555555555555556,
            0.13381846042771664,
            0.0,
            0.0,
            0.11464204212262835,
            0.17058823529411762
          ]
        }
      ],
      [
        0.8469785521650007,
        {
          "sent_ind_in_marked_db": 45,
          "sent_vector": [
            0.0,
            0.0,
            0.12577529619173847,
            0.0,
            0.0,
            0.0,
            0.1916666666666667
          ]
        }
      ],
      [
        0.8402494216182054,
        {
          "sent_ind_in_marked_db": 59,
          "sent_vector": [
            0.0,
            0.0,
            0.14797647247112883,
            0.0,
            0.0,
            0.0,
            0.2571428571428572
          ]
        }
      ],
      [
        0.8394841956987027,
        {
          "sent_ind_in_marked_db": 63,
          "sent_vector": [
            0.0,
            0.0,
            0.11964332851541543,
            0.0,
            0.0,
            0.0,
            0.21052631578947367
          ]
        }
      ]
    ]
  ],
  "similar_collocations": [
    [
      "экранизация",
      []
    ],
    [
      "песня bohemian rhapsody",
      []
    ],
    [
      "британский группа",
      []
    ],
    [
      "queen",
      []
    ],
    [
      "появляться на ютьюб канал",
      []
    ],
    [
      "кинематографист любитель",
      []
    ],
    [
      "corridor",
      []
    ],
    [
      "digital",
      []
    ],
    [
      "на видео",
      []
    ],
    [
      "под название",
      []
    ],
    [
      "literal",
      []
    ],
    [
      "bohenian",
      []
    ],
    [
      "rhapsody",
      []
    ],
    [
      "буквальный богемный рапсодие",
      []
    ],
    [
      "молодой",
      []
    ],
    [
      "человек совершать убийство",
      []
    ],
    [
      "и признавать",
      []
    ],
    [
      "мать",
      []
    ],
    [
      "в",
      [
        [
          {
            "marked_colloc_db_index": 3,
            "sim_colloc": "в",
            "w2v_sim": 1.0000000000000004,
            "freqence_similarity": 1.0
          },
          1.0000000000000004
        ],
        [
          {
            "marked_colloc_db_index": 110,
            "sim_colloc": "в",
            "w2v_sim": 1.0000000000000004,
            "freqence_similarity": 1.0
          },
          1.0000000000000004
        ],
        [
          {
            "marked_colloc_db_index": 114,
            "sim_colloc": "в",
            "w2v_sim": 1.0000000000000004,
            "freqence_similarity": 1.0
          },
          1.0000000000000004
        ],
        [
          {
            "marked_colloc_db_index": 118,