{
  "similar_texts": [
    [
      0.9832910073908414,
      {
        "TEXT_IND_in_marked_db": 60,
        "VECTOR": [
          0.5918,
          0.72,
          0.13,
          0.1230769230769231,
          0.0,
          0.0,
          0.051054401123667804,
          0.0,
          0.0,
          0.12894061924350456,
          0.17880170324502306
        ]
      }
    ],
    [
      0.9832910073908414,
      {
        "TEXT_IND_in_marked_db": 61,
        "VECTOR": [
          0.5918,
          0.72,
          0.13,
          0.1230769230769231,
          0.0,
          0.0,
          0.051054401123667804,
          0.0,
          0.0,
          0.12894061924350456,
          0.17880170324502306
        ]
      }
    ],
    [
      0.9832910073908414,
      {
        "TEXT_IND_in_marked_db": 62,
        "VECTOR": [
          0.5918,
          0.72,
          0.13,
          0.1230769230769231,
          0.0,
          0.0,
          0.051054401123667804,
          0.0,
          0.0,
          0.12894061924350456,
          0.17880170324502306
        ]
      }
    ],
    [
      0.9832910073908414,
      {
        "TEXT_IND_in_marked_db": 63,
        "VECTOR": [
          0.5918,
          0.72,
          0.13,
          0.1230769230769231,
          0.0,
          0.0,
          0.051054401123667804,
          0.0,
          0.0,
          0.12894061924350456,
          0.17880170324502306
        ]
      }
    ],
    [
      0.9828002821975701,
      {
        "TEXT_IND_in_marked_db": 17,
        "VECTOR": [
          0.6818000000000001,
          0.68,
          0.11,
          0.15545454545454546,
          0.0,
          0.09090909090909091,
          0.013306500558806108,
          0.01947401807081597,
          0.0,
          0.06277843761452434,
          0.19188311688311688
        ]
      }
    ]
  ],
  "simiar_sentences": [
    [
      [
        0.9988070899780053,
        {
          "sent_ind_in_marked_db": 3,
          "sent_vector": [
            0.0,
            0.0,
            0.0,
            0.0,
            0.0,
            0.17767437977742984,
            0.21904761904761907
          ]
        }
      ],
      [
        0.9901725106195163,
        {
          "sent_ind_in_marked_db": 67,
          "sent_vector": [
            0.0,
            0.0,
            0.0,
            0.05809217057865184,
            0.0,
            0.3105428555942213,
            0.3133333333333333
          ]
        }
      ],
      [
        0.987861248974083,
        {
          "sent_ind_in_marked_db": 60,
          "sent_vector": [
            0.0,
            0.0,
            0.0,
            0.0,
            0.0,
            0.2005065396327602,
            0.16363636363636366
          ]
        }
      ],
      [
        0.9860090387856446,
        {
          "sent_ind_in_marked_db": 68,
          "sent_vector": [
            0.0,
            0.04166666666666666,
            0.0,
            0.0,
            0.0,
            0.18314321740571865,
            0.25217391304347836
          ]
        }
      ],
      [
        0.9820592367168206,
        {
          "sent_ind_in_marked_db": 52,
          "sent_vector": [
            0.0,
            0.0,
            0.0,
            0.0,
            0.0,
            0.11705509415354222,
            0.195
          ]
        }
      ]
    ]
  ],
  "similar_collocations": [
    [
      "свежий трек",
      []
    ],
    [
      "gorillaz",
      []
    ],
    [
      "linkin park",
      []
    ],
    [
      "mastodon",
      []
    ],
    [
      "грядущий",
      []
    ],
    [
      "московский концерт британец",
      []
    ],
    [
      "том",
      []
    ],
    [
      "оделл",
      []
    ],
    [
      "джазовый фестиваль",
      [
        [
          {
            "marked_colloc_db_index": 35,
            "sim_colloc": "симфонический оркестр",
            "w2v_sim": 0.6561198579947608,
            "freqence_similarity": 0.9993826836408697
          },
          0.7247724231239826
        ],
        [
          {
            "marked_colloc_db_index": 45,
            "sim_colloc": "симфонический оркестр",
            "w2v_sim": 0.6561198579947608,
            "freqence_similarity": 0.9993826836408697
          },
          0.7247724231239826
        ]
      ]
    ],
    [
      "игорь бутман",
      [
        [
          {
            "marked_colloc_db_index": 28,
            "sim_colloc": "борис",
            "w2v_sim": 0.6783583596191154,
            "freqence_similarity": 0.9632104357644191
          },
          0.7353287748481763
        ]
      ]
    ],
    [
      "русский гастроль американец",
      []
    ],
    [
      "из",
      []
    ],
    [
      "crowbar",
      []
    ],
    [
      "набор доброволец",
      []
    ],
    [
      "на",
      [
        [
          {
            "marked_colloc_db_index": 82,
            "sim_colloc": "на",
            "w2v_sim": 1.0,
            "freqence_similarity": 1.0
          },
          1.0
        ],
        [
          {
            "marked_colloc_db_index": 168,
            "sim_colloc": "на",
            "w2v_sim": 1.0,
            "freqence_similarity": 1.0
          },
          1.0
        ],
        [
          {
            "marked_colloc_db_index": 175,
            "sim_colloc": "на",
            "w2v_sim": 1.0,
            "freqence_similarity": 1.0
          },
          1.0
        ],
        [
          {
            "marked_colloc_db_index": 183,
            "sim_colloc": "на",
            "w2v_sim": 1.0,
            "freqence_similarity": 1.0
          },
          1.0
        ],
        [
          {
            "marked_colloc_db_index": 203,
            "sim_colloc": "на",
            "w2v_sim": 1.0,
            "freqence_similarity": 1.0
          },
          1.0
        ]
      ]
    ],
    [
      "съемка новый клип",
      []
    ],
    [
      "ленинграда",
      []
    ],
    [
      "в",
      [
        [
          {
            "marked_colloc_db_index": 3,
            "sim_colloc": "в",
            "w2v_sim": 1.0000000000000004,
            "freqence_similarity": 1.0
          },
          1.0000000000000004
        ],
        [
          {
            "marked_colloc_db_index": 110,
            "sim_colloc": "в",
            "w2v_sim": 1.0000000000000004,
            "freqence_similarity": 1.0
          },
          1.0000000000000004
        ],
        [
          {
            "marked_colloc_db_index": 114,
            "sim_colloc": "в",
            "w2v_sim": 1.0000000000000004,
            "freqence_similarity": 1.0
          },
          1.0000000000000004
        ],
        [
          {
            "marked_colloc_db_index": 118,
            "sim_colloc": "в",
            "w2v_sim": 1.0000000000000004,
            "freqence_similarity": 1.0
          },
          1.0000000000000004
        ],
        [
          {
            "marked_colloc_db_index": 128,
            "sim_colloc": "в",
            "w2v_sim": 1.0000000000000004,
            "freqence_similarity": 1.0
          },
          1.0000000000000004
        ]
      ]
    ],
    [
      "видеообзор музыкальный новость",
      []
    ],
    [
      "лентыру",
      []
    ]
  ]
}