{
  "similar_texts": [
    [
      0.9713092778652003,
      {
        "TEXT_IND_in_marked_db": 0,
        "VECTOR": [
          0.6118,
          0.75,
          0.1,
          0.166,
          0.2,
          0.2,
          0.024266827607358692,
          0.030002295475404474,
          0.0,
          0.07131167644959037,
          0.191510992676087
        ]
      }
    ],
    [
      0.9713092778652003,
      {
        "TEXT_IND_in_marked_db": 1,
        "VECTOR": [
          0.6118,
          0.75,
          0.1,
          0.166,
          0.2,
          0.2,
          0.024266827607358692,
          0.030002295475404474,
          0.0,
          0.07131167644959037,
          0.191510992676087
        ]
      }
    ],
    [
      0.9713092778652003,
      {
        "TEXT_IND_in_marked_db": 2,
        "VECTOR": [
          0.6118,
          0.75,
          0.1,
          0.166,
          0.2,
          0.2,
          0.024266827607358692,
          0.030002295475404474,
          0.0,
          0.07131167644959037,
          0.191510992676087
        ]
      }
    ],
    [
      0.9666166527249258,
      {
        "TEXT_IND_in_marked_db": 26,
        "VECTOR": [
          0.6767000000000001,
          0.61,
          0.19,
          0.17210526315789473,
          0.0,
          0.3157894736842105,
          0.008111835003863827,
          0.021489611329159327,
          0.003031587540061533,
          0.20596039472119923,
          0.19377593297330145
        ]
      }
    ],
    [
      0.9666166527249258,
      {
        "TEXT_IND_in_marked_db": 27,
        "VECTOR": [
          0.6767000000000001,
          0.61,
          0.19,
          0.17210526315789473,
          0.0,
          0.3157894736842105,
          0.008111835003863827,
          0.021489611329159327,
          0.003031587540061533,
          0.20596039472119923,
          0.19377593297330145
        ]
      }
    ]
  ],
  "simiar_sentences": [
    [
      [
        1.0,
        {
          "sent_ind_in_marked_db": 0,
          "sent_vector": [
            0.0,
            0.0,
            0.0,
            0.0,
            0.0,
            0.0,
            0.20909090909090913
          ]
        }
      ],
      [
        1.0,
        {
          "sent_ind_in_marked_db": 9,
          "sent_vector": [
            0.0,
            0.0,
            0.0,
            0.0,
            0.0,
            0.0,
            0.22105263157894736
          ]
        }
      ],
      [
        1.0,
        {
          "sent_ind_in_marked_db": 17,
          "sent_vector": [
            0.0,
            0.0,
            0.0,
            0.0,
            0.0,
            0.0,
            0.2142857142857143
          ]
        }
      ],
      [
        1.0,
        {
          "sent_ind_in_marked_db": 21,
          "sent_vector": [
            0.0,
            0.0,
            0.0,
            0.0,
            0.0,
            0.0,
            0.1777777777777778
          ]
        }
      ],
      [
        1.0,
        {
          "sent_ind_in_marked_db": 23,
          "sent_vector": [
            0.0,
            0.0,
            0.0,
            0.0,
            0.0,
            0.0,
            0.22
          ]
        }
      ]
    ],
    [
      [
        0.9789117973659749,
        {
          "sent_ind_in_marked_db": 22,
          "sent_vector": [
            0.0,
            0.0,
            0.0,
            0.0,
            0.0,
            0.07572391482994867,
            0.20952380952380958
          ]
        }
      ],
      [
        0.9780731622724514,
        {
          "sent_ind_in_marked_db": 31,
          "sent_vector": [
            0.0,
            0.0,
            0.0,
            0.0,
            0.0,
            0.12183800888898155,
            0.27142857142857146
          ]
        }
      ],
      [
        0.9779843328018438,
        {
          "sent_ind_in_marked_db": 8,
          "sent_vector": [
            0.0,
            0.0,
            0.04857791214148391,
            0.037409512160146506,
            0.0,
            0.07481902432029298,
            0.2708333333333334
          ]
        }
      ],
      [
        0.9778969531687992,
        {
          "sent_ind_in_marked_db": 57,
          "sent_vector": [
            0.0,
            0.0,
            0.048209953424218514,
            0.048209953424218514,
            0.0,
            0.09641990684843703,
            0.20869565217391303
          ]
        }
      ],
      [
        0.9758239570604914,
        {
          "sent_ind_in_marked_db": 49,
          "sent_vector": [
            0.05882352941176471,
            0.029411764705882356,
            0.0,
            0.03088781226689574,
            0.0,
            0.11939724144123848,
            0.3242424242424243
          ]
        }
      ]
    ],
    [
      [
        0.988092627060466,
        {
          "sent_ind_in_marked_db": 2,
          "sent_vector": [
            0.034482758620689655,
            0.034482758620689655,
            0.0,
            0.06348354427589614,
            0.0,
            0.1437595162263608,
            0.2178571428571429
          ]
        }
      ],
      [
        0.9832554264147817,
        {
          "sent_ind_in_marked_db": 68,
          "sent_vector": [
            0.0,
            0.04166666666666666,
            0.0,
            0.0,
            0.0,
            0.18314321740571865,
            0.25217391304347836
          ]
        }
      ],
      [
        0.9811987147572062,
        {
          "sent_ind_in_marked_db": 52,
          "sent_vector": [
            0.0,
            0.0,
            0.0,
            0.0,
            0.0,
            0.11705509415354222,
            0.195
          ]
        }
      ],
      [
        0.9805050493353822,
        {
          "sent_ind_in_marked_db": 67,
          "sent_vector": [
            0.0,
            0.0,
            0.0,
            0.05809217057865184,
            0.0,
            0.3105428555942213,
            0.3133333333333333
          ]
        }
      ],
      [
        0.9794980979204049,
        {
          "sent_ind_in_marked_db": 3,
          "sent_vector": [
            0.0,
            0.0,
            0.0,
            0.0,
            0.0,
            0.17767437977742984,
            0.21904761904761907
          ]
        }
      ]
    ]
  ],
  "similar_collocations": [
    [
      "американский дидж",
      [
        [
          {
            "marked_colloc_db_index": 211,
            "sim_colloc": "японский",
            "w2v_sim": 0.6889234779633835,
            "freqence_similarity": 0.8909536120337687
          },
          0.7293295047774605
        ],
        [
          {
            "marked_colloc_db_index": 208,
            "sim_colloc": "английский немецкий",
            "w2v_sim": 0.6695526795167636,
            "freqence_similarity": 0.9133904861210136
          },
          0.7183202408376136
        ]
      ]
    ],
    [
      "и исполнитель",
      []
    ],
    [
      "моби",
      []
    ],
    [
      "опубликовывать на свой канал",
      []
    ],
    [
      "в ютьюб",
      []
    ],
    [
      "проморолик",
      []
    ],
    [
      "к",
      []
    ],
    [
      "новый альбом под название",
      []
    ],
    [
      "these systems are failing",
      []
    ],
    [
      "о",
      []
    ],
    [
      "крах современный общество",
      []
    ],
    [
      "среди прочий",
      [
        [
          {
            "marked_colloc_db_index": 295,
            "sim_colloc": "среди",
            "w2v_sim": 0.7937167112016286,
            "freqence_similarity": 0.9996192669994999
          },
          0.8348972223612028
        ]
      ]
    ],
    [
      "на",
      [
        [
          {
            "marked_colloc_db_index": 82,
            "sim_colloc": "на",
            "w2v_sim": 1.0,