{
  "similar_texts": [
    [
      0.9874538748638778,
      {
        "TEXT_IND_in_marked_db": 41,
        "VECTOR": [
          0.4855,
          0.68,
          0.15,
          0.132,
          0.0,
          0.06666666666666667,
          0.04529319266823577,
          0.005753493789242912,
          0.006191330010150354,
          0.020607082160873102,
          0.18701819748878573
        ]
      }
    ],
    [
      0.9874538748638778,
      {
        "TEXT_IND_in_marked_db": 42,
        "VECTOR": [
          0.4855,
          0.68,
          0.15,
          0.132,
          0.0,
          0.06666666666666667,
          0.04529319266823577,
          0.005753493789242912,
          0.006191330010150354,
          0.020607082160873102,
          0.18701819748878573
        ]
      }
    ],
    [
      0.9874538748638778,
      {
        "TEXT_IND_in_marked_db": 43,
        "VECTOR": [
          0.4855,
          0.68,
          0.15,
          0.132,
          0.0,
          0.06666666666666667,
          0.04529319266823577,
          0.005753493789242912,
          0.006191330010150354,
          0.020607082160873102,
          0.18701819748878573
        ]
      }
    ],
    [
      0.9874538748638778,
      {
        "TEXT_IND_in_marked_db": 44,
        "VECTOR": [
          0.4855,
          0.68,
          0.15,
          0.132,
          0.0,
          0.06666666666666667,
          0.04529319266823577,
          0.005753493789242912,
          0.006191330010150354,
          0.020607082160873102,
          0.18701819748878573
        ]
      }
    ],
    [
      0.9874538748638778,
      {
        "TEXT_IND_in_marked_db": 45,
        "VECTOR": [
          0.4855,
          0.68,
          0.15,
          0.132,
          0.0,
          0.06666666666666667,
          0.04529319266823577,
          0.005753493789242912,
          0.006191330010150354,
          0.020607082160873102,
          0.18701819748878573
        ]
      }
    ]
  ],
  "simiar_sentences": [
    [
      [
        1.0,
        {
          "sent_ind_in_marked_db": 0,
          "sent_vector": [
            0.0,
            0.0,
            0.0,
            0.0,
            0.0,
            0.0,
            0.20909090909090913
          ]
        }
      ],
      [
        1.0,
        {
          "sent_ind_in_marked_db": 9,
          "sent_vector": [
            0.0,
            0.0,
            0.0,
            0.0,
            0.0,
            0.0,
            0.22105263157894736
          ]
        }
      ],
      [
        1.0,
        {
          "sent_ind_in_marked_db": 17,
          "sent_vector": [
            0.0,
            0.0,
            0.0,
            0.0,
            0.0,
            0.0,
            0.2142857142857143
          ]
        }
      ],
      [
        1.0,
        {
          "sent_ind_in_marked_db": 21,
          "sent_vector": [
            0.0,
            0.0,
            0.0,
            0.0,
            0.0,
            0.0,
            0.1777777777777778
          ]
        }
      ],
      [
        1.0,
        {
          "sent_ind_in_marked_db": 23,
          "sent_vector": [
            0.0,
            0.0,
            0.0,
            0.0,
            0.0,
            0.0,
            0.22
          ]
        }
      ]
    ],
    [
      [
        0.9145691698607323,
        {
          "sent_ind_in_marked_db": 50,
          "sent_vector": [
            0.0,
            0.0,
            0.0,
            0.177803474600794,
            0.0,
            0.3116192290752773,
            0.2384615384615385
          ]
        }
      ],
      [
        0.9116048536376291,
        {
          "sent_ind_in_marked_db": 6,
          "sent_vector": [
            0.0,
            0.0,
            0.0,
            0.09333862882325043,
            0.0,
            0.2370974861329268,
            0.208
          ]
        }
      ],
      [
        0.9090865458934575,
        {
          "sent_ind_in_marked_db": 53,
          "sent_vector": [
            0.0,
            0.047619047619047616,
            0.0,
            0.0640807416179989,
            0.0,
            0.3249517639466085,
            0.19
          ]
        }
      ],
      [
        0.9085047096796537,
        {
          "sent_ind_in_marked_db": 64,
          "sent_vector": [
            0.0,
            0.0,
            0.0,
            0.09635191804789231,
            0.0,
            0.20731403997687672,
            0.21
          ]
        }
      ],
      [
        0.9064252109873645,
        {
          "sent_ind_in_marked_db": 10,
          "sent_vector": [
            0.0,
            0.08333333333333331,
            0.046486008424756815,
            0.046486008424756815,
            0.0,
            0.14708013535877704,
            0.25217391304347836
          ]
        }
      ]
    ],
    [
      [
        1.0,
        {
          "sent_ind_in_marked_db": 0,
          "sent_vector": [
            0.0,
            0.0,
            0.0,
            0.0,
            0.0,
            0.0,
            0.20909090909090913
          ]
        }
      ],
      [
        1.0,
        {
          "sent_ind_in_marked_db": 9,
          "sent_vector": [
            0.0,
            0.0,
            0.0,
            0.0,
            0.0,
            0.0,
            0.22105263157894736
          ]
        }
      ],
      [
        1.0,
        {
          "sent_ind_in_marked_db": 17,
          "sent_vector": [
            0.0,
            0.0,
            0.0,
            0.0,
            0.0,
            0.0,
            0.2142857142857143
          ]
        }
      ],
      [
        1.0,
        {
          "sent_ind_in_marked_db": 21,
          "sent_vector": [
            0.0,
            0.0,
            0.0,
            0.0,
            0.0,
            0.0,
            0.1777777777777778
          ]
        }
      ],
      [
        1.0,
        {
          "sent_ind_in_marked_db": 23,
          "sent_vector": [
            0.0,
            0.0,
            0.0,
            0.0,
            0.0,
            0.0,
            0.22
          ]
        }
      ]
    ],
    [
      [
        0.9999851671643436,
        {
          "sent_ind_in_marked_db": 5,
          "sent_vector": [
            0.0,
            0.0,
            0.0,
            0.1258313320011656,
            0.0,
            0.0,
            0.25
          ]
        }
      ],
      [
        0.9996022879841275,
        {
          "sent_ind_in_marked_db": 20,
          "sent_vector": [
            0.0,
            0.0,
            0.0,
            0.13304593984340496,
            0.0,
            0.0,
            0.25
          ]
        }
      ],
      [
        0.9962324630817275,
        {
          "sent_ind_in_marked_db": 74,
          "sent_vector": [
            0.0,
            0.0,
            0.0,
            0.09426207629869852,
            0.0,
            0.0,
            0.1545454545454545
          ]
        }
      ],
      [
        0.9766540232431721,
        {
          "sent_ind_in_marked_db": 55,
          "sent_vector": [
            0.0,
            0.0,
            0.0572208024040625,
            0.1578167247370857,
            0.0,
            0.0,
            0.25
          ]
        }
      ],
      [
        0.9261172609293882,
        {
          "sent_ind_in_marked_db": 37,
          "sent_vector": [
            0.05,
            0.05,
            0.0,
            0.049301725984711366,
            0.0,
            0.0,
            0.21578947368421053
          ]
        }
      ]
    ],
    [
      [
        0.9816623494673462,
        {
          "sent_ind_in_marked_db": 2,