{
  "similar_texts": [
    [
      0.9750807263734244,
      {
        "TEXT_IND_in_marked_db": 21,
        "VECTOR": [
          0.5099,
          0.76,
          0.12,
          0.15083333333333335,
          0.08333333333333331,
          0.0,
          0.023731345819468664,
          0.0,
          0.0,
          0.04761229877898497,
          0.20515436088965497
        ]
      }
    ],
    [
      0.9750807263734244,
      {
        "TEXT_IND_in_marked_db": 22,
        "VECTOR": [
          0.5099,
          0.76,
          0.12,
          0.15083333333333335,
          0.08333333333333331,
          0.0,
          0.023731345819468664,
          0.0,
          0.0,
          0.04761229877898497,
          0.20515436088965497
        ]
      }
    ],
    [
      0.9750807263734244,
      {
        "TEXT_IND_in_marked_db": 23,
        "VECTOR": [
          0.5099,
          0.76,
          0.12,
          0.15083333333333335,
          0.08333333333333331,
          0.0,
          0.023731345819468664,
          0.0,
          0.0,
          0.04761229877898497,
          0.20515436088965497
        ]
      }
    ],
    [
      0.9750807263734244,
      {
        "TEXT_IND_in_marked_db": 24,
        "VECTOR": [
          0.5099,
          0.76,
          0.12,
          0.15083333333333335,
          0.08333333333333331,
          0.0,
          0.023731345819468664,
          0.0,
          0.0,
          0.04761229877898497,
          0.20515436088965497
        ]
      }
    ],
    [
      0.9750807263734244,
      {
        "TEXT_IND_in_marked_db": 25,
        "VECTOR": [
          0.5099,
          0.76,
          0.12,
          0.15083333333333335,
          0.08333333333333331,
          0.0,
          0.023731345819468664,
          0.0,
          0.0,
          0.04761229877898497,
          0.20515436088965497
        ]
      }
    ]
  ],
  "simiar_sentences": [
    [
      [
        0.9996959046492427,
        {
          "sent_ind_in_marked_db": 24,
          "sent_vector": [
            0.0,
            0.0,
            0.05824359566409644,
            0.0,
            0.0,
            0.11648719132819288,
            0.1823529411764706
          ]
        }
      ],
      [
        0.9950842086363387,
        {
          "sent_ind_in_marked_db": 19,
          "sent_vector": [
            0.0,
            0.0,
            0.07720533817618477,
            0.0,
            0.0,
            0.10486006238404527,
            0.2066666666666667
          ]
        }
      ],
      [
        0.9726837884350239,
        {
          "sent_ind_in_marked_db": 57,
          "sent_vector": [
            0.0,
            0.0,
            0.048209953424218514,
            0.048209953424218514,
            0.0,
            0.09641990684843703,
            0.20869565217391303
          ]
        }
      ],
      [
        0.9707484786445694,
        {
          "sent_ind_in_marked_db": 33,
          "sent_vector": [
            0.02777777777777778,
            0.05555555555555556,
            0.06264408677936208,
            0.0,
            0.0,
            0.1314128277272019,
            0.32000000000000006
          ]
        }
      ],
      [
        0.9680136972566455,
        {
          "sent_ind_in_marked_db": 52,
          "sent_vector": [
            0.0,
            0.0,
            0.0,
            0.0,
            0.0,
            0.11705509415354222,
            0.195
          ]
        }
      ]
    ],
    [
      [
        0.9997474400077482,
        {
          "sent_ind_in_marked_db": 18,
          "sent_vector": [
            0.0,
            0.0,
            0.0,
            0.0,
            0.0,
            0.25587955177537897,
            0.1333333333333333
          ]
        }
      ],
      [
        0.9967076348326894,
        {
          "sent_ind_in_marked_db": 29,
          "sent_vector": [
            0.0,
            0.0,
            0.0,
            0.0,
            0.0,
            0.35667902536280593,
            0.16000000000000003
          ]
        }
      ],
      [
        0.9962657001898997,
        {
          "sent_ind_in_marked_db": 25,
          "sent_vector": [
            0.0,
            0.0,
            0.0,
            0.0,
            0.0,
            0.33917020866118625,
            0.15000000000000002
          ]
        }
      ],
      [
        0.9905818135297233,
        {
          "sent_ind_in_marked_db": 30,
          "sent_vector": [
            0.0,
            0.0,
            0.0,
            0.0,
            0.0,
            0.3410809193522841,
            0.2540540540540541
          ]
        }
      ],
      [
        0.9835475134339475,
        {
          "sent_ind_in_marked_db": 60,
          "sent_vector": [
            0.0,
            0.0,
            0.0,
            0.0,
            0.0,
            0.2005065396327602,
            0.16363636363636366
          ]
        }
      ]
    ],
    [
      [
        1.0,
        {
          "sent_ind_in_marked_db": 0,
          "sent_vector": [
            0.0,
            0.0,
            0.0,
            0.0,
            0.0,
            0.0,
            0.20909090909090913
          ]
        }
      ],
      [
        1.0,
        {
          "sent_ind_in_marked_db": 9,
          "sent_vector": [
            0.0,
            0.0,
            0.0,
            0.0,
            0.0,
            0.0,
            0.22105263157894736
          ]
        }
      ],
      [
        1.0,
        {
          "sent_ind_in_marked_db": 17,
          "sent_vector": [
            0.0,
            0.0,
            0.0,
            0.0,
            0.0,
            0.0,
            0.2142857142857143
          ]
        }
      ],
      [
        1.0,
        {
          "sent_ind_in_marked_db": 21,
          "sent_vector": [
            0.0,
            0.0,
            0.0,
            0.0,
            0.0,
            0.0,
            0.1777777777777778
          ]
        }
      ],
      [
        1.0,
        {
          "sent_ind_in_marked_db": 23,
          "sent_vector": [
            0.0,
            0.0,
            0.0,
            0.0,
            0.0,
            0.0,
            0.22
          ]
        }
      ]
    ],
    [
      [
        0.9983401641638211,
        {
          "sent_ind_in_marked_db": 25,
          "sent_vector": [
            0.0,
            0.0,
            0.0,
            0.0,
            0.0,
            0.33917020866118625,
            0.15000000000000002
          ]
        }
      ],
      [
        0.9980222013957893,
        {
          "sent_ind_in_marked_db": 29,
          "sent_vector": [
            0.0,
            0.0,
            0.0,
            0.0,
            0.0,
            0.35667902536280593,
            0.16000000000000003
          ]
        }
      ],
      [
        0.9945774838771815,
        {
          "sent_ind_in_marked_db": 27,
          "sent_vector": [
            0.0,
            0.0,
            0.0,
            0.0,
            0.0,
            0.4803431538159436,
            0.125
          ]
        }
      ],
      [
        0.9926161660845441,
        {
          "sent_ind_in_marked_db": 18,
          "sent_vector": [
            0.0,
            0.0,
            0.0,
            0.0,
            0.0,
            0.25587955177537897,
            0.1333333333333333
          ]
        }
      ],
      [
        0.9724184724272081,
        {
          "sent_ind_in_marked_db": 46,
          "sent_vector": [
            0.0,
            0.125,
            0.0,
            0.0,
            0.0,
            0.7640228066890438,
            0.14285714285714288
          ]
        }
      ]
    ]
  ],