{
  "similar_texts": [
    [
      0.9701090857739656,
      {
        "TEXT_IND_in_marked_db": 57,
        "VECTOR": [
          0.5733,
          0.57,
          0.16,
          0.168125,
          0.125,
          0.4375,
          0.03688102971883098,
          0.011887462161585038,
          0.005265091158118429,
          0.031326720738064376,
          0.1997724218319184
        ]
      }
    ],
    [
      0.9701090857739656,
      {
        "TEXT_IND_in_marked_db": 58,
        "VECTOR": [
          0.5733,
          0.57,
          0.16,
          0.168125,
          0.125,
          0.4375,
          0.03688102971883098,
          0.011887462161585038,
          0.005265091158118429,
          0.031326720738064376,
          0.1997724218319184
        ]
      }
    ],
    [
      0.9701090857739656,
      {
        "TEXT_IND_in_marked_db": 59,
        "VECTOR": [
          0.5733,
          0.57,
          0.16,
          0.168125,
          0.125,
          0.4375,
          0.03688102971883098,
          0.011887462161585038,
          0.005265091158118429,
          0.031326720738064376,
          0.1997724218319184
        ]
      }
    ],
    [
      0.9570863290435171,
      {
        "TEXT_IND_in_marked_db": 26,
        "VECTOR": [
          0.6767000000000001,
          0.61,
          0.19,
          0.17210526315789473,
          0.0,
          0.3157894736842105,
          0.008111835003863827,
          0.021489611329159327,
          0.003031587540061533,
          0.20596039472119923,
          0.19377593297330145
        ]
      }
    ],
    [
      0.9570863290435171,
      {
        "TEXT_IND_in_marked_db": 27,
        "VECTOR": [
          0.6767000000000001,
          0.61,
          0.19,
          0.17210526315789473,
          0.0,
          0.3157894736842105,
          0.008111835003863827,
          0.021489611329159327,
          0.003031587540061533,
          0.20596039472119923,
          0.19377593297330145
        ]
      }
    ]
  ],
  "simiar_sentences": [
    [
      [
        0.9986676402531509,
        {
          "sent_ind_in_marked_db": 24,
          "sent_vector": [
            0.0,
            0.0,
            0.05824359566409644,
            0.0,
            0.0,
            0.11648719132819288,
            0.1823529411764706
          ]
        }
      ],
      [
        0.9981160777203795,
        {
          "sent_ind_in_marked_db": 19,
          "sent_vector": [
            0.0,
            0.0,
            0.07720533817618477,
            0.0,
            0.0,
            0.10486006238404527,
            0.2066666666666667
          ]
        }
      ],
      [
        0.9734254578077638,
        {
          "sent_ind_in_marked_db": 57,
          "sent_vector": [
            0.0,
            0.0,
            0.048209953424218514,
            0.048209953424218514,
            0.0,
            0.09641990684843703,
            0.20869565217391303
          ]
        }
      ],
      [
        0.9718288423829754,
        {
          "sent_ind_in_marked_db": 33,
          "sent_vector": [
            0.02777777777777778,
            0.05555555555555556,
            0.06264408677936208,
            0.0,
            0.0,
            0.1314128277272019,
            0.32000000000000006
          ]
        }
      ],
      [
        0.9708536104576618,
        {
          "sent_ind_in_marked_db": 75,
          "sent_vector": [
            0.0,
            0.0,
            0.09400894973348264,
            0.0,
            0.05206619257537837,
            0.0940089497334826,
            0.24285714285714285
          ]
        }
      ]
    ],
    [
      [
        0.9876191008591515,
        {
          "sent_ind_in_marked_db": 22,
          "sent_vector": [
            0.0,
            0.0,
            0.0,
            0.0,
            0.0,
            0.07572391482994867,
            0.20952380952380958
          ]
        }
      ],
      [
        0.986842247337135,
        {
          "sent_ind_in_marked_db": 70,
          "sent_vector": [
            0.0,
            0.0,
            0.0,
            0.0,
            0.0,
            0.06999109459395747,
            0.2625
          ]
        }
      ],
      [
        0.9865880403732967,
        {
          "sent_ind_in_marked_db": 34,
          "sent_vector": [
            0.0,
            0.0625,
            0.0,
            0.0,
            0.0,
            0.12352849463183722,
            0.2466666666666667
          ]
        }
      ],
      [
        0.983130271580447,
        {
          "sent_ind_in_marked_db": 80,
          "sent_vector": [
            0.0,
            0.0,
            0.0,
            0.0,
            0.0,
            0.07016190620602235,
            0.3266666666666666
          ]
        }
      ],
      [
        0.9823133904415979,
        {
          "sent_ind_in_marked_db": 31,
          "sent_vector": [
            0.0,
            0.0,
            0.0,
            0.0,
            0.0,
            0.12183800888898155,
            0.27142857142857146
          ]
        }
      ]
    ]
  ],
  "similar_collocations": [
    [
      "у",
      []
    ],
    [
      "американский певица",
      []
    ],
    [
      "дженнифер лопес",
      []
    ],
    [
      "расходиться",
      [
        [
          {
            "marked_colloc_db_index": 351,
            "sim_colloc": "разлаживаться",
            "w2v_sim": 0.6631324509444639,
            "freqence_similarity": 0.9867722681378314
          },
          0.7278604143831375
        ]
      ]
    ],
    [
      "по",
      [
        [
          {
            "marked_colloc_db_index": 26,
            "sim_colloc": "по",
            "w2v_sim": 1.0000000000000004,
            "freqence_similarity": 1.0000000000000002
          },
          1.0000000000000004
        ],
        [
          {
            "marked_colloc_db_index": 64,
            "sim_colloc": "по",
            "w2v_sim": 1.0000000000000004,
            "freqence_similarity": 1.0000000000000002
          },
          1.0000000000000004
        ],
        [
          {
            "marked_colloc_db_index": 67,
            "sim_colloc": "по",
            "w2v_sim": 1.0000000000000004,
            "freqence_similarity": 1.0000000000000002
          },
          1.0000000000000004
        ],
        [
          {
            "marked_colloc_db_index": 199,
            "sim_colloc": "по",
            "w2v_sim": 1.0000000000000004,
            "freqence_similarity": 1.0000000000000002
          },
          1.0000000000000004
        ]
      ]
    ],
    [
      "шов концертный костюм",
      []
    ],
    [
      "во время выступление в",
      []
    ],
    [
      "казино",
      []
    ],
    [
      "planet",
      []
    ],
    [
      "hollywood",
      []
    ],
    [
      "в ласвегас",
      []
    ],
    [
      "исполнительница продолжать шоу",
      []
    ],
    [
      "а в",
      []
    ],
    [
      "перерыв",
      []
    ],
    [
      "уходить",
      [
        [
          {
            "marked_colloc_db_index": 141,
            "sim_colloc": "ходить",
            "w2v_sim": 0.7553629286727396,
            "freqence_similarity": 0.7909303620011308
          },
          0.7624764153384179
        ],
        [
          {
            "marked_colloc_db_index": 228,
            "sim_colloc": "оставаться",
            "w2v_sim": 0.6785962268487267,
            "freqence_similarity": 0.9999993249299013
          },
          0.7428768464649615
        ],
        [
          {
            "marked_colloc_db_index": 6,
            "sim_colloc": "идти",
            "w2v_sim": 0.6579655535677602,
            "freqence_similarity": 0.8034018856853566
          },
          0.6870528199912795
        ]
      ]
    ],
    [
      "за сцена",
      []
    ],
    [
      "и",
      []
    ],
    [
      "переодеваться",
      [
        [
          {
            "marked_colloc_db_index": 141,