{
  "similar_texts": [
    [
      0.9879922925515704,
      {
        "TEXT_IND_in_marked_db": 0,
        "VECTOR": [
          0.6118,
          0.75,
          0.1,
          0.166,
          0.2,
          0.2,
          0.024266827607358692,
          0.030002295475404474,
          0.0,
          0.07131167644959037,
          0.191510992676087
        ]
      }
    ],
    [
      0.9879922925515704,
      {
        "TEXT_IND_in_marked_db": 1,
        "VECTOR": [
          0.6118,
          0.75,
          0.1,
          0.166,
          0.2,
          0.2,
          0.024266827607358692,
          0.030002295475404474,
          0.0,
          0.07131167644959037,
          0.191510992676087
        ]
      }
    ],
    [
      0.9879922925515704,
      {
        "TEXT_IND_in_marked_db": 2,
        "VECTOR": [
          0.6118,
          0.75,
          0.1,
          0.166,
          0.2,
          0.2,
          0.024266827607358692,
          0.030002295475404474,
          0.0,
          0.07131167644959037,
          0.191510992676087
        ]
      }
    ],
    [
      0.9843746560472844,
      {
        "TEXT_IND_in_marked_db": 9,
        "VECTOR": [
          0.5788000000000001,
          0.7,
          0.15,
          0.1586666666666667,
          0.33333333333333326,
          0.2666666666666666,
          0.03138418932732309,
          0.032255172907681075,
          0.0,
          0.13056425505926705,
          0.20942576798157186
        ]
      }
    ],
    [
      0.9843746560472844,
      {
        "TEXT_IND_in_marked_db": 10,
        "VECTOR": [
          0.5788000000000001,
          0.7,
          0.15,
          0.1586666666666667,
          0.33333333333333326,
          0.2666666666666666,
          0.03138418932732309,
          0.032255172907681075,
          0.0,
          0.13056425505926705,
          0.20942576798157186
        ]
      }
    ]
  ],
  "simiar_sentences": [
    [
      [
        0.9908768652007051,
        {
          "sent_ind_in_marked_db": 30,
          "sent_vector": [
            0.0,
            0.0,
            0.0,
            0.0,
            0.0,
            0.3410809193522841,
            0.2540540540540541
          ]
        }
      ],
      [
        0.990875312371145,
        {
          "sent_ind_in_marked_db": 60,
          "sent_vector": [
            0.0,
            0.0,
            0.0,
            0.0,
            0.0,
            0.2005065396327602,
            0.16363636363636366
          ]
        }
      ],
      [
        0.9766053185252235,
        {
          "sent_ind_in_marked_db": 11,
          "sent_vector": [
            0.125,
            0.0,
            0.0,
            0.0,
            0.0,
            0.26747406532570667,
            0.2142857142857143
          ]
        }
      ],
      [
        0.9747602038808099,
        {
          "sent_ind_in_marked_db": 18,
          "sent_vector": [
            0.0,
            0.0,
            0.0,
            0.0,
            0.0,
            0.25587955177537897,
            0.1333333333333333
          ]
        }
      ],
      [
        0.9746520634266547,
        {
          "sent_ind_in_marked_db": 67,
          "sent_vector": [
            0.0,
            0.0,
            0.0,
            0.05809217057865184,
            0.0,
            0.3105428555942213,
            0.3133333333333333
          ]
        }
      ]
    ],
    [
      [
        0.9607042790126228,
        {
          "sent_ind_in_marked_db": 49,
          "sent_vector": [
            0.05882352941176471,
            0.029411764705882356,
            0.0,
            0.03088781226689574,
            0.0,
            0.11939724144123848,
            0.3242424242424243
          ]
        }
      ],
      [
        0.9590253919087417,
        {
          "sent_ind_in_marked_db": 34,
          "sent_vector": [
            0.0,
            0.0625,
            0.0,
            0.0,
            0.0,
            0.12352849463183722,
            0.2466666666666667
          ]
        }
      ],
      [
        0.9584094481789108,
        {
          "sent_ind_in_marked_db": 80,
          "sent_vector": [
            0.0,
            0.0,
            0.0,
            0.0,
            0.0,
            0.07016190620602235,
            0.3266666666666666
          ]
        }
      ],
      [
        0.9581892380552003,
        {
          "sent_ind_in_marked_db": 70,
          "sent_vector": [
            0.0,
            0.0,
            0.0,
            0.0,
            0.0,
            0.06999109459395747,
            0.2625
          ]
        }
      ],
      [
        0.9581319849634871,
        {
          "sent_ind_in_marked_db": 16,
          "sent_vector": [
            0.0,
            0.03703703703703704,
            0.0,
            0.0,
            0.0,
            0.0,
            0.2
          ]
        }
      ]
    ],
    [
      [
        0.9964197320477806,
        {
          "sent_ind_in_marked_db": 5,
          "sent_vector": [
            0.0,
            0.0,
            0.0,
            0.1258313320011656,
            0.0,
            0.0,
            0.25
          ]
        }
      ],
      [
        0.994237862820293,
        {
          "sent_ind_in_marked_db": 20,
          "sent_vector": [
            0.0,
            0.0,
            0.0,
            0.13304593984340496,
            0.0,
            0.0,
            0.25
          ]
        }
      ],
      [
        0.9862485415565863,
        {
          "sent_ind_in_marked_db": 74,
          "sent_vector": [
            0.0,
            0.0,
            0.0,
            0.09426207629869852,
            0.0,
            0.0,
            0.1545454545454545
          ]
        }
      ],
      [
        0.9656653857952886,
        {
          "sent_ind_in_marked_db": 55,
          "sent_vector": [
            0.0,
            0.0,
            0.0572208024040625,
            0.1578167247370857,
            0.0,
            0.0,
            0.25
          ]
        }
      ],
      [
        0.9408531985936258,
        {
          "sent_ind_in_marked_db": 37,
          "sent_vector": [
            0.05,
            0.05,
            0.0,
            0.049301725984711366,
            0.0,
            0.0,
            0.21578947368421053
          ]
        }
      ]
    ]
  ],
  "similar_collocations": [
    [
      "певица",
      [
        [
          {
            "marked_colloc_db_index": 162,
            "sim_colloc": "бывший жена певец",
            "w2v_sim": 0.6691374460967688,
            "freqence_similarity": 0.9798261901822481
          },
          0.7312751949138647
        ]
      ]
    ],
    [
      "анит",
      []
    ],
    [
      "цой",
      []
    ],
    [
      "приходить к",
      [
        [
          {
            "marked_colloc_db_index": 141,
            "sim_colloc": "ходить",
            "w2v_sim": 0.700026821411099,
            "freqence_similarity": 0.9560016807422596
          },
          0.7512217932773311
        ]
      ]
    ],
    [
      "стена виктор цой на",
      []
    ],
    [
      "арбат",
      []
    ],
    [
      "где",
      [
        [
          {
            "marked_colloc_db_index": 5,
            "sim_colloc": "где",
            "w2v_sim": 1.0000000000000004,
            "freqence_similarity": 0.9999999999999999
          },
          1.0000000000000004
        ],
        [
          {
            "marked_colloc_db_index": 77,
            "sim_colloc": "где",
            "w2v_sim": 1.0000000000000004,
            "freqence_similarity": 0.9999999999999999
          },
          1.0000000000000004
        ]
      ]
    ],
    [
      "поклонник отмечать день",
      []
    ],
    [
      "рождение лидер коллектив",
      []
    ],
    [
      "кино 21 июнь",
      [
        [
          {
            "marked_colloc_db_index": 49,
            "sim_colloc": "сентябрь",
            "w2v_sim": 0.7197502396976129,