{
  "similar_texts": [
    [
      0.969942775472721,
      {
        "TEXT_IND_in_marked_db": 41,
        "VECTOR": [
          0.4855,
          0.68,
          0.15,
          0.132,
          0.0,
          0.06666666666666667,
          0.04529319266823577,
          0.005753493789242912,
          0.006191330010150354,
          0.020607082160873102,
          0.18701819748878573
        ]
      }
    ],
    [
      0.969942775472721,
      {
        "TEXT_IND_in_marked_db": 42,
        "VECTOR": [
          0.4855,
          0.68,
          0.15,
          0.132,
          0.0,
          0.06666666666666667,
          0.04529319266823577,
          0.005753493789242912,
          0.006191330010150354,
          0.020607082160873102,
          0.18701819748878573
        ]
      }
    ],
    [
      0.969942775472721,
      {
        "TEXT_IND_in_marked_db": 43,
        "VECTOR": [
          0.4855,
          0.68,
          0.15,
          0.132,
          0.0,
          0.06666666666666667,
          0.04529319266823577,
          0.005753493789242912,
          0.006191330010150354,
          0.020607082160873102,
          0.18701819748878573
        ]
      }
    ],
    [
      0.969942775472721,
      {
        "TEXT_IND_in_marked_db": 44,
        "VECTOR": [
          0.4855,
          0.68,
          0.15,
          0.132,
          0.0,
          0.06666666666666667,
          0.04529319266823577,
          0.005753493789242912,
          0.006191330010150354,
          0.020607082160873102,
          0.18701819748878573
        ]
      }
    ],
    [
      0.969942775472721,
      {
        "TEXT_IND_in_marked_db": 45,
        "VECTOR": [
          0.4855,
          0.68,
          0.15,
          0.132,
          0.0,
          0.06666666666666667,
          0.04529319266823577,
          0.005753493789242912,
          0.006191330010150354,
          0.020607082160873102,
          0.18701819748878573
        ]
      }
    ]
  ],
  "simiar_sentences": [
    [
      [
        0.9999754821510975,
        {
          "sent_ind_in_marked_db": 3,
          "sent_vector": [
            0.0,
            0.0,
            0.0,
            0.0,
            0.0,
            0.17767437977742984,
            0.21904761904761907
          ]
        }
      ],
      [
        0.9893764307497623,
        {
          "sent_ind_in_marked_db": 68,
          "sent_vector": [
            0.0,
            0.04166666666666666,
            0.0,
            0.0,
            0.0,
            0.18314321740571865,
            0.25217391304347836
          ]
        }
      ],
      [
        0.9890884052745226,
        {
          "sent_ind_in_marked_db": 52,
          "sent_vector": [
            0.0,
            0.0,
            0.0,
            0.0,
            0.0,
            0.11705509415354222,
            0.195
          ]
        }
      ],
      [
        0.9872082459215976,
        {
          "sent_ind_in_marked_db": 67,
          "sent_vector": [
            0.0,
            0.0,
            0.0,
            0.05809217057865184,
            0.0,
            0.3105428555942213,
            0.3133333333333333
          ]
        }
      ],
      [
        0.9804978214610287,
        {
          "sent_ind_in_marked_db": 60,
          "sent_vector": [
            0.0,
            0.0,
            0.0,
            0.0,
            0.0,
            0.2005065396327602,
            0.16363636363636366
          ]
        }
      ]
    ],
    [
      [
        0.9785012752667117,
        {
          "sent_ind_in_marked_db": 16,
          "sent_vector": [
            0.0,
            0.03703703703703704,
            0.0,
            0.0,
            0.0,
            0.0,
            0.2
          ]
        }
      ],
      [
        0.9763248176715997,
        {
          "sent_ind_in_marked_db": 37,
          "sent_vector": [
            0.05,
            0.05,
            0.0,
            0.049301725984711366,
            0.0,
            0.0,
            0.21578947368421053
          ]
        }
      ],
      [
        0.9685265969084946,
        {
          "sent_ind_in_marked_db": 32,
          "sent_vector": [
            0.0,
            0.07692307692307693,
            0.0,
            0.0,
            0.0,
            0.0,
            0.20833333333333337
          ]
        }
      ],
      [
        0.9655236025553618,
        {
          "sent_ind_in_marked_db": 73,
          "sent_vector": [
            0.05,
            0.05,
            0.0,
            0.0,
            0.0,
            0.0,
            0.31052631578947365
          ]
        }
      ],
      [
        0.9576068543389813,
        {
          "sent_ind_in_marked_db": 0,
          "sent_vector": [
            0.0,
            0.0,
            0.0,
            0.0,
            0.0,
            0.0,
            0.20909090909090913
          ]
        }
      ]
    ],
    [
      [
        0.9946485658077058,
        {
          "sent_ind_in_marked_db": 64,
          "sent_vector": [
            0.0,
            0.0,
            0.0,
            0.09635191804789231,
            0.0,
            0.20731403997687672,
            0.21
          ]
        }
      ],
      [
        0.9852185295787962,
        {
          "sent_ind_in_marked_db": 6,
          "sent_vector": [
            0.0,
            0.0,
            0.0,
            0.09333862882325043,
            0.0,
            0.2370974861329268,
            0.208
          ]
        }
      ],
      [
        0.9798032298755122,
        {
          "sent_ind_in_marked_db": 67,
          "sent_vector": [
            0.0,
            0.0,
            0.0,
            0.05809217057865184,
            0.0,
            0.3105428555942213,
            0.3133333333333333
          ]
        }
      ],
      [
        0.9784334343816248,
        {
          "sent_ind_in_marked_db": 2,
          "sent_vector": [
            0.034482758620689655,
            0.034482758620689655,
            0.0,
            0.06348354427589614,
            0.0,
            0.1437595162263608,
            0.2178571428571429
          ]
        }
      ],
      [
        0.9660867898614502,
        {
          "sent_ind_in_marked_db": 50,
          "sent_vector": [
            0.0,
            0.0,
            0.0,
            0.177803474600794,
            0.0,
            0.3116192290752773,
            0.2384615384615385
          ]
        }
      ]
    ],
    [
      [
        0.9974094158414117,
        {
          "sent_ind_in_marked_db": 67,
          "sent_vector": [
            0.0,
            0.0,
            0.0,
            0.05809217057865184,
            0.0,
            0.3105428555942213,
            0.3133333333333333
          ]
        }
      ],
      [
        0.9949087440660838,
        {
          "sent_ind_in_marked_db": 6,
          "sent_vector": [
            0.0,
            0.0,
            0.0,
            0.09333862882325043,
            0.0,
            0.2370974861329268,
            0.208
          ]
        }
      ],
      [
        0.991395185475669,
        {
          "sent_ind_in_marked_db": 64,
          "sent_vector": [
            0.0,
            0.0,
            0.0,
            0.09635191804789231,
            0.0,
            0.20731403997687672,
            0.21
          ]
        }
      ],
      [
        0.9797650738291481,
        {
          "sent_ind_in_marked_db": 60,
          "sent_vector": [
            0.0,
            0.0,
            0.0,
            0.0,
            0.0,
            0.2005065396327602,
            0.16363636363636366
          ]
        }
      ],
      [
        0.9759808737672002,
        {
          "sent_ind_in_marked_db": 30,
          "sent_vector": [
            0.0,
            0.0,
            0.0,
            0.0,
            0.0,
            0.3410809193522841,
            0.2540540540540541
          ]
        }
      ]
    ]
  ],