{
  "similar_texts": [
    [
      0.9863834169925355,
      {
        "TEXT_IND_in_marked_db": 21,
        "VECTOR": [
          0.5099,
          0.76,
          0.12,
          0.15083333333333335,
          0.08333333333333331,
          0.0,
          0.023731345819468664,
          0.0,
          0.0,
          0.04761229877898497,
          0.20515436088965497
        ]
      }
    ],
    [
      0.9863834169925355,
      {
        "TEXT_IND_in_marked_db": 22,
        "VECTOR": [
          0.5099,
          0.76,
          0.12,
          0.15083333333333335,
          0.08333333333333331,
          0.0,
          0.023731345819468664,
          0.0,
          0.0,
          0.04761229877898497,
          0.20515436088965497
        ]
      }
    ],
    [
      0.9863834169925355,
      {
        "TEXT_IND_in_marked_db": 23,
        "VECTOR": [
          0.5099,
          0.76,
          0.12,
          0.15083333333333335,
          0.08333333333333331,
          0.0,
          0.023731345819468664,
          0.0,
          0.0,
          0.04761229877898497,
          0.20515436088965497
        ]
      }
    ],
    [
      0.9863834169925355,
      {
        "TEXT_IND_in_marked_db": 24,
        "VECTOR": [
          0.5099,
          0.76,
          0.12,
          0.15083333333333335,
          0.08333333333333331,
          0.0,
          0.023731345819468664,
          0.0,
          0.0,
          0.04761229877898497,
          0.20515436088965497
        ]
      }
    ],
    [
      0.9863834169925355,
      {
        "TEXT_IND_in_marked_db": 25,
        "VECTOR": [
          0.5099,
          0.76,
          0.12,
          0.15083333333333335,
          0.08333333333333331,
          0.0,
          0.023731345819468664,
          0.0,
          0.0,
          0.04761229877898497,
          0.20515436088965497
        ]
      }
    ]
  ],
  "simiar_sentences": [
    [
      [
        0.9997692899184043,
        {
          "sent_ind_in_marked_db": 52,
          "sent_vector": [
            0.0,
            0.0,
            0.0,
            0.0,
            0.0,
            0.11705509415354222,
            0.195
          ]
        }
      ],
      [
        0.9993236769349731,
        {
          "sent_ind_in_marked_db": 4,
          "sent_vector": [
            0.0,
            0.0,
            0.0,
            0.0,
            0.0,
            0.10748019256397572,
            0.2052631578947369
          ]
        }
      ],
      [
        0.9952772189454264,
        {
          "sent_ind_in_marked_db": 31,
          "sent_vector": [
            0.0,
            0.0,
            0.0,
            0.0,
            0.0,
            0.12183800888898155,
            0.27142857142857146
          ]
        }
      ],
      [
        0.9868517859863655,
        {
          "sent_ind_in_marked_db": 3,
          "sent_vector": [
            0.0,
            0.0,
            0.0,
            0.0,
            0.0,
            0.17767437977742984,
            0.21904761904761907
          ]
        }
      ],
      [
        0.9853005157890502,
        {
          "sent_ind_in_marked_db": 68,
          "sent_vector": [
            0.0,
            0.04166666666666666,
            0.0,
            0.0,
            0.0,
            0.18314321740571865,
            0.25217391304347836
          ]
        }
      ]
    ]
  ],
  "similar_collocations": [
    [
      "на следующий день после",
      []
    ],
    [
      "теракт горожанин",
      []
    ],
    [
      "собираться",
      [
        [
          {
            "marked_colloc_db_index": 141,
            "sim_colloc": "ходить",
            "w2v_sim": 0.6530274254468806,
            "freqence_similarity": 0.7703289784943887
          },
          0.6764877360563823
        ]
      ]
    ],
    [
      "у",
      []
    ],
    [
      "концертный зал батаклан",
      [
        [
          {
            "marked_colloc_db_index": 315,
            "sim_colloc": "концертный зал",
            "w2v_sim": 0.8628342239240523,
            "freqence_similarity": 0.9999967689109586
          },
          0.8902667329214335
        ],
        [
          {
            "marked_colloc_db_index": 345,
            "sim_colloc": "зал",
            "w2v_sim": 0.7174462723900672,
            "freqence_similarity": 0.9892972278908879
          },
          0.7718164634902314
        ],
        [
          {
            "marked_colloc_db_index": 169,
            "sim_colloc": "сцена большой зал",
            "w2v_sim": 0.6798996955416309,
            "freqence_similarity": 0.9659862588366512
          },
          0.737117008200635
        ]
      ]
    ],
    [
      "чтобы",
      [
        [
          {
            "marked_colloc_db_index": 330,
            "sim_colloc": "чтобы",
            "w2v_sim": 1.0,
            "freqence_similarity": 1.0
          },
          1.0
        ]
      ]
    ],
    [
      "чтить",
      [
        [
          {
            "marked_colloc_db_index": 282,
            "sim_colloc": "гордиться",
            "w2v_sim": 0.6670086708911112,
            "freqence_similarity": 0.8883000795913835
          },
          0.7112669526311657
        ]
      ]
    ],
    [
      "память весь жертва",
      []
    ],
    [
      "атака террорист",
      []
    ]
  ]
}