{
  "similar_texts": [
    [
      0.9773560917336307,
      {
        "TEXT_IND_in_marked_db": 0,
        "VECTOR": [
          0.6118,
          0.75,
          0.1,
          0.166,
          0.2,
          0.2,
          0.024266827607358692,
          0.030002295475404474,
          0.0,
          0.07131167644959037,
          0.191510992676087
        ]
      }
    ],
    [
      0.9773560917336307,
      {
        "TEXT_IND_in_marked_db": 1,
        "VECTOR": [
          0.6118,
          0.75,
          0.1,
          0.166,
          0.2,
          0.2,
          0.024266827607358692,
          0.030002295475404474,
          0.0,
          0.07131167644959037,
          0.191510992676087
        ]
      }
    ],
    [
      0.9773560917336307,
      {
        "TEXT_IND_in_marked_db": 2,
        "VECTOR": [
          0.6118,
          0.75,
          0.1,
          0.166,
          0.2,
          0.2,
          0.024266827607358692,
          0.030002295475404474,
          0.0,
          0.07131167644959037,
          0.191510992676087
        ]
      }
    ],
    [
      0.9765852060417511,
      {
        "TEXT_IND_in_marked_db": 17,
        "VECTOR": [
          0.6818000000000001,
          0.68,
          0.11,
          0.15545454545454546,
          0.0,
          0.09090909090909091,
          0.013306500558806108,
          0.01947401807081597,
          0.0,
          0.06277843761452434,
          0.19188311688311688
        ]
      }
    ],
    [
      0.9765852060417511,
      {
        "TEXT_IND_in_marked_db": 18,
        "VECTOR": [
          0.6818000000000001,
          0.68,
          0.11,
          0.15545454545454546,
          0.0,
          0.09090909090909091,
          0.013306500558806108,
          0.01947401807081597,
          0.0,
          0.06277843761452434,
          0.19188311688311688
        ]
      }
    ]
  ],
  "simiar_sentences": [
    [
      [
        0.9997963772187146,
        {
          "sent_ind_in_marked_db": 74,
          "sent_vector": [
            0.0,
            0.0,
            0.0,
            0.09426207629869852,
            0.0,
            0.0,
            0.1545454545454545
          ]
        }
      ],
      [
        0.9992609969302886,
        {
          "sent_ind_in_marked_db": 20,
          "sent_vector": [
            0.0,
            0.0,
            0.0,
            0.13304593984340496,
            0.0,
            0.0,
            0.25
          ]
        }
      ],
      [
        0.9981275718259667,
        {
          "sent_ind_in_marked_db": 5,
          "sent_vector": [
            0.0,
            0.0,
            0.0,
            0.1258313320011656,
            0.0,
            0.0,
            0.25
          ]
        }
      ],
      [
        0.9811588721248414,
        {
          "sent_ind_in_marked_db": 55,
          "sent_vector": [
            0.0,
            0.0,
            0.0572208024040625,
            0.1578167247370857,
            0.0,
            0.0,
            0.25
          ]
        }
      ],
      [
        0.9197346253513929,
        {
          "sent_ind_in_marked_db": 43,
          "sent_vector": [
            0.0,
            0.0,
            0.0753396136897156,
            0.0753396136897156,
            0.0,
            0.0,
            0.1666666666666667
          ]
        }
      ]
    ],
    [
      [
        0.9711213441638128,
        {
          "sent_ind_in_marked_db": 27,
          "sent_vector": [
            0.0,
            0.0,
            0.0,
            0.0,
            0.0,
            0.4803431538159436,
            0.125
          ]
        }
      ],
      [
        0.9584795627868319,
        {
          "sent_ind_in_marked_db": 46,
          "sent_vector": [
            0.0,
            0.125,
            0.0,
            0.0,
            0.0,
            0.7640228066890438,
            0.14285714285714288
          ]
        }
      ],
      [
        0.9537322748441172,
        {
          "sent_ind_in_marked_db": 25,
          "sent_vector": [
            0.0,
            0.0,
            0.0,
            0.0,
            0.0,
            0.33917020866118625,
            0.15000000000000002
          ]
        }
      ],
      [
        0.952740901874639,
        {
          "sent_ind_in_marked_db": 29,
          "sent_vector": [
            0.0,
            0.0,
            0.0,
            0.0,
            0.0,
            0.35667902536280593,
            0.16000000000000003
          ]
        }
      ],
      [
        0.9461115647316523,
        {
          "sent_ind_in_marked_db": 53,
          "sent_vector": [
            0.0,
            0.047619047619047616,
            0.0,
            0.0640807416179989,
            0.0,
            0.3249517639466085,
            0.19
          ]
        }
      ]
    ],
    [
      [
        1.0,
        {
          "sent_ind_in_marked_db": 0,
          "sent_vector": [
            0.0,
            0.0,
            0.0,
            0.0,
            0.0,
            0.0,
            0.20909090909090913
          ]
        }
      ],
      [
        1.0,
        {
          "sent_ind_in_marked_db": 9,
          "sent_vector": [
            0.0,
            0.0,
            0.0,
            0.0,
            0.0,
            0.0,
            0.22105263157894736
          ]
        }
      ],
      [
        1.0,
        {
          "sent_ind_in_marked_db": 17,
          "sent_vector": [
            0.0,
            0.0,
            0.0,
            0.0,
            0.0,
            0.0,
            0.2142857142857143
          ]
        }
      ],
      [
        1.0,
        {
          "sent_ind_in_marked_db": 21,
          "sent_vector": [
            0.0,
            0.0,
            0.0,
            0.0,
            0.0,
            0.0,
            0.1777777777777778
          ]
        }
      ],
      [
        1.0,
        {
          "sent_ind_in_marked_db": 23,
          "sent_vector": [
            0.0,
            0.0,
            0.0,
            0.0,
            0.0,
            0.0,
            0.22
          ]
        }
      ]
    ],
    [
      [
        0.9815655630797402,
        {
          "sent_ind_in_marked_db": 10,
          "sent_vector": [
            0.0,
            0.08333333333333331,
            0.046486008424756815,
            0.046486008424756815,
            0.0,
            0.14708013535877704,
            0.25217391304347836
          ]
        }
      ],
      [
        0.9810067983745957,
        {
          "sent_ind_in_marked_db": 33,
          "sent_vector": [
            0.02777777777777778,
            0.05555555555555556,
            0.06264408677936208,
            0.0,
            0.0,
            0.1314128277272019,
            0.32000000000000006
          ]
        }
      ],
      [
        0.9790006720110617,
        {
          "sent_ind_in_marked_db": 24,
          "sent_vector": [
            0.0,
            0.0,
            0.05824359566409644,
            0.0,
            0.0,
            0.11648719132819288,
            0.1823529411764706
          ]
        }
      ],
      [
        0.974059377259141,
        {
          "sent_ind_in_marked_db": 19,
          "sent_vector": [
            0.0,
            0.0,
            0.07720533817618477,
            0.0,
            0.0,
            0.10486006238404527,
            0.2066666666666667
          ]
        }
      ],
      [
        0.9651783029595267,
        {
          "sent_ind_in_marked_db": 34,
          "sent_vector": [
            0.0,
            0.0625,
            0.0,
            0.0,
            0.0,
            0.12352849463183722,
            0.2466666666666667
          ]
        }
      ]
    ],
    [
      [
        0.9792267694489616,
        {
          "sent_ind_in_marked_db": 8,