{
  "similar_texts": [
    [
      0.9519994595379366,
      {
        "TEXT_IND_in_marked_db": 57,
        "VECTOR": [
          0.5733,
          0.57,
          0.16,
          0.168125,
          0.125,
          0.4375,
          0.03688102971883098,
          0.011887462161585038,
          0.005265091158118429,
          0.031326720738064376,
          0.1997724218319184
        ]
      }
    ],
    [
      0.9519994595379366,
      {
        "TEXT_IND_in_marked_db": 58,
        "VECTOR": [
          0.5733,
          0.57,
          0.16,
          0.168125,
          0.125,
          0.4375,
          0.03688102971883098,
          0.011887462161585038,
          0.005265091158118429,
          0.031326720738064376,
          0.1997724218319184
        ]
      }
    ],
    [
      0.9519994595379366,
      {
        "TEXT_IND_in_marked_db": 59,
        "VECTOR": [
          0.5733,
          0.57,
          0.16,
          0.168125,
          0.125,
          0.4375,
          0.03688102971883098,
          0.011887462161585038,
          0.005265091158118429,
          0.031326720738064376,
          0.1997724218319184
        ]
      }
    ],
    [
      0.9370487149091629,
      {
        "TEXT_IND_in_marked_db": 26,
        "VECTOR": [
          0.6767000000000001,
          0.61,
          0.19,
          0.17210526315789473,
          0.0,
          0.3157894736842105,
          0.008111835003863827,
          0.021489611329159327,
          0.003031587540061533,
          0.20596039472119923,
          0.19377593297330145
        ]
      }
    ],
    [
      0.9370487149091629,
      {
        "TEXT_IND_in_marked_db": 27,
        "VECTOR": [
          0.6767000000000001,
          0.61,
          0.19,
          0.17210526315789473,
          0.0,
          0.3157894736842105,
          0.008111835003863827,
          0.021489611329159327,
          0.003031587540061533,
          0.20596039472119923,
          0.19377593297330145
        ]
      }
    ]
  ],
  "simiar_sentences": [
    [
      [
        0.9991627634359487,
        {
          "sent_ind_in_marked_db": 3,
          "sent_vector": [
            0.0,
            0.0,
            0.0,
            0.0,
            0.0,
            0.17767437977742984,
            0.21904761904761907
          ]
        }
      ],
      [
        0.9897440102548314,
        {
          "sent_ind_in_marked_db": 67,
          "sent_vector": [
            0.0,
            0.0,
            0.0,
            0.05809217057865184,
            0.0,
            0.3105428555942213,
            0.3133333333333333
          ]
        }
      ],
      [
        0.9867796350302499,
        {
          "sent_ind_in_marked_db": 68,
          "sent_vector": [
            0.0,
            0.04166666666666666,
            0.0,
            0.0,
            0.0,
            0.18314321740571865,
            0.25217391304347836
          ]
        }
      ],
      [
        0.9865989302407476,
        {
          "sent_ind_in_marked_db": 60,
          "sent_vector": [
            0.0,
            0.0,
            0.0,
            0.0,
            0.0,
            0.2005065396327602,
            0.16363636363636366
          ]
        }
      ],
      [
        0.9835230972042819,
        {
          "sent_ind_in_marked_db": 52,
          "sent_vector": [
            0.0,
            0.0,
            0.0,
            0.0,
            0.0,
            0.11705509415354222,
            0.195
          ]
        }
      ]
    ],
    [
      [
        0.8727688145983608,
        {
          "sent_ind_in_marked_db": 46,
          "sent_vector": [
            0.0,
            0.125,
            0.0,
            0.0,
            0.0,
            0.7640228066890438,
            0.14285714285714288
          ]
        }
      ],
      [
        0.8364234775902272,
        {
          "sent_ind_in_marked_db": 53,
          "sent_vector": [
            0.0,
            0.047619047619047616,
            0.0,
            0.0640807416179989,
            0.0,
            0.3249517639466085,
            0.19
          ]
        }
      ],
      [
        0.8352080466656406,
        {
          "sent_ind_in_marked_db": 15,
          "sent_vector": [
            0.0,
            0.05555555555555556,
            0.13381846042771664,
            0.0,
            0.0,
            0.11464204212262835,
            0.17058823529411762
          ]
        }
      ],
      [
        0.8339971845838859,
        {
          "sent_ind_in_marked_db": 27,
          "sent_vector": [
            0.0,
            0.0,
            0.0,
            0.0,
            0.0,
            0.4803431538159436,
            0.125
          ]
        }
      ],
      [
        0.8287109081999897,
        {
          "sent_ind_in_marked_db": 25,
          "sent_vector": [
            0.0,
            0.0,
            0.0,
            0.0,
            0.0,
            0.33917020866118625,
            0.15000000000000002
          ]
        }
      ]
    ],
    [
      [
        0.9426351652527276,
        {
          "sent_ind_in_marked_db": 15,
          "sent_vector": [
            0.0,
            0.05555555555555556,
            0.13381846042771664,
            0.0,
            0.0,
            0.11464204212262835,
            0.17058823529411762
          ]
        }
      ],
      [
        0.9137632682341446,
        {
          "sent_ind_in_marked_db": 10,
          "sent_vector": [
            0.0,
            0.08333333333333331,
            0.046486008424756815,
            0.046486008424756815,
            0.0,
            0.14708013535877704,
            0.25217391304347836
          ]
        }
      ],
      [
        0.9046497600612539,
        {
          "sent_ind_in_marked_db": 76,
          "sent_vector": [
            0.047619047619047616,
            0.0,
            0.05801061408677441,
            0.0,
            0.05272854512627896,
            0.24164970352541754,
            0.22
          ]
        }
      ],
      [
        0.8994064901251367,
        {
          "sent_ind_in_marked_db": 79,
          "sent_vector": [
            0.05882352941176471,
            0.0,
            0.08005003702988825,
            0.0,
            0.0,
            0.14189084096060117,
            0.175
          ]
        }
      ],
      [
        0.8958376907990292,
        {
          "sent_ind_in_marked_db": 24,
          "sent_vector": [
            0.0,
            0.0,
            0.05824359566409644,
            0.0,
            0.0,
            0.11648719132819288,
            0.1823529411764706
          ]
        }
      ]
    ],
    [
      [
        0.999809781532398,
        {
          "sent_ind_in_marked_db": 32,
          "sent_vector": [
            0.0,
            0.07692307692307693,
            0.0,
            0.0,
            0.0,
            0.0,
            0.20833333333333337
          ]
        }
      ],
      [
        0.9951812992984932,
        {
          "sent_ind_in_marked_db": 58,
          "sent_vector": [
            0.0,
            0.07692307692307693,
            0.0,
            0.0,
            0.0,
            0.0,
            0.1666666666666667
          ]
        }
      ],
      [
        0.9905508637819056,
        {
          "sent_ind_in_marked_db": 71,
          "sent_vector": [
            0.0,
            0.14285714285714288,
            0.0,
            0.0,
            0.0,
            0.0,
            0.28
          ]
        }
      ],
      [
        0.9886080204005688,
        {
          "sent_ind_in_marked_db": 16,
          "sent_vector": [
            0.0,
            0.03703703703703704,
            0.0,
            0.0,
            0.0,
            0.0,
            0.2
          ]
        }
      ],
      [
        0.9725919116634338,
        {
          "sent_ind_in_marked_db": 73,