{
  "similar_texts": [
    [
      0.982150953678649,
      {
        "TEXT_IND_in_marked_db": 21,
        "VECTOR": [
          0.5099,
          0.76,
          0.12,
          0.15083333333333335,
          0.08333333333333331,
          0.0,
          0.023731345819468664,
          0.0,
          0.0,
          0.04761229877898497,
          0.20515436088965497
        ]
      }
    ],
    [
      0.982150953678649,
      {
        "TEXT_IND_in_marked_db": 22,
        "VECTOR": [
          0.5099,
          0.76,
          0.12,
          0.15083333333333335,
          0.08333333333333331,
          0.0,
          0.023731345819468664,
          0.0,
          0.0,
          0.04761229877898497,
          0.20515436088965497
        ]
      }
    ],
    [
      0.982150953678649,
      {
        "TEXT_IND_in_marked_db": 23,
        "VECTOR": [
          0.5099,
          0.76,
          0.12,
          0.15083333333333335,
          0.08333333333333331,
          0.0,
          0.023731345819468664,
          0.0,
          0.0,
          0.04761229877898497,
          0.20515436088965497
        ]
      }
    ],
    [
      0.982150953678649,
      {
        "TEXT_IND_in_marked_db": 24,
        "VECTOR": [
          0.5099,
          0.76,
          0.12,
          0.15083333333333335,
          0.08333333333333331,
          0.0,
          0.023731345819468664,
          0.0,
          0.0,
          0.04761229877898497,
          0.20515436088965497
        ]
      }
    ],
    [
      0.982150953678649,
      {
        "TEXT_IND_in_marked_db": 25,
        "VECTOR": [
          0.5099,
          0.76,
          0.12,
          0.15083333333333335,
          0.08333333333333331,
          0.0,
          0.023731345819468664,
          0.0,
          0.0,
          0.04761229877898497,
          0.20515436088965497
        ]
      }
    ]
  ],
  "simiar_sentences": [
    [
      [
        0.9982101978307214,
        {
          "sent_ind_in_marked_db": 3,
          "sent_vector": [
            0.0,
            0.0,
            0.0,
            0.0,
            0.0,
            0.17767437977742984,
            0.21904761904761907
          ]
        }
      ],
      [
        0.9967196657124155,
        {
          "sent_ind_in_marked_db": 52,
          "sent_vector": [
            0.0,
            0.0,
            0.0,
            0.0,
            0.0,
            0.11705509415354222,
            0.195
          ]
        }
      ],
      [
        0.9911604399093159,
        {
          "sent_ind_in_marked_db": 68,
          "sent_vector": [
            0.0,
            0.04166666666666666,
            0.0,
            0.0,
            0.0,
            0.18314321740571865,
            0.25217391304347836
          ]
        }
      ],
      [
        0.9903159844355132,
        {
          "sent_ind_in_marked_db": 4,
          "sent_vector": [
            0.0,
            0.0,
            0.0,
            0.0,
            0.0,
            0.10748019256397572,
            0.2052631578947369
          ]
        }
      ],
      [
        0.9801206212352884,
        {
          "sent_ind_in_marked_db": 31,
          "sent_vector": [
            0.0,
            0.0,
            0.0,
            0.0,
            0.0,
            0.12183800888898155,
            0.27142857142857146
          ]
        }
      ]
    ],
    [
      [
        0.9975237410478268,
        {
          "sent_ind_in_marked_db": 25,
          "sent_vector": [
            0.0,
            0.0,
            0.0,
            0.0,
            0.0,
            0.33917020866118625,
            0.15000000000000002
          ]
        }
      ],
      [
        0.9971385423630916,
        {
          "sent_ind_in_marked_db": 29,
          "sent_vector": [
            0.0,
            0.0,
            0.0,
            0.0,
            0.0,
            0.35667902536280593,
            0.16000000000000003
          ]
        }
      ],
      [
        0.9958238725689902,
        {
          "sent_ind_in_marked_db": 27,
          "sent_vector": [
            0.0,
            0.0,
            0.0,
            0.0,
            0.0,
            0.4803431538159436,
            0.125
          ]
        }
      ],
      [
        0.9909870936783948,
        {
          "sent_ind_in_marked_db": 18,
          "sent_vector": [
            0.0,
            0.0,
            0.0,
            0.0,
            0.0,
            0.25587955177537897,
            0.1333333333333333
          ]
        }
      ],
      [
        0.9745199971438459,
        {
          "sent_ind_in_marked_db": 46,
          "sent_vector": [
            0.0,
            0.125,
            0.0,
            0.0,
            0.0,
            0.7640228066890438,
            0.14285714285714288
          ]
        }
      ]
    ],
    [
      [
        0.9826399956863225,
        {
          "sent_ind_in_marked_db": 2,
          "sent_vector": [
            0.034482758620689655,
            0.034482758620689655,
            0.0,
            0.06348354427589614,
            0.0,
            0.1437595162263608,
            0.2178571428571429
          ]
        }
      ],
      [
        0.9741908999323688,
        {
          "sent_ind_in_marked_db": 57,
          "sent_vector": [
            0.0,
            0.0,
            0.048209953424218514,
            0.048209953424218514,
            0.0,
            0.09641990684843703,
            0.20869565217391303
          ]
        }
      ],
      [
        0.9697150109154944,
        {
          "sent_ind_in_marked_db": 64,
          "sent_vector": [
            0.0,
            0.0,
            0.0,
            0.09635191804789231,
            0.0,
            0.20731403997687672,
            0.21
          ]
        }
      ],
      [
        0.9692982250114193,
        {
          "sent_ind_in_marked_db": 52,
          "sent_vector": [
            0.0,
            0.0,
            0.0,
            0.0,
            0.0,
            0.11705509415354222,
            0.195
          ]
        }
      ],
      [
        0.968156109968658,
        {
          "sent_ind_in_marked_db": 4,
          "sent_vector": [
            0.0,
            0.0,
            0.0,
            0.0,
            0.0,
            0.10748019256397572,
            0.2052631578947369
          ]
        }
      ]
    ],
    [
      [
        0.9850970113666964,
        {
          "sent_ind_in_marked_db": 76,
          "sent_vector": [
            0.047619047619047616,
            0.0,
            0.05801061408677441,
            0.0,
            0.05272854512627896,
            0.24164970352541754,
            0.22
          ]
        }
      ],
      [
        0.9670997548366551,
        {
          "sent_ind_in_marked_db": 79,
          "sent_vector": [
            0.05882352941176471,
            0.0,
            0.08005003702988825,
            0.0,
            0.0,
            0.14189084096060117,
            0.175
          ]
        }
      ],
      [
        0.9657697931605169,
        {
          "sent_ind_in_marked_db": 60,
          "sent_vector": [
            0.0,
            0.0,
            0.0,
            0.0,
            0.0,
            0.2005065396327602,
            0.16363636363636366
          ]
        }
      ],
      [
        0.9653917384176589,
        {
          "sent_ind_in_marked_db": 30,
          "sent_vector": [
            0.0,
            0.0,
            0.0,
            0.0,
            0.0,
            0.3410809193522841,
            0.2540540540540541
          ]
        }
      ],
      [
        0.9643530969307644,
        {
          "sent_ind_in_marked_db": 11,
          "sent_vector": [
            0.125,
            0.0,
            0.0,
            0.0,
            0.0,
            0.26747406532570667,
            0.2142857142857143
          ]
        }
      ]
    ],
    [
      [
        1.0,
        {
          "sent_ind_in_marked_db": 0,