{
  "similar_texts": [
    [
      0.9707850707077146,
      {
        "TEXT_IND_in_marked_db": 41,
        "VECTOR": [
          0.4855,
          0.68,
          0.15,
          0.132,
          0.0,
          0.06666666666666667,
          0.04529319266823577,
          0.005753493789242912,
          0.006191330010150354,
          0.020607082160873102,
          0.18701819748878573
        ]
      }
    ],
    [
      0.9707850707077146,
      {
        "TEXT_IND_in_marked_db": 42,
        "VECTOR": [
          0.4855,
          0.68,
          0.15,
          0.132,
          0.0,
          0.06666666666666667,
          0.04529319266823577,
          0.005753493789242912,
          0.006191330010150354,
          0.020607082160873102,
          0.18701819748878573
        ]
      }
    ],
    [
      0.9707850707077146,
      {
        "TEXT_IND_in_marked_db": 43,
        "VECTOR": [
          0.4855,
          0.68,
          0.15,
          0.132,
          0.0,
          0.06666666666666667,
          0.04529319266823577,
          0.005753493789242912,
          0.006191330010150354,
          0.020607082160873102,
          0.18701819748878573
        ]
      }
    ],
    [
      0.9707850707077146,
      {
        "TEXT_IND_in_marked_db": 44,
        "VECTOR": [
          0.4855,
          0.68,
          0.15,
          0.132,
          0.0,
          0.06666666666666667,
          0.04529319266823577,
          0.005753493789242912,
          0.006191330010150354,
          0.020607082160873102,
          0.18701819748878573
        ]
      }
    ],
    [
      0.9707850707077146,
      {
        "TEXT_IND_in_marked_db": 45,
        "VECTOR": [
          0.4855,
          0.68,
          0.15,
          0.132,
          0.0,
          0.06666666666666667,
          0.04529319266823577,
          0.005753493789242912,
          0.006191330010150354,
          0.020607082160873102,
          0.18701819748878573
        ]
      }
    ]
  ],
  "simiar_sentences": [
    [
      [
        0.9975247294540038,
        {
          "sent_ind_in_marked_db": 34,
          "sent_vector": [
            0.0,
            0.0625,
            0.0,
            0.0,
            0.0,
            0.12352849463183722,
            0.2466666666666667
          ]
        }
      ],
      [
        0.9886389724170843,
        {
          "sent_ind_in_marked_db": 68,
          "sent_vector": [
            0.0,
            0.04166666666666666,
            0.0,
            0.0,
            0.0,
            0.18314321740571865,
            0.25217391304347836
          ]
        }
      ],
      [
        0.9769573183810858,
        {
          "sent_ind_in_marked_db": 10,
          "sent_vector": [
            0.0,
            0.08333333333333331,
            0.046486008424756815,
            0.046486008424756815,
            0.0,
            0.14708013535877704,
            0.25217391304347836
          ]
        }
      ],
      [
        0.9688834859272693,
        {
          "sent_ind_in_marked_db": 52,
          "sent_vector": [
            0.0,
            0.0,
            0.0,
            0.0,
            0.0,
            0.11705509415354222,
            0.195
          ]
        }
      ],
      [
        0.9679999429991207,
        {
          "sent_ind_in_marked_db": 33,
          "sent_vector": [
            0.02777777777777778,
            0.05555555555555556,
            0.06264408677936208,
            0.0,
            0.0,
            0.1314128277272019,
            0.32000000000000006
          ]
        }
      ]
    ],
    [
      [
        1.0,
        {
          "sent_ind_in_marked_db": 0,
          "sent_vector": [
            0.0,
            0.0,
            0.0,
            0.0,
            0.0,
            0.0,
            0.20909090909090913
          ]
        }
      ],
      [
        1.0,
        {
          "sent_ind_in_marked_db": 9,
          "sent_vector": [
            0.0,
            0.0,
            0.0,
            0.0,
            0.0,
            0.0,
            0.22105263157894736
          ]
        }
      ],
      [
        1.0,
        {
          "sent_ind_in_marked_db": 17,
          "sent_vector": [
            0.0,
            0.0,
            0.0,
            0.0,
            0.0,
            0.0,
            0.2142857142857143
          ]
        }
      ],
      [
        1.0,
        {
          "sent_ind_in_marked_db": 21,
          "sent_vector": [
            0.0,
            0.0,
            0.0,
            0.0,
            0.0,
            0.0,
            0.1777777777777778
          ]
        }
      ],
      [
        1.0,
        {
          "sent_ind_in_marked_db": 23,
          "sent_vector": [
            0.0,
            0.0,
            0.0,
            0.0,
            0.0,
            0.0,
            0.22
          ]
        }
      ]
    ],
    [
      [
        1.0,
        {
          "sent_ind_in_marked_db": 0,
          "sent_vector": [
            0.0,
            0.0,
            0.0,
            0.0,
            0.0,
            0.0,
            0.20909090909090913
          ]
        }
      ],
      [
        1.0,
        {
          "sent_ind_in_marked_db": 9,
          "sent_vector": [
            0.0,
            0.0,
            0.0,
            0.0,
            0.0,
            0.0,
            0.22105263157894736
          ]
        }
      ],
      [
        1.0,
        {
          "sent_ind_in_marked_db": 17,
          "sent_vector": [
            0.0,
            0.0,
            0.0,
            0.0,
            0.0,
            0.0,
            0.2142857142857143
          ]
        }
      ],
      [
        1.0,
        {
          "sent_ind_in_marked_db": 21,
          "sent_vector": [
            0.0,
            0.0,
            0.0,
            0.0,
            0.0,
            0.0,
            0.1777777777777778
          ]
        }
      ],
      [
        1.0,
        {
          "sent_ind_in_marked_db": 23,
          "sent_vector": [
            0.0,
            0.0,
            0.0,
            0.0,
            0.0,
            0.0,
            0.22
          ]
        }
      ]
    ],
    [
      [
        0.9998483150349131,
        {
          "sent_ind_in_marked_db": 60,
          "sent_vector": [
            0.0,
            0.0,
            0.0,
            0.0,
            0.0,
            0.2005065396327602,
            0.16363636363636366
          ]
        }
      ],
      [
        0.9996388739400421,
        {
          "sent_ind_in_marked_db": 30,
          "sent_vector": [
            0.0,
            0.0,
            0.0,
            0.0,
            0.0,
            0.3410809193522841,
            0.2540540540540541
          ]
        }
      ],
      [
        0.9839751209426321,
        {
          "sent_ind_in_marked_db": 67,
          "sent_vector": [
            0.0,
            0.0,
            0.0,
            0.05809217057865184,
            0.0,
            0.3105428555942213,
            0.3133333333333333
          ]
        }
      ],
      [
        0.9826212827901315,
        {
          "sent_ind_in_marked_db": 18,
          "sent_vector": [
            0.0,
            0.0,
            0.0,
            0.0,
            0.0,
            0.25587955177537897,
            0.1333333333333333
          ]
        }
      ],
      [
        0.9754066317536442,
        {
          "sent_ind_in_marked_db": 3,
          "sent_vector": [
            0.0,
            0.0,
            0.0,
            0.0,
            0.0,
            0.17767437977742984,
            0.21904761904761907
          ]
        }
      ]
    ]
  ],
  "similar_collocations": [
    [
      "член совет федерация",
      []
    ],
    [
      "антон",
      [
        [
          {
            "marked_colloc_db_index": 28,
            "sim_colloc": "борис",
            "w2v_sim": 0.7517351209809517,