{
  "similar_texts": [
    [
      0.9572121607721603,
      {
        "TEXT_IND_in_marked_db": 57,
        "VECTOR": [
          0.5733,
          0.57,
          0.16,
          0.168125,
          0.125,
          0.4375,
          0.03688102971883098,
          0.011887462161585038,
          0.005265091158118429,
          0.031326720738064376,
          0.1997724218319184
        ]
      }
    ],
    [
      0.9572121607721603,
      {
        "TEXT_IND_in_marked_db": 58,
        "VECTOR": [
          0.5733,
          0.57,
          0.16,
          0.168125,
          0.125,
          0.4375,
          0.03688102971883098,
          0.011887462161585038,
          0.005265091158118429,
          0.031326720738064376,
          0.1997724218319184
        ]
      }
    ],
    [
      0.9572121607721603,
      {
        "TEXT_IND_in_marked_db": 59,
        "VECTOR": [
          0.5733,
          0.57,
          0.16,
          0.168125,
          0.125,
          0.4375,
          0.03688102971883098,
          0.011887462161585038,
          0.005265091158118429,
          0.031326720738064376,
          0.1997724218319184
        ]
      }
    ],
    [
      0.9508531754873956,
      {
        "TEXT_IND_in_marked_db": 26,
        "VECTOR": [
          0.6767000000000001,
          0.61,
          0.19,
          0.17210526315789473,
          0.0,
          0.3157894736842105,
          0.008111835003863827,
          0.021489611329159327,
          0.003031587540061533,
          0.20596039472119923,
          0.19377593297330145
        ]
      }
    ],
    [
      0.9508531754873956,
      {
        "TEXT_IND_in_marked_db": 27,
        "VECTOR": [
          0.6767000000000001,
          0.61,
          0.19,
          0.17210526315789473,
          0.0,
          0.3157894736842105,
          0.008111835003863827,
          0.021489611329159327,
          0.003031587540061533,
          0.20596039472119923,
          0.19377593297330145
        ]
      }
    ]
  ],
  "simiar_sentences": [
    [
      [
        0.9897945564610321,
        {
          "sent_ind_in_marked_db": 18,
          "sent_vector": [
            0.0,
            0.0,
            0.0,
            0.0,
            0.0,
            0.25587955177537897,
            0.1333333333333333
          ]
        }
      ],
      [
        0.9859860489007835,
        {
          "sent_ind_in_marked_db": 53,
          "sent_vector": [
            0.0,
            0.047619047619047616,
            0.0,
            0.0640807416179989,
            0.0,
            0.3249517639466085,
            0.19
          ]
        }
      ],
      [
        0.9854270885759064,
        {
          "sent_ind_in_marked_db": 29,
          "sent_vector": [
            0.0,
            0.0,
            0.0,
            0.0,
            0.0,
            0.35667902536280593,
            0.16000000000000003
          ]
        }
      ],
      [
        0.9848675706650067,
        {
          "sent_ind_in_marked_db": 25,
          "sent_vector": [
            0.0,
            0.0,
            0.0,
            0.0,
            0.0,
            0.33917020866118625,
            0.15000000000000002
          ]
        }
      ],
      [
        0.9844043645419331,
        {
          "sent_ind_in_marked_db": 30,
          "sent_vector": [
            0.0,
            0.0,
            0.0,
            0.0,
            0.0,
            0.3410809193522841,
            0.2540540540540541
          ]
        }
      ]
    ],
    [
      [
        0.9989059259491033,
        {
          "sent_ind_in_marked_db": 12,
          "sent_vector": [
            0.0,
            0.0,
            0.04413613884798124,
            0.0,
            0.0,
            0.08827227769596248,
            0.2851851851851852
          ]
        }
      ],
      [
        0.9912190060442478,
        {
          "sent_ind_in_marked_db": 22,
          "sent_vector": [
            0.0,
            0.0,
            0.0,
            0.0,
            0.0,
            0.07572391482994867,
            0.20952380952380958
          ]
        }
      ],
      [
        0.988304344158763,
        {
          "sent_ind_in_marked_db": 31,
          "sent_vector": [
            0.0,
            0.0,
            0.0,
            0.0,
            0.0,
            0.12183800888898155,
            0.27142857142857146
          ]
        }
      ],
      [
        0.9879946691995837,
        {
          "sent_ind_in_marked_db": 8,
          "sent_vector": [
            0.0,
            0.0,
            0.04857791214148391,
            0.037409512160146506,
            0.0,
            0.07481902432029298,
            0.2708333333333334
          ]
        }
      ],
      [
        0.9876730788014277,
        {
          "sent_ind_in_marked_db": 70,
          "sent_vector": [
            0.0,
            0.0,
            0.0,
            0.0,
            0.0,
            0.06999109459395747,
            0.2625
          ]
        }
      ]
    ],
    [
      [
        0.9937057668980324,
        {
          "sent_ind_in_marked_db": 53,
          "sent_vector": [
            0.0,
            0.047619047619047616,
            0.0,
            0.0640807416179989,
            0.0,
            0.3249517639466085,
            0.19
          ]
        }
      ],
      [
        0.9648420009351121,
        {
          "sent_ind_in_marked_db": 6,
          "sent_vector": [
            0.0,
            0.0,
            0.0,
            0.09333862882325043,
            0.0,
            0.2370974861329268,
            0.208
          ]
        }
      ],
      [
        0.9545521097916949,
        {
          "sent_ind_in_marked_db": 30,
          "sent_vector": [
            0.0,
            0.0,
            0.0,
            0.0,
            0.0,
            0.3410809193522841,
            0.2540540540540541
          ]
        }
      ],
      [
        0.9538108981609086,
        {
          "sent_ind_in_marked_db": 67,
          "sent_vector": [
            0.0,
            0.0,
            0.0,
            0.05809217057865184,
            0.0,
            0.3105428555942213,
            0.3133333333333333
          ]
        }
      ],
      [
        0.9512089852448324,
        {
          "sent_ind_in_marked_db": 60,
          "sent_vector": [
            0.0,
            0.0,
            0.0,
            0.0,
            0.0,
            0.2005065396327602,
            0.16363636363636366
          ]
        }
      ]
    ],
    [
      [
        0.995029475349372,
        {
          "sent_ind_in_marked_db": 5,
          "sent_vector": [
            0.0,
            0.0,
            0.0,
            0.1258313320011656,
            0.0,
            0.0,
            0.25
          ]
        }
      ],
      [
        0.9925057977546431,
        {
          "sent_ind_in_marked_db": 20,
          "sent_vector": [
            0.0,
            0.0,
            0.0,
            0.13304593984340496,
            0.0,
            0.0,
            0.25
          ]
        }
      ],
      [
        0.9836404715196685,
        {
          "sent_ind_in_marked_db": 74,
          "sent_vector": [
            0.0,
            0.0,
            0.0,
            0.09426207629869852,
            0.0,
            0.0,
            0.1545454545454545
          ]
        }
      ],
      [
        0.9628802128731841,
        {
          "sent_ind_in_marked_db": 55,
          "sent_vector": [
            0.0,
            0.0,
            0.0572208024040625,
            0.1578167247370857,
            0.0,
            0.0,
            0.25
          ]
        }
      ],
      [
        0.9429955954276262,
        {
          "sent_ind_in_marked_db": 37,
          "sent_vector": [
            0.05,
            0.05,
            0.0,
            0.049301725984711366,
            0.0,
            0.0,
            0.21578947368421053
          ]
        }
      ]
    ]
  ],