{
  "similar_texts": [
    [
      0.9750202646173622,
      {
        "TEXT_IND_in_marked_db": 9,
        "VECTOR": [
          0.5788000000000001,
          0.7,
          0.15,
          0.1586666666666667,
          0.33333333333333326,
          0.2666666666666666,
          0.03138418932732309,
          0.032255172907681075,
          0.0,
          0.13056425505926705,
          0.20942576798157186
        ]
      }
    ],
    [
      0.9750202646173622,
      {
        "TEXT_IND_in_marked_db": 10,
        "VECTOR": [
          0.5788000000000001,
          0.7,
          0.15,
          0.1586666666666667,
          0.33333333333333326,
          0.2666666666666666,
          0.03138418932732309,
          0.032255172907681075,
          0.0,
          0.13056425505926705,
          0.20942576798157186
        ]
      }
    ],
    [
      0.9750202646173622,
      {
        "TEXT_IND_in_marked_db": 11,
        "VECTOR": [
          0.5788000000000001,
          0.7,
          0.15,
          0.1586666666666667,
          0.33333333333333326,
          0.2666666666666666,
          0.03138418932732309,
          0.032255172907681075,
          0.0,
          0.13056425505926705,
          0.20942576798157186
        ]
      }
    ],
    [
      0.9750202646173622,
      {
        "TEXT_IND_in_marked_db": 12,
        "VECTOR": [
          0.5788000000000001,
          0.7,
          0.15,
          0.1586666666666667,
          0.33333333333333326,
          0.2666666666666666,
          0.03138418932732309,
          0.032255172907681075,
          0.0,
          0.13056425505926705,
          0.20942576798157186
        ]
      }
    ],
    [
      0.9725996022424864,
      {
        "TEXT_IND_in_marked_db": 46,
        "VECTOR": [
          0.5722,
          0.68,
          0.14,
          0.15357142857142858,
          0.4285714285714285,
          0.28571428571428564,
          0.013111624318612047,
          0.008781994574065496,
          0.005192070978936289,
          0.1108525853656659,
          0.23957181915828524
        ]
      }
    ]
  ],
  "simiar_sentences": [
    [
      [
        0.9833654599791115,
        {
          "sent_ind_in_marked_db": 43,
          "sent_vector": [
            0.0,
            0.0,
            0.0753396136897156,
            0.0753396136897156,
            0.0,
            0.0,
            0.1666666666666667
          ]
        }
      ],
      [
        0.9632066430439751,
        {
          "sent_ind_in_marked_db": 40,
          "sent_vector": [
            0.0,
            0.0,
            0.08405800365978727,
            0.0,
            0.0,
            0.0,
            0.34
          ]
        }
      ],
      [
        0.9593463060779317,
        {
          "sent_ind_in_marked_db": 61,
          "sent_vector": [
            0.0,
            0.0,
            0.07919492322075343,
            0.0,
            0.0,
            0.0,
            0.2
          ]
        }
      ],
      [
        0.9592442189920933,
        {
          "sent_ind_in_marked_db": 55,
          "sent_vector": [
            0.0,
            0.0,
            0.0572208024040625,
            0.1578167247370857,
            0.0,
            0.0,
            0.25
          ]
        }
      ],
      [
        0.9520174847890295,
        {
          "sent_ind_in_marked_db": 8,
          "sent_vector": [
            0.0,
            0.0,
            0.04857791214148391,
            0.037409512160146506,
            0.0,
            0.07481902432029298,
            0.2708333333333334
          ]
        }
      ]
    ],
    [
      [
        0.9322031108232712,
        {
          "sent_ind_in_marked_db": 15,
          "sent_vector": [
            0.0,
            0.05555555555555556,
            0.13381846042771664,
            0.0,
            0.0,
            0.11464204212262835,
            0.17058823529411762
          ]
        }
      ],
      [
        0.9229672195459129,
        {
          "sent_ind_in_marked_db": 75,
          "sent_vector": [
            0.0,
            0.0,
            0.09400894973348264,
            0.0,
            0.05206619257537837,
            0.0940089497334826,
            0.24285714285714285
          ]
        }
      ],
      [
        0.8988064905317436,
        {
          "sent_ind_in_marked_db": 19,
          "sent_vector": [
            0.0,
            0.0,
            0.07720533817618477,
            0.0,
            0.0,
            0.10486006238404527,
            0.2066666666666667
          ]
        }
      ],
      [
        0.8949880521814848,
        {
          "sent_ind_in_marked_db": 79,
          "sent_vector": [
            0.05882352941176471,
            0.0,
            0.08005003702988825,
            0.0,
            0.0,
            0.14189084096060117,
            0.175
          ]
        }
      ],
      [
        0.8925792870545335,
        {
          "sent_ind_in_marked_db": 24,
          "sent_vector": [
            0.0,
            0.0,
            0.05824359566409644,
            0.0,
            0.0,
            0.11648719132819288,
            0.1823529411764706
          ]
        }
      ]
    ],
    [
      [
        0.9904599606590565,
        {
          "sent_ind_in_marked_db": 49,
          "sent_vector": [
            0.05882352941176471,
            0.029411764705882356,
            0.0,
            0.03088781226689574,
            0.0,
            0.11939724144123848,
            0.3242424242424243
          ]
        }
      ],
      [
        0.9863224656668226,
        {
          "sent_ind_in_marked_db": 34,
          "sent_vector": [
            0.0,
            0.0625,
            0.0,
            0.0,
            0.0,
            0.12352849463183722,
            0.2466666666666667
          ]
        }
      ],
      [
        0.9810861182722487,
        {
          "sent_ind_in_marked_db": 33,
          "sent_vector": [
            0.02777777777777778,
            0.05555555555555556,
            0.06264408677936208,
            0.0,
            0.0,
            0.1314128277272019,
            0.32000000000000006
          ]
        }
      ],
      [
        0.9786898896818153,
        {
          "sent_ind_in_marked_db": 31,
          "sent_vector": [
            0.0,
            0.0,
            0.0,
            0.0,
            0.0,
            0.12183800888898155,
            0.27142857142857146
          ]
        }
      ],
      [
        0.9779372232370189,
        {
          "sent_ind_in_marked_db": 4,
          "sent_vector": [
            0.0,
            0.0,
            0.0,
            0.0,
            0.0,
            0.10748019256397572,
            0.2052631578947369
          ]
        }
      ]
    ]
  ],
  "similar_collocations": [
    [
      "новосибирский певица",
      []
    ],
    [
      "машани",
      []
    ],
    [
      "мария",
      [
        [
          {
            "marked_colloc_db_index": 88,
            "sim_colloc": "виктория и альберт",
            "w2v_sim": 0.6950850332397379,
            "freqence_similarity": 0.9905441426307919
          },
          0.7541768551179487
        ]
      ]
    ],
    [
      "осинцев",
      []
    ],
    [
      "прославляться",
      []
    ],
    [
      "в 2015 год",
      []
    ],
    [
      "песня мый путин",
      []
    ],
    [
      "выпускать новый клип",
      []
    ],
    [
      "рубль",
      []
    ],
    [
      "доллар",
      []
    ],
    [
      "в текст песня",
      []
    ],
    [
      "машани",
      []
    ],
    [
      "обращаться к",
      []
    ],
    [
      "некий",
      []
    ],
    [
      "начальник",
      []
    ],
    [
      "призывать",
      []
    ],
    [
      "он отказываться",
      []
    ],
    [
      "от",
      []
    ],
    [
      "всь валюта чуждой",
      []
    ],
    [
      "плача",
      []
    ],
    [
      "за",
      [
        [
          {
            "marked_colloc_db_index": 30,