{
  "similar_texts": [
    [
      0.9367616092347959,
      {
        "TEXT_IND_in_marked_db": 57,
        "VECTOR": [
          0.5733,
          0.57,
          0.16,
          0.168125,
          0.125,
          0.4375,
          0.03688102971883098,
          0.011887462161585038,
          0.005265091158118429,
          0.031326720738064376,
          0.1997724218319184
        ]
      }
    ],
    [
      0.9367616092347959,
      {
        "TEXT_IND_in_marked_db": 58,
        "VECTOR": [
          0.5733,
          0.57,
          0.16,
          0.168125,
          0.125,
          0.4375,
          0.03688102971883098,
          0.011887462161585038,
          0.005265091158118429,
          0.031326720738064376,
          0.1997724218319184
        ]
      }
    ],
    [
      0.9367616092347959,
      {
        "TEXT_IND_in_marked_db": 59,
        "VECTOR": [
          0.5733,
          0.57,
          0.16,
          0.168125,
          0.125,
          0.4375,
          0.03688102971883098,
          0.011887462161585038,
          0.005265091158118429,
          0.031326720738064376,
          0.1997724218319184
        ]
      }
    ],
    [
      0.8873404224130792,
      {
        "TEXT_IND_in_marked_db": 68,
        "VECTOR": [
          0.6141,
          0.58,
          0.24,
          0.18583333333333327,
          0.2083333333333333,
          0.375,
          0.006585866126709189,
          0.014642852438090225,
          0.003429126360975928,
          0.03920183376433264,
          0.2146657368661088
        ]
      }
    ],
    [
      0.8873404224130792,
      {
        "TEXT_IND_in_marked_db": 69,
        "VECTOR": [
          0.6141,
          0.58,
          0.24,
          0.18583333333333327,
          0.2083333333333333,
          0.375,
          0.006585866126709189,
          0.014642852438090225,
          0.003429126360975928,
          0.03920183376433264,
          0.2146657368661088
        ]
      }
    ]
  ],
  "simiar_sentences": [
    [
      [
        0.992013534505139,
        {
          "sent_ind_in_marked_db": 53,
          "sent_vector": [
            0.0,
            0.047619047619047616,
            0.0,
            0.0640807416179989,
            0.0,
            0.3249517639466085,
            0.19
          ]
        }
      ],
      [
        0.982807510528349,
        {
          "sent_ind_in_marked_db": 30,
          "sent_vector": [
            0.0,
            0.0,
            0.0,
            0.0,
            0.0,
            0.3410809193522841,
            0.2540540540540541
          ]
        }
      ],
      [
        0.9823720082024527,
        {
          "sent_ind_in_marked_db": 60,
          "sent_vector": [
            0.0,
            0.0,
            0.0,
            0.0,
            0.0,
            0.2005065396327602,
            0.16363636363636366
          ]
        }
      ],
      [
        0.9822612799442838,
        {
          "sent_ind_in_marked_db": 67,
          "sent_vector": [
            0.0,
            0.0,
            0.0,
            0.05809217057865184,
            0.0,
            0.3105428555942213,
            0.3133333333333333
          ]
        }
      ],
      [
        0.9772525122772222,
        {
          "sent_ind_in_marked_db": 6,
          "sent_vector": [
            0.0,
            0.0,
            0.0,
            0.09333862882325043,
            0.0,
            0.2370974861329268,
            0.208
          ]
        }
      ]
    ],
    [
      [
        0.9762656346747826,
        {
          "sent_ind_in_marked_db": 74,
          "sent_vector": [
            0.0,
            0.0,
            0.0,
            0.09426207629869852,
            0.0,
            0.0,
            0.1545454545454545
          ]
        }
      ],
      [
        0.9751677354784347,
        {
          "sent_ind_in_marked_db": 20,
          "sent_vector": [
            0.0,
            0.0,
            0.0,
            0.13304593984340496,
            0.0,
            0.0,
            0.25
          ]
        }
      ],
      [
        0.973838166203246,
        {
          "sent_ind_in_marked_db": 5,
          "sent_vector": [
            0.0,
            0.0,
            0.0,
            0.1258313320011656,
            0.0,
            0.0,
            0.25
          ]
        }
      ],
      [
        0.9582152012057615,
        {
          "sent_ind_in_marked_db": 55,
          "sent_vector": [
            0.0,
            0.0,
            0.0572208024040625,
            0.1578167247370857,
            0.0,
            0.0,
            0.25
          ]
        }
      ],
      [
        0.9313978522039201,
        {
          "sent_ind_in_marked_db": 37,
          "sent_vector": [
            0.05,
            0.05,
            0.0,
            0.049301725984711366,
            0.0,
            0.0,
            0.21578947368421053
          ]
        }
      ]
    ],
    [
      [
        0.999783056728112,
        {
          "sent_ind_in_marked_db": 58,
          "sent_vector": [
            0.0,
            0.07692307692307693,
            0.0,
            0.0,
            0.0,
            0.0,
            0.1666666666666667
          ]
        }
      ],
      [
        0.998325749547116,
        {
          "sent_ind_in_marked_db": 32,
          "sent_vector": [
            0.0,
            0.07692307692307693,
            0.0,
            0.0,
            0.0,
            0.0,
            0.20833333333333337
          ]
        }
      ],
      [
        0.9981885238220839,
        {
          "sent_ind_in_marked_db": 71,
          "sent_vector": [
            0.0,
            0.14285714285714288,
            0.0,
            0.0,
            0.0,
            0.0,
            0.28
          ]
        }
      ],
      [
        0.9740148222367514,
        {
          "sent_ind_in_marked_db": 16,
          "sent_vector": [
            0.0,
            0.03703703703703704,
            0.0,
            0.0,
            0.0,
            0.0,
            0.2
          ]
        }
      ],
      [
        0.9603431041916647,
        {
          "sent_ind_in_marked_db": 77,
          "sent_vector": [
            0.038461538461538464,
            0.07692307692307693,
            0.0,
            0.0,
            0.045647835212988326,
            0.0,
            0.192
          ]
        }
      ]
    ]
  ],
  "similar_collocations": [
    [
      "группа pussy riot",
      []
    ],
    [
      "опубликовывать",
      []
    ],
    [
      "новый клип",
      [
        [
          {
            "marked_colloc_db_index": 146,
            "sim_colloc": "новый альб",
            "w2v_sim": 0.7303294438749732,
            "freqence_similarity": 0.9976558420266924
          },
          0.7837947235053171
        ]
      ]
    ],
    [
      "снимать на песня",
      []
    ],
    [
      "refugees",
      []
    ],
    [
      "in который проект",
      []
    ],
    [
      "впервые",
      []
    ],
    [
      "представлять",
      []
    ],
    [
      "в конец сентябрь",
      []
    ],
    [
      "на",
      [
        [
          {
            "marked_colloc_db_index": 82,
            "sim_colloc": "на",
            "w2v_sim": 1.0,
            "freqence_similarity": 1.0
          },
          1.0
        ],
        [
          {
            "marked_colloc_db_index": 168,
            "sim_colloc": "на",
            "w2v_sim": 1.0,
            "freqence_similarity": 1.0
          },
          1.0
        ],
        [
          {
            "marked_colloc_db_index": 175,
            "sim_colloc": "на",
            "w2v_sim": 1.0,
            "freqence_similarity": 1.0
          },
          1.0
        ],
        [
          {
            "marked_colloc_db_index": 183,
            "sim_colloc": "на",
            "w2v_sim": 1.0,