{
  "similar_texts": [
    [
      0.983212802377578,
      {
        "TEXT_IND_in_marked_db": 57,
        "VECTOR": [
          0.5733,
          0.57,
          0.16,
          0.168125,
          0.125,
          0.4375,
          0.03688102971883098,
          0.011887462161585038,
          0.005265091158118429,
          0.031326720738064376,
          0.1997724218319184
        ]
      }
    ],
    [
      0.983212802377578,
      {
        "TEXT_IND_in_marked_db": 58,
        "VECTOR": [
          0.5733,
          0.57,
          0.16,
          0.168125,
          0.125,
          0.4375,
          0.03688102971883098,
          0.011887462161585038,
          0.005265091158118429,
          0.031326720738064376,
          0.1997724218319184
        ]
      }
    ],
    [
      0.983212802377578,
      {
        "TEXT_IND_in_marked_db": 59,
        "VECTOR": [
          0.5733,
          0.57,
          0.16,
          0.168125,
          0.125,
          0.4375,
          0.03688102971883098,
          0.011887462161585038,
          0.005265091158118429,
          0.031326720738064376,
          0.1997724218319184
        ]
      }
    ],
    [
      0.9658610474576551,
      {
        "TEXT_IND_in_marked_db": 68,
        "VECTOR": [
          0.6141,
          0.58,
          0.24,
          0.18583333333333327,
          0.2083333333333333,
          0.375,
          0.006585866126709189,
          0.014642852438090225,
          0.003429126360975928,
          0.03920183376433264,
          0.2146657368661088
        ]
      }
    ],
    [
      0.9658610474576551,
      {
        "TEXT_IND_in_marked_db": 69,
        "VECTOR": [
          0.6141,
          0.58,
          0.24,
          0.18583333333333327,
          0.2083333333333333,
          0.375,
          0.006585866126709189,
          0.014642852438090225,
          0.003429126360975928,
          0.03920183376433264,
          0.2146657368661088
        ]
      }
    ]
  ],
  "simiar_sentences": [
    [
      [
        0.9999797995351296,
        {
          "sent_ind_in_marked_db": 32,
          "sent_vector": [
            0.0,
            0.07692307692307693,
            0.0,
            0.0,
            0.0,
            0.0,
            0.20833333333333337
          ]
        }
      ],
      [
        0.9973839925436573,
        {
          "sent_ind_in_marked_db": 58,
          "sent_vector": [
            0.0,
            0.07692307692307693,
            0.0,
            0.0,
            0.0,
            0.0,
            0.1666666666666667
          ]
        }
      ],
      [
        0.9937660118149186,
        {
          "sent_ind_in_marked_db": 71,
          "sent_vector": [
            0.0,
            0.14285714285714288,
            0.0,
            0.0,
            0.0,
            0.0,
            0.28
          ]
        }
      ],
      [
        0.9843854179540689,
        {
          "sent_ind_in_marked_db": 16,
          "sent_vector": [
            0.0,
            0.03703703703703704,
            0.0,
            0.0,
            0.0,
            0.0,
            0.2
          ]
        }
      ],
      [
        0.9678316477558147,
        {
          "sent_ind_in_marked_db": 73,
          "sent_vector": [
            0.05,
            0.05,
            0.0,
            0.0,
            0.0,
            0.0,
            0.31052631578947365
          ]
        }
      ]
    ],
    [
      [
        0.9502017162193286,
        {
          "sent_ind_in_marked_db": 43,
          "sent_vector": [
            0.0,
            0.0,
            0.0753396136897156,
            0.0753396136897156,
            0.0,
            0.0,
            0.1666666666666667
          ]
        }
      ],
      [
        0.9163102472008575,
        {
          "sent_ind_in_marked_db": 55,
          "sent_vector": [
            0.0,
            0.0,
            0.0572208024040625,
            0.1578167247370857,
            0.0,
            0.0,
            0.25
          ]
        }
      ],
      [
        0.8294180468724064,
        {
          "sent_ind_in_marked_db": 45,
          "sent_vector": [
            0.0,
            0.0,
            0.12577529619173847,
            0.0,
            0.0,
            0.0,
            0.1916666666666667
          ]
        }
      ],
      [
        0.8253095003071447,
        {
          "sent_ind_in_marked_db": 74,
          "sent_vector": [
            0.0,
            0.0,
            0.0,
            0.09426207629869852,
            0.0,
            0.0,
            0.1545454545454545
          ]
        }
      ],
      [
        0.8215216768531123,
        {
          "sent_ind_in_marked_db": 59,
          "sent_vector": [
            0.0,
            0.0,
            0.14797647247112883,
            0.0,
            0.0,
            0.0,
            0.2571428571428572
          ]
        }
      ]
    ],
    [
      [
        0.9820051786343866,
        {
          "sent_ind_in_marked_db": 49,
          "sent_vector": [
            0.05882352941176471,
            0.029411764705882356,
            0.0,
            0.03088781226689574,
            0.0,
            0.11939724144123848,
            0.3242424242424243
          ]
        }
      ],
      [
        0.9687321710709179,
        {
          "sent_ind_in_marked_db": 33,
          "sent_vector": [
            0.02777777777777778,
            0.05555555555555556,
            0.06264408677936208,
            0.0,
            0.0,
            0.1314128277272019,
            0.32000000000000006
          ]
        }
      ],
      [
        0.9683412741931197,
        {
          "sent_ind_in_marked_db": 22,
          "sent_vector": [
            0.0,
            0.0,
            0.0,
            0.0,
            0.0,
            0.07572391482994867,
            0.20952380952380958
          ]
        }
      ],
      [
        0.9667891046743846,
        {
          "sent_ind_in_marked_db": 70,
          "sent_vector": [
            0.0,
            0.0,
            0.0,
            0.0,
            0.0,
            0.06999109459395747,
            0.2625
          ]
        }
      ],
      [
        0.9657276179515655,
        {
          "sent_ind_in_marked_db": 34,
          "sent_vector": [
            0.0,
            0.0625,
            0.0,
            0.0,
            0.0,
            0.12352849463183722,
            0.2466666666666667
          ]
        }
      ]
    ],
    [
      [
        0.9958372617689006,
        {
          "sent_ind_in_marked_db": 34,
          "sent_vector": [
            0.0,
            0.0625,
            0.0,
            0.0,
            0.0,
            0.12352849463183722,
            0.2466666666666667
          ]
        }
      ],
      [
        0.9836419826196259,
        {
          "sent_ind_in_marked_db": 22,
          "sent_vector": [
            0.0,
            0.0,
            0.0,
            0.0,
            0.0,
            0.07572391482994867,
            0.20952380952380958
          ]
        }
      ],
      [
        0.983575730324975,
        {
          "sent_ind_in_marked_db": 31,
          "sent_vector": [
            0.0,
            0.0,
            0.0,
            0.0,
            0.0,
            0.12183800888898155,
            0.27142857142857146
          ]
        }
      ],
      [
        0.9812244164885201,
        {
          "sent_ind_in_marked_db": 33,
          "sent_vector": [
            0.02777777777777778,
            0.05555555555555556,
            0.06264408677936208,
            0.0,
            0.0,
            0.1314128277272019,
            0.32000000000000006
          ]
        }
      ],
      [
        0.9794934226915474,
        {
          "sent_ind_in_marked_db": 4,