{
  "similar_texts": [
    [
      0.940512407770706,
      {
        "TEXT_IND_in_marked_db": 60,
        "VECTOR": [
          0.5918,
          0.72,
          0.13,
          0.1230769230769231,
          0.0,
          0.0,
          0.051054401123667804,
          0.0,
          0.0,
          0.12894061924350456,
          0.17880170324502306
        ]
      }
    ],
    [
      0.940512407770706,
      {
        "TEXT_IND_in_marked_db": 61,
        "VECTOR": [
          0.5918,
          0.72,
          0.13,
          0.1230769230769231,
          0.0,
          0.0,
          0.051054401123667804,
          0.0,
          0.0,
          0.12894061924350456,
          0.17880170324502306
        ]
      }
    ],
    [
      0.940512407770706,
      {
        "TEXT_IND_in_marked_db": 62,
        "VECTOR": [
          0.5918,
          0.72,
          0.13,
          0.1230769230769231,
          0.0,
          0.0,
          0.051054401123667804,
          0.0,
          0.0,
          0.12894061924350456,
          0.17880170324502306
        ]
      }
    ],
    [
      0.940512407770706,
      {
        "TEXT_IND_in_marked_db": 63,
        "VECTOR": [
          0.5918,
          0.72,
          0.13,
          0.1230769230769231,
          0.0,
          0.0,
          0.051054401123667804,
          0.0,
          0.0,
          0.12894061924350456,
          0.17880170324502306
        ]
      }
    ],
    [
      0.9292065214411517,
      {
        "TEXT_IND_in_marked_db": 64,
        "VECTOR": [
          0.5116,
          0.58,
          0.15,
          0.152,
          0.0,
          0.0,
          0.005104617940803969,
          0.019044894855121567,
          0.0,
          0.1174543328523203,
          0.207511902585432
        ]
      }
    ]
  ],
  "simiar_sentences": [
    [
      [
        0.9997352441204634,
        {
          "sent_ind_in_marked_db": 60,
          "sent_vector": [
            0.0,
            0.0,
            0.0,
            0.0,
            0.0,
            0.2005065396327602,
            0.16363636363636366
          ]
        }
      ],
      [
        0.9977358783663677,
        {
          "sent_ind_in_marked_db": 30,
          "sent_vector": [
            0.0,
            0.0,
            0.0,
            0.0,
            0.0,
            0.3410809193522841,
            0.2540540540540541
          ]
        }
      ],
      [
        0.9880795367229078,
        {
          "sent_ind_in_marked_db": 67,
          "sent_vector": [
            0.0,
            0.0,
            0.0,
            0.05809217057865184,
            0.0,
            0.3105428555942213,
            0.3133333333333333
          ]
        }
      ],
      [
        0.98351830483944,
        {
          "sent_ind_in_marked_db": 3,
          "sent_vector": [
            0.0,
            0.0,
            0.0,
            0.0,
            0.0,
            0.17767437977742984,
            0.21904761904761907
          ]
        }
      ],
      [
        0.9743158045761303,
        {
          "sent_ind_in_marked_db": 18,
          "sent_vector": [
            0.0,
            0.0,
            0.0,
            0.0,
            0.0,
            0.25587955177537897,
            0.1333333333333333
          ]
        }
      ]
    ],
    [
      [
        0.9995135286950239,
        {
          "sent_ind_in_marked_db": 27,
          "sent_vector": [
            0.0,
            0.0,
            0.0,
            0.0,
            0.0,
            0.4803431538159436,
            0.125
          ]
        }
      ],
      [
        0.986580583035628,
        {
          "sent_ind_in_marked_db": 46,
          "sent_vector": [
            0.0,
            0.125,
            0.0,
            0.0,
            0.0,
            0.7640228066890438,
            0.14285714285714288
          ]
        }
      ],
      [
        0.9814323853202085,
        {
          "sent_ind_in_marked_db": 25,
          "sent_vector": [
            0.0,
            0.0,
            0.0,
            0.0,
            0.0,
            0.33917020866118625,
            0.15000000000000002
          ]
        }
      ],
      [
        0.9804060902566161,
        {
          "sent_ind_in_marked_db": 29,
          "sent_vector": [
            0.0,
            0.0,
            0.0,
            0.0,
            0.0,
            0.35667902536280593,
            0.16000000000000003
          ]
        }
      ],
      [
        0.9671626939228557,
        {
          "sent_ind_in_marked_db": 18,
          "sent_vector": [
            0.0,
            0.0,
            0.0,
            0.0,
            0.0,
            0.25587955177537897,
            0.1333333333333333
          ]
        }
      ]
    ]
  ],
  "similar_collocations": [
    [
      "во время концерт в",
      []
    ],
    [
      "екатеринбург",
      [
        [
          {
            "marked_colloc_db_index": 40,
            "sim_colloc": "петербург",
            "w2v_sim": 0.7052636647884212,
            "freqence_similarity": 0.9467498025431077
          },
          0.7535608923393585
        ]
      ]
    ],
    [
      "9 ноябрь",
      [
        [
          {
            "marked_colloc_db_index": 49,
            "sim_colloc": "сентябрь",
            "w2v_sim": 0.979731528089482,
            "freqence_similarity": 0.9976854295539355
          },
          0.9833223083823728
        ],
        [
          {
            "marked_colloc_db_index": 174,
            "sim_colloc": "апрель 2014 год",
            "w2v_sim": 0.7288819930345138,
            "freqence_similarity": 0.9818950889458783
          },
          0.7794846122167868
        ]
      ]
    ],
    [
      "певец и лидер рок",
      []
    ],
    [
      "группа ддт юрий шевчук",
      []
    ],
    [
      "посвящать свой",
      []
    ],
    [
      "песня ветер жертва",
      []
    ],
    [
      "авиакатастрофа а321",
      []
    ],
    [
      "в",
      [
        [
          {
            "marked_colloc_db_index": 3,
            "sim_colloc": "в",
            "w2v_sim": 1.0000000000000004,
            "freqence_similarity": 1.0
          },
          1.0000000000000004
        ],
        [
          {
            "marked_colloc_db_index": 110,
            "sim_colloc": "в",
            "w2v_sim": 1.0000000000000004,
            "freqence_similarity": 1.0
          },
          1.0000000000000004
        ],
        [
          {
            "marked_colloc_db_index": 114,
            "sim_colloc": "в",
            "w2v_sim": 1.0000000000000004,
            "freqence_similarity": 1.0
          },
          1.0000000000000004
        ],
        [
          {
            "marked_colloc_db_index": 118,
            "sim_colloc": "в",
            "w2v_sim": 1.0000000000000004,
            "freqence_similarity": 1.0
          },
          1.0000000000000004
        ],
        [
          {
            "marked_colloc_db_index": 128,
            "sim_colloc": "в",
            "w2v_sim": 1.0000000000000004,
            "freqence_similarity": 1.0
          },
          1.0000000000000004
        ]
      ]
    ],
    [
      "небо",
      []
    ],
    [
      "над",
      []
    ],
    [
      "египт",
      []
    ],
    [
      "во время исполнение композиция",
      []
    ],
    [
      "слушатель",
      [
        [
          {
            "marked_colloc_db_index": 300,
            "sim_colloc": "благодарный слушатель",
            "w2v_sim": 0.7590429245526025,
            "freqence_similarity": 0.9980938628621486
          },
          0.8068531122145118
        ]
      ]
    ],
    [
      "вставать на",
      []
    ],
    [
      "колено",
      []
    ]
  ]
}