{
  "similar_texts": [
    [
      0.9956258026616013,
      {
        "TEXT_IND_in_marked_db": 0,
        "VECTOR": [
          0.6118,
          0.75,
          0.1,
          0.166,
          0.2,
          0.2,
          0.024266827607358692,
          0.030002295475404474,
          0.0,
          0.07131167644959037,
          0.191510992676087
        ]
      }
    ],
    [
      0.9956258026616013,
      {
        "TEXT_IND_in_marked_db": 1,
        "VECTOR": [
          0.6118,
          0.75,
          0.1,
          0.166,
          0.2,
          0.2,
          0.024266827607358692,
          0.030002295475404474,
          0.0,
          0.07131167644959037,
          0.191510992676087
        ]
      }
    ],
    [
      0.9956258026616013,
      {
        "TEXT_IND_in_marked_db": 2,
        "VECTOR": [
          0.6118,
          0.75,
          0.1,
          0.166,
          0.2,
          0.2,
          0.024266827607358692,
          0.030002295475404474,
          0.0,
          0.07131167644959037,
          0.191510992676087
        ]
      }
    ],
    [
      0.9769509975719548,
      {
        "TEXT_IND_in_marked_db": 9,
        "VECTOR": [
          0.5788000000000001,
          0.7,
          0.15,
          0.1586666666666667,
          0.33333333333333326,
          0.2666666666666666,
          0.03138418932732309,
          0.032255172907681075,
          0.0,
          0.13056425505926705,
          0.20942576798157186
        ]
      }
    ],
    [
      0.9769509975719548,
      {
        "TEXT_IND_in_marked_db": 10,
        "VECTOR": [
          0.5788000000000001,
          0.7,
          0.15,
          0.1586666666666667,
          0.33333333333333326,
          0.2666666666666666,
          0.03138418932732309,
          0.032255172907681075,
          0.0,
          0.13056425505926705,
          0.20942576798157186
        ]
      }
    ]
  ],
  "simiar_sentences": [
    [
      [
        0.888852897824026,
        {
          "sent_ind_in_marked_db": 43,
          "sent_vector": [
            0.0,
            0.0,
            0.0753396136897156,
            0.0753396136897156,
            0.0,
            0.0,
            0.1666666666666667
          ]
        }
      ],
      [
        0.8683428285512724,
        {
          "sent_ind_in_marked_db": 45,
          "sent_vector": [
            0.0,
            0.0,
            0.12577529619173847,
            0.0,
            0.0,
            0.0,
            0.1916666666666667
          ]
        }
      ],
      [
        0.8478100697601196,
        {
          "sent_ind_in_marked_db": 59,
          "sent_vector": [
            0.0,
            0.0,
            0.14797647247112883,
            0.0,
            0.0,
            0.0,
            0.2571428571428572
          ]
        }
      ],
      [
        0.8457711540693149,
        {
          "sent_ind_in_marked_db": 63,
          "sent_vector": [
            0.0,
            0.0,
            0.11964332851541543,
            0.0,
            0.0,
            0.0,
            0.21052631578947367
          ]
        }
      ],
      [
        0.8162594770580849,
        {
          "sent_ind_in_marked_db": 41,
          "sent_vector": [
            0.0,
            0.0,
            0.08581381041631955,
            0.0,
            0.0,
            0.0,
            0.18000000000000002
          ]
        }
      ]
    ],
    [
      [
        0.9920948728607413,
        {
          "sent_ind_in_marked_db": 8,
          "sent_vector": [
            0.0,
            0.0,
            0.04857791214148391,
            0.037409512160146506,
            0.0,
            0.07481902432029298,
            0.2708333333333334
          ]
        }
      ],
      [
        0.9790756207021679,
        {
          "sent_ind_in_marked_db": 1,
          "sent_vector": [
            0.01851851851851852,
            0.0,
            0.02135345373297045,
            0.0,
            0.0,
            0.0427069074659409,
            0.34716981132075475
          ]
        }
      ],
      [
        0.9750682838440294,
        {
          "sent_ind_in_marked_db": 12,
          "sent_vector": [
            0.0,
            0.0,
            0.04413613884798124,
            0.0,
            0.0,
            0.08827227769596248,
            0.2851851851851852
          ]
        }
      ],
      [
        0.9696892574671107,
        {
          "sent_ind_in_marked_db": 80,
          "sent_vector": [
            0.0,
            0.0,
            0.0,
            0.0,
            0.0,
            0.07016190620602235,
            0.3266666666666666
          ]
        }
      ],
      [
        0.9672983175843254,
        {
          "sent_ind_in_marked_db": 26,
          "sent_vector": [
            0.0,
            0.034482758620689655,
            0.0416805914980162,
            0.0782439717624426,
            0.0,
            0.0833611829960324,
            0.2321428571428572
          ]
        }
      ]
    ],
    [
      [
        0.9635953708339482,
        {
          "sent_ind_in_marked_db": 37,
          "sent_vector": [
            0.05,
            0.05,
            0.0,
            0.049301725984711366,
            0.0,
            0.0,
            0.21578947368421053
          ]
        }
      ],
      [
        0.9566129516135636,
        {
          "sent_ind_in_marked_db": 5,
          "sent_vector": [
            0.0,
            0.0,
            0.0,
            0.1258313320011656,
            0.0,
            0.0,
            0.25
          ]
        }
      ],
      [
        0.9545020920275569,
        {
          "sent_ind_in_marked_db": 20,
          "sent_vector": [
            0.0,
            0.0,
            0.0,
            0.13304593984340496,
            0.0,
            0.0,
            0.25
          ]
        }
      ],
      [
        0.9467903814258448,
        {
          "sent_ind_in_marked_db": 74,
          "sent_vector": [
            0.0,
            0.0,
            0.0,
            0.09426207629869852,
            0.0,
            0.0,
            0.1545454545454545
          ]
        }
      ],
      [
        0.9329711558284655,
        {
          "sent_ind_in_marked_db": 32,
          "sent_vector": [
            0.0,
            0.07692307692307693,
            0.0,
            0.0,
            0.0,
            0.0,
            0.20833333333333337
          ]
        }
      ]
    ],
    [
      [
        0.9636920900423078,
        {
          "sent_ind_in_marked_db": 52,
          "sent_vector": [
            0.0,
            0.0,
            0.0,
            0.0,
            0.0,
            0.11705509415354222,
            0.195
          ]
        }
      ],
      [
        0.9598428292941781,
        {
          "sent_ind_in_marked_db": 4,
          "sent_vector": [
            0.0,
            0.0,
            0.0,
            0.0,
            0.0,
            0.10748019256397572,
            0.2052631578947369
          ]
        }
      ],
      [
        0.959485945375795,
        {
          "sent_ind_in_marked_db": 3,
          "sent_vector": [
            0.0,
            0.0,
            0.0,
            0.0,
            0.0,
            0.17767437977742984,
            0.21904761904761907
          ]
        }
      ],
      [
        0.9548327137122699,
        {
          "sent_ind_in_marked_db": 68,
          "sent_vector": [
            0.0,
            0.04166666666666666,
            0.0,
            0.0,
            0.0,
            0.18314321740571865,
            0.25217391304347836
          ]
        }
      ],
      [
        0.9524068501615532,
        {
          "sent_ind_in_marked_db": 31,