{
  "similar_texts": [
    [
      0.9916536938151695,
      {
        "TEXT_IND_in_marked_db": 17,
        "VECTOR": [
          0.6818000000000001,
          0.68,
          0.11,
          0.15545454545454546,
          0.0,
          0.09090909090909091,
          0.013306500558806108,
          0.01947401807081597,
          0.0,
          0.06277843761452434,
          0.19188311688311688
        ]
      }
    ],
    [
      0.9916536938151695,
      {
        "TEXT_IND_in_marked_db": 18,
        "VECTOR": [
          0.6818000000000001,
          0.68,
          0.11,
          0.15545454545454546,
          0.0,
          0.09090909090909091,
          0.013306500558806108,
          0.01947401807081597,
          0.0,
          0.06277843761452434,
          0.19188311688311688
        ]
      }
    ],
    [
      0.9916536938151695,
      {
        "TEXT_IND_in_marked_db": 19,
        "VECTOR": [
          0.6818000000000001,
          0.68,
          0.11,
          0.15545454545454546,
          0.0,
          0.09090909090909091,
          0.013306500558806108,
          0.01947401807081597,
          0.0,
          0.06277843761452434,
          0.19188311688311688
        ]
      }
    ],
    [
      0.9916536938151695,
      {
        "TEXT_IND_in_marked_db": 20,
        "VECTOR": [
          0.6818000000000001,
          0.68,
          0.11,
          0.15545454545454546,
          0.0,
          0.09090909090909091,
          0.013306500558806108,
          0.01947401807081597,
          0.0,
          0.06277843761452434,
          0.19188311688311688
        ]
      }
    ],
    [
      0.983763703797615,
      {
        "TEXT_IND_in_marked_db": 41,
        "VECTOR": [
          0.4855,
          0.68,
          0.15,
          0.132,
          0.0,
          0.06666666666666667,
          0.04529319266823577,
          0.005753493789242912,
          0.006191330010150354,
          0.020607082160873102,
          0.18701819748878573
        ]
      }
    ]
  ],
  "simiar_sentences": [
    [
      [
        0.9724450159715521,
        {
          "sent_ind_in_marked_db": 24,
          "sent_vector": [
            0.0,
            0.0,
            0.05824359566409644,
            0.0,
            0.0,
            0.11648719132819288,
            0.1823529411764706
          ]
        }
      ],
      [
        0.9649850081492335,
        {
          "sent_ind_in_marked_db": 79,
          "sent_vector": [
            0.05882352941176471,
            0.0,
            0.08005003702988825,
            0.0,
            0.0,
            0.14189084096060117,
            0.175
          ]
        }
      ],
      [
        0.9634950139007452,
        {
          "sent_ind_in_marked_db": 76,
          "sent_vector": [
            0.047619047619047616,
            0.0,
            0.05801061408677441,
            0.0,
            0.05272854512627896,
            0.24164970352541754,
            0.22
          ]
        }
      ],
      [
        0.9514403193010297,
        {
          "sent_ind_in_marked_db": 19,
          "sent_vector": [
            0.0,
            0.0,
            0.07720533817618477,
            0.0,
            0.0,
            0.10486006238404527,
            0.2066666666666667
          ]
        }
      ],
      [
        0.9377813127503182,
        {
          "sent_ind_in_marked_db": 60,
          "sent_vector": [
            0.0,
            0.0,
            0.0,
            0.0,
            0.0,
            0.2005065396327602,
            0.16363636363636366
          ]
        }
      ]
    ],
    [
      [
        0.9206118424466048,
        {
          "sent_ind_in_marked_db": 76,
          "sent_vector": [
            0.047619047619047616,
            0.0,
            0.05801061408677441,
            0.0,
            0.05272854512627896,
            0.24164970352541754,
            0.22
          ]
        }
      ],
      [
        0.908383350859117,
        {
          "sent_ind_in_marked_db": 79,
          "sent_vector": [
            0.05882352941176471,
            0.0,
            0.08005003702988825,
            0.0,
            0.0,
            0.14189084096060117,
            0.175
          ]
        }
      ],
      [
        0.9015949540677898,
        {
          "sent_ind_in_marked_db": 18,
          "sent_vector": [
            0.0,
            0.0,
            0.0,
            0.0,
            0.0,
            0.25587955177537897,
            0.1333333333333333
          ]
        }
      ],
      [
        0.8982325194666427,
        {
          "sent_ind_in_marked_db": 29,
          "sent_vector": [
            0.0,
            0.0,
            0.0,
            0.0,
            0.0,
            0.35667902536280593,
            0.16000000000000003
          ]
        }
      ],
      [
        0.8977781818948223,
        {
          "sent_ind_in_marked_db": 25,
          "sent_vector": [
            0.0,
            0.0,
            0.0,
            0.0,
            0.0,
            0.33917020866118625,
            0.15000000000000002
          ]
        }
      ]
    ],
    [
      [
        0.9999469717743563,
        {
          "sent_ind_in_marked_db": 30,
          "sent_vector": [
            0.0,
            0.0,
            0.0,
            0.0,
            0.0,
            0.3410809193522841,
            0.2540540540540541
          ]
        }
      ],
      [
        0.9994222297508936,
        {
          "sent_ind_in_marked_db": 60,
          "sent_vector": [
            0.0,
            0.0,
            0.0,
            0.0,
            0.0,
            0.2005065396327602,
            0.16363636363636366
          ]
        }
      ],
      [
        0.9855632090148958,
        {
          "sent_ind_in_marked_db": 18,
          "sent_vector": [
            0.0,
            0.0,
            0.0,
            0.0,
            0.0,
            0.25587955177537897,
            0.1333333333333333
          ]
        }
      ],
      [
        0.9818268599807333,
        {
          "sent_ind_in_marked_db": 67,
          "sent_vector": [
            0.0,
            0.0,
            0.0,
            0.05809217057865184,
            0.0,
            0.3105428555942213,
            0.3133333333333333
          ]
        }
      ],
      [
        0.9739345806987958,
        {
          "sent_ind_in_marked_db": 29,
          "sent_vector": [
            0.0,
            0.0,
            0.0,
            0.0,
            0.0,
            0.35667902536280593,
            0.16000000000000003
          ]
        }
      ]
    ],
    [
      [
        0.9953519830204381,
        {
          "sent_ind_in_marked_db": 5,
          "sent_vector": [
            0.0,
            0.0,
            0.0,
            0.1258313320011656,
            0.0,
            0.0,
            0.25
          ]
        }
      ],
      [
        0.9929027919434208,
        {
          "sent_ind_in_marked_db": 20,
          "sent_vector": [
            0.0,
            0.0,
            0.0,
            0.13304593984340496,
            0.0,
            0.0,
            0.25
          ]
        }
      ],
      [
        0.9842283171737483,
        {
          "sent_ind_in_marked_db": 74,
          "sent_vector": [
            0.0,
            0.0,
            0.0,
            0.09426207629869852,
            0.0,
            0.0,
            0.1545454545454545
          ]
        }
      ],
      [
        0.9635062744123237,
        {
          "sent_ind_in_marked_db": 55,
          "sent_vector": [
            0.0,
            0.0,
            0.0572208024040625,
            0.1578167247370857,
            0.0,
            0.0,
            0.25
          ]
        }
      ],
      [
        0.942546752277684,
        {
          "sent_ind_in_marked_db": 37,