{
  "similar_texts": [
    [
      0.981717900358557,
      {
        "TEXT_IND_in_marked_db": 9,
        "VECTOR": [
          0.5788000000000001,
          0.7,
          0.15,
          0.1586666666666667,
          0.33333333333333326,
          0.2666666666666666,
          0.03138418932732309,
          0.032255172907681075,
          0.0,
          0.13056425505926705,
          0.20942576798157186
        ]
      }
    ],
    [
      0.981717900358557,
      {
        "TEXT_IND_in_marked_db": 10,
        "VECTOR": [
          0.5788000000000001,
          0.7,
          0.15,
          0.1586666666666667,
          0.33333333333333326,
          0.2666666666666666,
          0.03138418932732309,
          0.032255172907681075,
          0.0,
          0.13056425505926705,
          0.20942576798157186
        ]
      }
    ],
    [
      0.981717900358557,
      {
        "TEXT_IND_in_marked_db": 11,
        "VECTOR": [
          0.5788000000000001,
          0.7,
          0.15,
          0.1586666666666667,
          0.33333333333333326,
          0.2666666666666666,
          0.03138418932732309,
          0.032255172907681075,
          0.0,
          0.13056425505926705,
          0.20942576798157186
        ]
      }
    ],
    [
      0.981717900358557,
      {
        "TEXT_IND_in_marked_db": 12,
        "VECTOR": [
          0.5788000000000001,
          0.7,
          0.15,
          0.1586666666666667,
          0.33333333333333326,
          0.2666666666666666,
          0.03138418932732309,
          0.032255172907681075,
          0.0,
          0.13056425505926705,
          0.20942576798157186
        ]
      }
    ],
    [
      0.9811531598002307,
      {
        "TEXT_IND_in_marked_db": 0,
        "VECTOR": [
          0.6118,
          0.75,
          0.1,
          0.166,
          0.2,
          0.2,
          0.024266827607358692,
          0.030002295475404474,
          0.0,
          0.07131167644959037,
          0.191510992676087
        ]
      }
    ]
  ],
  "simiar_sentences": [
    [
      [
        1.0,
        {
          "sent_ind_in_marked_db": 0,
          "sent_vector": [
            0.0,
            0.0,
            0.0,
            0.0,
            0.0,
            0.0,
            0.20909090909090913
          ]
        }
      ],
      [
        1.0,
        {
          "sent_ind_in_marked_db": 9,
          "sent_vector": [
            0.0,
            0.0,
            0.0,
            0.0,
            0.0,
            0.0,
            0.22105263157894736
          ]
        }
      ],
      [
        1.0,
        {
          "sent_ind_in_marked_db": 17,
          "sent_vector": [
            0.0,
            0.0,
            0.0,
            0.0,
            0.0,
            0.0,
            0.2142857142857143
          ]
        }
      ],
      [
        1.0,
        {
          "sent_ind_in_marked_db": 21,
          "sent_vector": [
            0.0,
            0.0,
            0.0,
            0.0,
            0.0,
            0.0,
            0.1777777777777778
          ]
        }
      ],
      [
        1.0,
        {
          "sent_ind_in_marked_db": 23,
          "sent_vector": [
            0.0,
            0.0,
            0.0,
            0.0,
            0.0,
            0.0,
            0.22
          ]
        }
      ]
    ],
    [
      [
        0.9711213441638128,
        {
          "sent_ind_in_marked_db": 27,
          "sent_vector": [
            0.0,
            0.0,
            0.0,
            0.0,
            0.0,
            0.4803431538159436,
            0.125
          ]
        }
      ],
      [
        0.9584795627868319,
        {
          "sent_ind_in_marked_db": 46,
          "sent_vector": [
            0.0,
            0.125,
            0.0,
            0.0,
            0.0,
            0.7640228066890438,
            0.14285714285714288
          ]
        }
      ],
      [
        0.9537322748441172,
        {
          "sent_ind_in_marked_db": 25,
          "sent_vector": [
            0.0,
            0.0,
            0.0,
            0.0,
            0.0,
            0.33917020866118625,
            0.15000000000000002
          ]
        }
      ],
      [
        0.952740901874639,
        {
          "sent_ind_in_marked_db": 29,
          "sent_vector": [
            0.0,
            0.0,
            0.0,
            0.0,
            0.0,
            0.35667902536280593,
            0.16000000000000003
          ]
        }
      ],
      [
        0.9461115647316523,
        {
          "sent_ind_in_marked_db": 53,
          "sent_vector": [
            0.0,
            0.047619047619047616,
            0.0,
            0.0640807416179989,
            0.0,
            0.3249517639466085,
            0.19
          ]
        }
      ]
    ],
    [
      [
        0.9456898421348601,
        {
          "sent_ind_in_marked_db": 15,
          "sent_vector": [
            0.0,
            0.05555555555555556,
            0.13381846042771664,
            0.0,
            0.0,
            0.11464204212262835,
            0.17058823529411762
          ]
        }
      ],
      [
        0.9251513324133531,
        {
          "sent_ind_in_marked_db": 79,
          "sent_vector": [
            0.05882352941176471,
            0.0,
            0.08005003702988825,
            0.0,
            0.0,
            0.14189084096060117,
            0.175
          ]
        }
      ],
      [
        0.9218441099487777,
        {
          "sent_ind_in_marked_db": 10,
          "sent_vector": [
            0.0,
            0.08333333333333331,
            0.046486008424756815,
            0.046486008424756815,
            0.0,
            0.14708013535877704,
            0.25217391304347836
          ]
        }
      ],
      [
        0.9198234776985654,
        {
          "sent_ind_in_marked_db": 26,
          "sent_vector": [
            0.0,
            0.034482758620689655,
            0.0416805914980162,
            0.0782439717624426,
            0.0,
            0.0833611829960324,
            0.2321428571428572
          ]
        }
      ],
      [
        0.9179656717588033,
        {
          "sent_ind_in_marked_db": 57,
          "sent_vector": [
            0.0,
            0.0,
            0.048209953424218514,
            0.048209953424218514,
            0.0,
            0.09641990684843703,
            0.20869565217391303
          ]
        }
      ]
    ],
    [
      [
        0.9670436758906751,
        {
          "sent_ind_in_marked_db": 50,
          "sent_vector": [
            0.0,
            0.0,
            0.0,
            0.177803474600794,
            0.0,
            0.3116192290752773,
            0.2384615384615385
          ]
        }
      ],
      [
        0.9457853549819895,
        {
          "sent_ind_in_marked_db": 53,
          "sent_vector": [
            0.0,
            0.047619047619047616,
            0.0,
            0.0640807416179989,
            0.0,
            0.3249517639466085,
            0.19
          ]
        }
      ],
      [
        0.9362443515595805,
        {
          "sent_ind_in_marked_db": 6,
          "sent_vector": [
            0.0,
            0.0,
            0.0,
            0.09333862882325043,
            0.0,
            0.2370974861329268,
            0.208
          ]
        }
      ],
      [
        0.9171788333689439,
        {
          "sent_ind_in_marked_db": 64,
          "sent_vector": [
            0.0,
            0.0,
            0.0,
            0.09635191804789231,
            0.0,
            0.20731403997687672,
            0.21
          ]
        }
      ],
      [
        0.9053742648449341,
        {
          "sent_ind_in_marked_db": 25,