{
  "similar_texts": [
    [
      0.9872879472405377,
      {
        "TEXT_IND_in_marked_db": 46,
        "VECTOR": [
          0.5722,
          0.68,
          0.14,
          0.15357142857142858,
          0.4285714285714285,
          0.28571428571428564,
          0.013111624318612047,
          0.008781994574065496,
          0.005192070978936289,
          0.1108525853656659,
          0.23957181915828524
        ]
      }
    ],
    [
      0.9872879472405377,
      {
        "TEXT_IND_in_marked_db": 47,
        "VECTOR": [
          0.5722,
          0.68,
          0.14,
          0.15357142857142858,
          0.4285714285714285,
          0.28571428571428564,
          0.013111624318612047,
          0.008781994574065496,
          0.005192070978936289,
          0.1108525853656659,
          0.23957181915828524
        ]
      }
    ],
    [
      0.9872879472405377,
      {
        "TEXT_IND_in_marked_db": 48,
        "VECTOR": [
          0.5722,
          0.68,
          0.14,
          0.15357142857142858,
          0.4285714285714285,
          0.28571428571428564,
          0.013111624318612047,
          0.008781994574065496,
          0.005192070978936289,
          0.1108525853656659,
          0.23957181915828524
        ]
      }
    ],
    [
      0.9872879472405377,
      {
        "TEXT_IND_in_marked_db": 49,
        "VECTOR": [
          0.5722,
          0.68,
          0.14,
          0.15357142857142858,
          0.4285714285714285,
          0.28571428571428564,
          0.013111624318612047,
          0.008781994574065496,
          0.005192070978936289,
          0.1108525853656659,
          0.23957181915828524
        ]
      }
    ],
    [
      0.9800447792747877,
      {
        "TEXT_IND_in_marked_db": 9,
        "VECTOR": [
          0.5788000000000001,
          0.7,
          0.15,
          0.1586666666666667,
          0.33333333333333326,
          0.2666666666666666,
          0.03138418932732309,
          0.032255172907681075,
          0.0,
          0.13056425505926705,
          0.20942576798157186
        ]
      }
    ]
  ],
  "simiar_sentences": [
    [
      [
        0.9998864829710137,
        {
          "sent_ind_in_marked_db": 16,
          "sent_vector": [
            0.0,
            0.03703703703703704,
            0.0,
            0.0,
            0.0,
            0.0,
            0.2
          ]
        }
      ],
      [
        0.9875641105022752,
        {
          "sent_ind_in_marked_db": 73,
          "sent_vector": [
            0.05,
            0.05,
            0.0,
            0.0,
            0.0,
            0.0,
            0.31052631578947365
          ]
        }
      ],
      [
        0.9859139649976427,
        {
          "sent_ind_in_marked_db": 0,
          "sent_vector": [
            0.0,
            0.0,
            0.0,
            0.0,
            0.0,
            0.0,
            0.20909090909090913
          ]
        }
      ],
      [
        0.9859139649976427,
        {
          "sent_ind_in_marked_db": 9,
          "sent_vector": [
            0.0,
            0.0,
            0.0,
            0.0,
            0.0,
            0.0,
            0.22105263157894736
          ]
        }
      ],
      [
        0.9859139649976427,
        {
          "sent_ind_in_marked_db": 17,
          "sent_vector": [
            0.0,
            0.0,
            0.0,
            0.0,
            0.0,
            0.0,
            0.2142857142857143
          ]
        }
      ]
    ],
    [
      [
        0.9857231705516724,
        {
          "sent_ind_in_marked_db": 49,
          "sent_vector": [
            0.05882352941176471,
            0.029411764705882356,
            0.0,
            0.03088781226689574,
            0.0,
            0.11939724144123848,
            0.3242424242424243
          ]
        }
      ],
      [
        0.9813920858343007,
        {
          "sent_ind_in_marked_db": 57,
          "sent_vector": [
            0.0,
            0.0,
            0.048209953424218514,
            0.048209953424218514,
            0.0,
            0.09641990684843703,
            0.20869565217391303
          ]
        }
      ],
      [
        0.9800155561237416,
        {
          "sent_ind_in_marked_db": 2,
          "sent_vector": [
            0.034482758620689655,
            0.034482758620689655,
            0.0,
            0.06348354427589614,
            0.0,
            0.1437595162263608,
            0.2178571428571429
          ]
        }
      ],
      [
        0.975743590979483,
        {
          "sent_ind_in_marked_db": 31,
          "sent_vector": [
            0.0,
            0.0,
            0.0,
            0.0,
            0.0,
            0.12183800888898155,
            0.27142857142857146
          ]
        }
      ],
      [
        0.975105178245937,
        {
          "sent_ind_in_marked_db": 4,
          "sent_vector": [
            0.0,
            0.0,
            0.0,
            0.0,
            0.0,
            0.10748019256397572,
            0.2052631578947369
          ]
        }
      ]
    ],
    [
      [
        0.9996050912651513,
        {
          "sent_ind_in_marked_db": 54,
          "sent_vector": [
            0.07142857142857142,
            0.0,
            0.0,
            0.0,
            0.0,
            0.0,
            0.18461538461538465
          ]
        }
      ],
      [
        0.9975223403132587,
        {
          "sent_ind_in_marked_db": 51,
          "sent_vector": [
            0.09090909090909091,
            0.0,
            0.0,
            0.0,
            0.0,
            0.0,
            0.18000000000000002
          ]
        }
      ],
      [
        0.997032954459177,
        {
          "sent_ind_in_marked_db": 35,
          "sent_vector": [
            0.07142857142857142,
            0.0,
            0.0,
            0.0,
            0.0,
            0.0,
            0.21538461538461534
          ]
        }
      ],
      [
        0.9936986264660195,
        {
          "sent_ind_in_marked_db": 47,
          "sent_vector": [
            0.15000000000000002,
            0.0,
            0.0,
            0.0,
            0.0,
            0.0,
            0.26842105263157895
          ]
        }
      ],
      [
        0.9857482598379933,
        {
          "sent_ind_in_marked_db": 13,
          "sent_vector": [
            0.047619047619047616,
            0.0,
            0.0,
            0.0,
            0.0,
            0.0,
            0.205
          ]
        }
      ]
    ],
    [
      [
        0.9827512467749143,
        {
          "sent_ind_in_marked_db": 5,
          "sent_vector": [
            0.0,
            0.0,
            0.0,
            0.1258313320011656,
            0.0,
            0.0,
            0.25
          ]
        }
      ],
      [
        0.9782885223185098,
        {
          "sent_ind_in_marked_db": 20,
          "sent_vector": [
            0.0,
            0.0,
            0.0,
            0.13304593984340496,
            0.0,
            0.0,
            0.25
          ]
        }
      ],
      [
        0.9644641749593278,
        {
          "sent_ind_in_marked_db": 74,
          "sent_vector": [
            0.0,
            0.0,
            0.0,
            0.09426207629869852,
            0.0,
            0.0,
            0.1545454545454545
          ]
        }
      ],
      [
        0.9609721366499386,
        {
          "sent_ind_in_marked_db": 0,
          "sent_vector": [
            0.0,
            0.0,
            0.0,
            0.0,
            0.0,
            0.0,
            0.20909090909090913
          ]
        }
      ],
      [
        0.9609721366499386,
        {
          "sent_ind_in_marked_db": 9,