{
  "similar_texts": [
    [
      0.9485127765623348,
      {
        "TEXT_IND_in_marked_db": 57,
        "VECTOR": [
          0.5733,
          0.57,
          0.16,
          0.168125,
          0.125,
          0.4375,
          0.03688102971883098,
          0.011887462161585038,
          0.005265091158118429,
          0.031326720738064376,
          0.1997724218319184
        ]
      }
    ],
    [
      0.9485127765623348,
      {
        "TEXT_IND_in_marked_db": 58,
        "VECTOR": [
          0.5733,
          0.57,
          0.16,
          0.168125,
          0.125,
          0.4375,
          0.03688102971883098,
          0.011887462161585038,
          0.005265091158118429,
          0.031326720738064376,
          0.1997724218319184
        ]
      }
    ],
    [
      0.9485127765623348,
      {
        "TEXT_IND_in_marked_db": 59,
        "VECTOR": [
          0.5733,
          0.57,
          0.16,
          0.168125,
          0.125,
          0.4375,
          0.03688102971883098,
          0.011887462161585038,
          0.005265091158118429,
          0.031326720738064376,
          0.1997724218319184
        ]
      }
    ],
    [
      0.9447107067663234,
      {
        "TEXT_IND_in_marked_db": 26,
        "VECTOR": [
          0.6767000000000001,
          0.61,
          0.19,
          0.17210526315789473,
          0.0,
          0.3157894736842105,
          0.008111835003863827,
          0.021489611329159327,
          0.003031587540061533,
          0.20596039472119923,
          0.19377593297330145
        ]
      }
    ],
    [
      0.9447107067663234,
      {
        "TEXT_IND_in_marked_db": 27,
        "VECTOR": [
          0.6767000000000001,
          0.61,
          0.19,
          0.17210526315789473,
          0.0,
          0.3157894736842105,
          0.008111835003863827,
          0.021489611329159327,
          0.003031587540061533,
          0.20596039472119923,
          0.19377593297330145
        ]
      }
    ]
  ],
  "simiar_sentences": [
    [
      [
        0.9948761203984282,
        {
          "sent_ind_in_marked_db": 68,
          "sent_vector": [
            0.0,
            0.04166666666666666,
            0.0,
            0.0,
            0.0,
            0.18314321740571865,
            0.25217391304347836
          ]
        }
      ],
      [
        0.9848165025997282,
        {
          "sent_ind_in_marked_db": 3,
          "sent_vector": [
            0.0,
            0.0,
            0.0,
            0.0,
            0.0,
            0.17767437977742984,
            0.21904761904761907
          ]
        }
      ],
      [
        0.9756601717621152,
        {
          "sent_ind_in_marked_db": 67,
          "sent_vector": [
            0.0,
            0.0,
            0.0,
            0.05809217057865184,
            0.0,
            0.3105428555942213,
            0.3133333333333333
          ]
        }
      ],
      [
        0.9726958851164507,
        {
          "sent_ind_in_marked_db": 60,
          "sent_vector": [
            0.0,
            0.0,
            0.0,
            0.0,
            0.0,
            0.2005065396327602,
            0.16363636363636366
          ]
        }
      ],
      [
        0.9692199795304931,
        {
          "sent_ind_in_marked_db": 52,
          "sent_vector": [
            0.0,
            0.0,
            0.0,
            0.0,
            0.0,
            0.11705509415354222,
            0.195
          ]
        }
      ]
    ],
    [
      [
        0.9999993045708025,
        {
          "sent_ind_in_marked_db": 29,
          "sent_vector": [
            0.0,
            0.0,
            0.0,
            0.0,
            0.0,
            0.35667902536280593,
            0.16000000000000003
          ]
        }
      ],
      [
        0.9999791427252744,
        {
          "sent_ind_in_marked_db": 25,
          "sent_vector": [
            0.0,
            0.0,
            0.0,
            0.0,
            0.0,
            0.33917020866118625,
            0.15000000000000002
          ]
        }
      ],
      [
        0.9983465293739651,
        {
          "sent_ind_in_marked_db": 18,
          "sent_vector": [
            0.0,
            0.0,
            0.0,
            0.0,
            0.0,
            0.25587955177537897,
            0.1333333333333333
          ]
        }
      ],
      [
        0.9858760014486562,
        {
          "sent_ind_in_marked_db": 27,
          "sent_vector": [
            0.0,
            0.0,
            0.0,
            0.0,
            0.0,
            0.4803431538159436,
            0.125
          ]
        }
      ],
      [
        0.9764738621822604,
        {
          "sent_ind_in_marked_db": 30,
          "sent_vector": [
            0.0,
            0.0,
            0.0,
            0.0,
            0.0,
            0.3410809193522841,
            0.2540540540540541
          ]
        }
      ]
    ],
    [
      [
        0.9621035731242353,
        {
          "sent_ind_in_marked_db": 15,
          "sent_vector": [
            0.0,
            0.05555555555555556,
            0.13381846042771664,
            0.0,
            0.0,
            0.11464204212262835,
            0.17058823529411762
          ]
        }
      ],
      [
        0.9600693751262279,
        {
          "sent_ind_in_marked_db": 10,
          "sent_vector": [
            0.0,
            0.08333333333333331,
            0.046486008424756815,
            0.046486008424756815,
            0.0,
            0.14708013535877704,
            0.25217391304347836
          ]
        }
      ],
      [
        0.9590197361158177,
        {
          "sent_ind_in_marked_db": 24,
          "sent_vector": [
            0.0,
            0.0,
            0.05824359566409644,
            0.0,
            0.0,
            0.11648719132819288,
            0.1823529411764706
          ]
        }
      ],
      [
        0.9433282114531922,
        {
          "sent_ind_in_marked_db": 19,
          "sent_vector": [
            0.0,
            0.0,
            0.07720533817618477,
            0.0,
            0.0,
            0.10486006238404527,
            0.2066666666666667
          ]
        }
      ],
      [
        0.9419141447946998,
        {
          "sent_ind_in_marked_db": 79,
          "sent_vector": [
            0.05882352941176471,
            0.0,
            0.08005003702988825,
            0.0,
            0.0,
            0.14189084096060117,
            0.175
          ]
        }
      ]
    ],
    [
      [
        1.0,
        {
          "sent_ind_in_marked_db": 0,
          "sent_vector": [
            0.0,
            0.0,
            0.0,
            0.0,
            0.0,
            0.0,
            0.20909090909090913
          ]
        }
      ],
      [
        1.0,
        {
          "sent_ind_in_marked_db": 9,
          "sent_vector": [
            0.0,
            0.0,
            0.0,
            0.0,
            0.0,
            0.0,
            0.22105263157894736
          ]
        }
      ],
      [
        1.0,
        {
          "sent_ind_in_marked_db": 17,
          "sent_vector": [
            0.0,
            0.0,
            0.0,
            0.0,
            0.0,
            0.0,
            0.2142857142857143
          ]
        }
      ],
      [
        1.0,
        {
          "sent_ind_in_marked_db": 21,
          "sent_vector": [
            0.0,
            0.0,
            0.0,
            0.0,
            0.0,
            0.0,
            0.1777777777777778
          ]
        }
      ],
      [
        1.0,
        {
          "sent_ind_in_marked_db": 23,
          "sent_vector": [
            0.0,
            0.0,
            0.0,
            0.0,
            0.0,
            0.0,
            0.22
          ]
        }
      ]
    ]
  ],