{
  "similar_texts": [
    [
      0.9878799206290865,
      {
        "TEXT_IND_in_marked_db": 5,
        "VECTOR": [
          0.5099,
          0.76,
          0.12,
          0.15083333333333335,
          0.08333333333333331,
          0.0,
          0.023731345819468664,
          0.0,
          0.0,
          0.04761229877898497,
          0.20515436088965497
        ]
      }
    ],
    [
      0.9832288818107726,
      {
        "TEXT_IND_in_marked_db": 12,
        "VECTOR": [
          0.5918,
          0.72,
          0.13,
          0.1230769230769231,
          0.0,
          0.0,
          0.051054401123667804,
          0.0,
          0.0,
          0.12894061924350456,
          0.17880170324502306
        ]
      }
    ],
    [
      0.9704417768675071,
      {
        "TEXT_IND_in_marked_db": 13,
        "VECTOR": [
          0.5116,
          0.58,
          0.15,
          0.152,
          0.0,
          0.0,
          0.005104617940803969,
          0.019044894855121567,
          0.0,
          0.1174543328523203,
          0.207511902585432
        ]
      }
    ],
    [
      0.964942423190408,
      {
        "TEXT_IND_in_marked_db": 4,
        "VECTOR": [
          0.6818000000000001,
          0.68,
          0.11,
          0.15545454545454546,
          0.0,
          0.09090909090909091,
          0.013306500558806108,
          0.01947401807081597,
          0.0,
          0.06277843761452434,
          0.19188311688311688
        ]
      }
    ],
    [
      0.9649130375690892,
      {
        "TEXT_IND_in_marked_db": 9,
        "VECTOR": [
          0.5771000000000001,
          0.68,
          0.2,
          0.1175,
          0.1,
          0.0,
          0.015400147391427647,
          0.025077150183219408,
          0.0,
          0.0791860411088033,
          0.18606185970891853
        ]
      }
    ]
  ],
  "simiar_sentences": [
    [
      [
        0.9999529817660667,
        {
          "sent_ind_in_marked_db": 57,
          "sent_vector": [
            0.0,
            0.0,
            0.0,
            0.0,
            0.0,
            0.2005065396327602,
            0.16363636363636366
          ]
        }
      ],
      [
        0.9985428629789048,
        {
          "sent_ind_in_marked_db": 32,
          "sent_vector": [
            0.0,
            0.0,
            0.0,
            0.0,
            0.0,
            0.3410809193522841,
            0.2540540540540541
          ]
        }
      ],
      [
        0.9869059140348682,
        {
          "sent_ind_in_marked_db": 64,
          "sent_vector": [
            0.0,
            0.0,
            0.0,
            0.05809217057865184,
            0.0,
            0.3105428555942213,
            0.3133333333333333
          ]
        }
      ],
      [
        0.9810238530039654,
        {
          "sent_ind_in_marked_db": 3,
          "sent_vector": [
            0.0,
            0.0,
            0.0,
            0.0,
            0.0,
            0.17767437977742984,
            0.21904761904761907
          ]
        }
      ],
      [
        0.977227562862377,
        {
          "sent_ind_in_marked_db": 18,
          "sent_vector": [
            0.0,
            0.0,
            0.0,
            0.0,
            0.0,
            0.25587955177537897,
            0.1333333333333333
          ]
        }
      ]
    ],
    [
      [
        0.9829252909583598,
        {
          "sent_ind_in_marked_db": 23,
          "sent_vector": [
            0.0,
            0.0,
            0.0,
            0.0,
            0.0,
            0.07572391482994867,
            0.20952380952380958
          ]
        }
      ],
      [
        0.9802594897471423,
        {
          "sent_ind_in_marked_db": 67,
          "sent_vector": [
            0.0,
            0.0,
            0.0,
            0.0,
            0.0,
            0.06999109459395747,
            0.2625
          ]
        }
      ],
      [
        0.979293964168789,
        {
          "sent_ind_in_marked_db": 33,
          "sent_vector": [
            0.0,
            0.0,
            0.0,
            0.0,
            0.0,
            0.12183800888898155,
            0.27142857142857146
          ]
        }
      ],
      [
        0.9754949849403256,
        {
          "sent_ind_in_marked_db": 77,
          "sent_vector": [
            0.0,
            0.0,
            0.0,
            0.0,
            0.0,
            0.07016190620602235,
            0.3266666666666666
          ]
        }
      ],
      [
        0.9723594388599957,
        {
          "sent_ind_in_marked_db": 4,
          "sent_vector": [
            0.0,
            0.0,
            0.0,
            0.0,
            0.0,
            0.10748019256397572,
            0.2052631578947369
          ]
        }
      ]
    ],
    [
      [
        1.0,
        {
          "sent_ind_in_marked_db": 0,
          "sent_vector": [
            0.0,
            0.0,
            0.0,
            0.0,
            0.0,
            0.0,
            0.20909090909090913
          ]
        }
      ],
      [
        1.0,
        {
          "sent_ind_in_marked_db": 9,
          "sent_vector": [
            0.0,
            0.0,
            0.0,
            0.0,
            0.0,
            0.0,
            0.22105263157894736
          ]
        }
      ],
      [
        1.0,
        {
          "sent_ind_in_marked_db": 17,
          "sent_vector": [
            0.0,
            0.0,
            0.0,
            0.0,
            0.0,
            0.0,
            0.2142857142857143
          ]
        }
      ],
      [
        1.0,
        {
          "sent_ind_in_marked_db": 22,
          "sent_vector": [
            0.0,
            0.0,
            0.0,
            0.0,
            0.0,
            0.0,
            0.1777777777777778
          ]
        }
      ],
      [
        1.0,
        {
          "sent_ind_in_marked_db": 24,
          "sent_vector": [
            0.0,
            0.0,
            0.0,
            0.0,
            0.0,
            0.0,
            0.22
          ]
        }
      ]
    ]
  ],
  "similar_collocations": [
    [
      "группа рука",
      []
    ],
    [
      "вверх",
      []
    ],
    [
      "презентовать",
      []
    ],
    [
      "на",
      [
        [
          {
            "marked_colloc_db_index": 131,
            "sim_colloc": "на",
            "w2v_sim": 1.0,
            "freqence_similarity": 1.0
          },
          1.0
        ],
        [
          {
            "marked_colloc_db_index": 133,
            "sim_colloc": "на",
            "w2v_sim": 1.0,
            "freqence_similarity": 1.0
          },
          1.0
        ],
        [
          {
            "marked_colloc_db_index": 308,
            "sim_colloc": "на",
            "w2v_sim": 1.0,
            "freqence_similarity": 1.0
          },
          1.0
        ],
        [
          {
            "marked_colloc_db_index": 421,
            "sim_colloc": "на они",
            "w2v_sim": 0.8784022890907963,
            "freqence_similarity": 0.9824397473746392
          },
          0.899209780747565
        ]
      ]
    ],
    [
      "свой",
      []
    ],
    [
      "ютьюб канал клип",
      []
    ],
    [
      "когд",
      []
    ],
    [
      "мы",
      []
    ],
    [
      "быть",
      [
        [
          {
            "marked_colloc_db_index": 325,
            "sim_colloc": "быть",
            "w2v_sim": 0.9999999999999998,
            "freqence_similarity": 1.0000000000000002
          },
          0.9999999999999999
        ],
        [
          {
            "marked_colloc_db_index": 426,
            "sim_colloc": "быть",
            "w2v_sim": 0.9999999999999998,
            "freqence_similarity": 1.0000000000000002
          },
          0.9999999999999999
        ],
        [
          {
            "marked_colloc_db_index": 434,
            "sim_colloc": "быть",