{
  "similar_texts": [
    [
      0.9878799206290866,
      {
        "TEXT_IND_in_marked_db": 21,
        "VECTOR": [
          0.5099,
          0.76,
          0.12,
          0.15083333333333335,
          0.08333333333333331,
          0.0,
          0.023731345819468664,
          0.0,
          0.0,
          0.04761229877898497,
          0.20515436088965497
        ]
      }
    ],
    [
      0.9878799206290866,
      {
        "TEXT_IND_in_marked_db": 22,
        "VECTOR": [
          0.5099,
          0.76,
          0.12,
          0.15083333333333335,
          0.08333333333333331,
          0.0,
          0.023731345819468664,
          0.0,
          0.0,
          0.04761229877898497,
          0.20515436088965497
        ]
      }
    ],
    [
      0.9878799206290866,
      {
        "TEXT_IND_in_marked_db": 23,
        "VECTOR": [
          0.5099,
          0.76,
          0.12,
          0.15083333333333335,
          0.08333333333333331,
          0.0,
          0.023731345819468664,
          0.0,
          0.0,
          0.04761229877898497,
          0.20515436088965497
        ]
      }
    ],
    [
      0.9878799206290866,
      {
        "TEXT_IND_in_marked_db": 24,
        "VECTOR": [
          0.5099,
          0.76,
          0.12,
          0.15083333333333335,
          0.08333333333333331,
          0.0,
          0.023731345819468664,
          0.0,
          0.0,
          0.04761229877898497,
          0.20515436088965497
        ]
      }
    ],
    [
      0.9878799206290866,
      {
        "TEXT_IND_in_marked_db": 25,
        "VECTOR": [
          0.5099,
          0.76,
          0.12,
          0.15083333333333335,
          0.08333333333333331,
          0.0,
          0.023731345819468664,
          0.0,
          0.0,
          0.04761229877898497,
          0.20515436088965497
        ]
      }
    ]
  ],
  "simiar_sentences": [
    [
      [
        0.9999529817660667,
        {
          "sent_ind_in_marked_db": 60,
          "sent_vector": [
            0.0,
            0.0,
            0.0,
            0.0,
            0.0,
            0.2005065396327602,
            0.16363636363636366
          ]
        }
      ],
      [
        0.9985428629789048,
        {
          "sent_ind_in_marked_db": 30,
          "sent_vector": [
            0.0,
            0.0,
            0.0,
            0.0,
            0.0,
            0.3410809193522841,
            0.2540540540540541
          ]
        }
      ],
      [
        0.9869059140348682,
        {
          "sent_ind_in_marked_db": 67,
          "sent_vector": [
            0.0,
            0.0,
            0.0,
            0.05809217057865184,
            0.0,
            0.3105428555942213,
            0.3133333333333333
          ]
        }
      ],
      [
        0.9810238530039654,
        {
          "sent_ind_in_marked_db": 3,
          "sent_vector": [
            0.0,
            0.0,
            0.0,
            0.0,
            0.0,
            0.17767437977742984,
            0.21904761904761907
          ]
        }
      ],
      [
        0.977227562862377,
        {
          "sent_ind_in_marked_db": 18,
          "sent_vector": [
            0.0,
            0.0,
            0.0,
            0.0,
            0.0,
            0.25587955177537897,
            0.1333333333333333
          ]
        }
      ]
    ],
    [
      [
        0.9829252909583598,
        {
          "sent_ind_in_marked_db": 22,
          "sent_vector": [
            0.0,
            0.0,
            0.0,
            0.0,
            0.0,
            0.07572391482994867,
            0.20952380952380958
          ]
        }
      ],
      [
        0.9802594897471423,
        {
          "sent_ind_in_marked_db": 70,
          "sent_vector": [
            0.0,
            0.0,
            0.0,
            0.0,
            0.0,
            0.06999109459395747,
            0.2625
          ]
        }
      ],
      [
        0.979293964168789,
        {
          "sent_ind_in_marked_db": 31,
          "sent_vector": [
            0.0,
            0.0,
            0.0,
            0.0,
            0.0,
            0.12183800888898155,
            0.27142857142857146
          ]
        }
      ],
      [
        0.9754949849403256,
        {
          "sent_ind_in_marked_db": 80,
          "sent_vector": [
            0.0,
            0.0,
            0.0,
            0.0,
            0.0,
            0.07016190620602235,
            0.3266666666666666
          ]
        }
      ],
      [
        0.9723594388599957,
        {
          "sent_ind_in_marked_db": 4,
          "sent_vector": [
            0.0,
            0.0,
            0.0,
            0.0,
            0.0,
            0.10748019256397572,
            0.2052631578947369
          ]
        }
      ]
    ],
    [
      [
        1.0,
        {
          "sent_ind_in_marked_db": 0,
          "sent_vector": [
            0.0,
            0.0,
            0.0,
            0.0,
            0.0,
            0.0,
            0.20909090909090913
          ]
        }
      ],
      [
        1.0,
        {
          "sent_ind_in_marked_db": 9,
          "sent_vector": [
            0.0,
            0.0,
            0.0,
            0.0,
            0.0,
            0.0,
            0.22105263157894736
          ]
        }
      ],
      [
        1.0,
        {
          "sent_ind_in_marked_db": 17,
          "sent_vector": [
            0.0,
            0.0,
            0.0,
            0.0,
            0.0,
            0.0,
            0.2142857142857143
          ]
        }
      ],
      [
        1.0,
        {
          "sent_ind_in_marked_db": 21,
          "sent_vector": [
            0.0,
            0.0,
            0.0,
            0.0,
            0.0,
            0.0,
            0.1777777777777778
          ]
        }
      ],
      [
        1.0,
        {
          "sent_ind_in_marked_db": 23,
          "sent_vector": [
            0.0,
            0.0,
            0.0,
            0.0,
            0.0,
            0.0,
            0.22
          ]
        }
      ]
    ]
  ],
  "similar_collocations": [
    [
      "группа рука вверх",
      []
    ],
    [
      "презентовать",
      []
    ],
    [
      "на свой ютьюб канал",
      []
    ],
    [
      "клип",
      []
    ],
    [
      "когд",
      []
    ],
    [
      "мы быть",
      []
    ],
    [
      "молодыми",
      []
    ],
    [
      "в он",
      []
    ],
    [
      "сняться",
      []
    ],
    [
      "андрей григорьев",
      [
        [
          {
            "marked_colloc_db_index": 28,
            "sim_colloc": "борис",
            "w2v_sim": 0.7452352814622956,
            "freqence_similarity": 0.9820602875605349
          },
          0.7926002826819435
        ],
        [
          {
            "marked_colloc_db_index": 41,
            "sim_colloc": "георгий",
            "w2v_sim": 0.7286202431846841,
            "freqence_similarity": 0.9793634886703917
          },
          0.7787688922818257
        ],
        [
          {
            "marked_colloc_db_index": 29,
            "sim_colloc": "илларионов",
            "w2v_sim": 0.7656412592998952,
            "freqence_similarity": 0.7524713273487571
          },
          0.7630072729096676
        ],
        [
          {
            "marked_colloc_db_index": 88,
            "sim_colloc": "виктория и альберт",
            "w2v_sim": 0.6601342434052628,
            "freqence_similarity": 0.9634543185838259
          },
          0.7207982584409756
        ]
      ]
    ],
    [
      "апполонов",
      []
    ],
    [
      "из",
      []
    ],
    [
      "иванушка international",
      []
    ],
    [
      "алексей",
      [
        [
          {
            "marked_colloc_db_index": 28,
            "sim_colloc": "борис",
            "w2v_sim": 0.801560405758478,