{
  "similar_texts": [
    [
      0.9818348171913578,
      {
        "TEXT_IND_in_marked_db": 0,
        "VECTOR": [
          0.6118,
          0.75,
          0.1,
          0.166,
          0.2,
          0.2,
          0.024266827607358692,
          0.030002295475404474,
          0.0,
          0.07131167644959037,
          0.191510992676087
        ]
      }
    ],
    [
      0.9683581221733798,
      {
        "TEXT_IND_in_marked_db": 2,
        "VECTOR": [
          0.5788000000000001,
          0.7,
          0.15,
          0.1586666666666667,
          0.33333333333333326,
          0.2666666666666666,
          0.03138418932732309,
          0.032255172907681075,
          0.0,
          0.13056425505926705,
          0.20942576798157186
        ]
      }
    ],
    [
      0.9564394224315245,
      {
        "TEXT_IND_in_marked_db": 5,
        "VECTOR": [
          0.5099,
          0.76,
          0.12,
          0.15083333333333335,
          0.08333333333333331,
          0.0,
          0.023731345819468664,
          0.0,
          0.0,
          0.04761229877898497,
          0.20515436088965497
        ]
      }
    ],
    [
      0.9557795682337199,
      {
        "TEXT_IND_in_marked_db": 8,
        "VECTOR": [
          0.5722,
          0.68,
          0.14,
          0.15357142857142858,
          0.4285714285714285,
          0.28571428571428564,
          0.013111624318612047,
          0.008781994574065496,
          0.005192070978936289,
          0.1108525853656659,
          0.23957181915828524
        ]
      }
    ],
    [
      0.9349661342580833,
      {
        "TEXT_IND_in_marked_db": 9,
        "VECTOR": [
          0.5771000000000001,
          0.68,
          0.2,
          0.1175,
          0.1,
          0.0,
          0.015400147391427647,
          0.025077150183219408,
          0.0,
          0.0791860411088033,
          0.18606185970891853
        ]
      }
    ]
  ],
  "simiar_sentences": [
    [
      [
        1.0,
        {
          "sent_ind_in_marked_db": 0,
          "sent_vector": [
            0.0,
            0.0,
            0.0,
            0.0,
            0.0,
            0.0,
            0.20909090909090913
          ]
        }
      ],
      [
        1.0,
        {
          "sent_ind_in_marked_db": 9,
          "sent_vector": [
            0.0,
            0.0,
            0.0,
            0.0,
            0.0,
            0.0,
            0.22105263157894736
          ]
        }
      ],
      [
        1.0,
        {
          "sent_ind_in_marked_db": 17,
          "sent_vector": [
            0.0,
            0.0,
            0.0,
            0.0,
            0.0,
            0.0,
            0.2142857142857143
          ]
        }
      ],
      [
        1.0,
        {
          "sent_ind_in_marked_db": 22,
          "sent_vector": [
            0.0,
            0.0,
            0.0,
            0.0,
            0.0,
            0.0,
            0.1777777777777778
          ]
        }
      ],
      [
        1.0,
        {
          "sent_ind_in_marked_db": 24,
          "sent_vector": [
            0.0,
            0.0,
            0.0,
            0.0,
            0.0,
            0.0,
            0.22
          ]
        }
      ]
    ],
    [
      [
        0.9429400648434231,
        {
          "sent_ind_in_marked_db": 53,
          "sent_vector": [
            0.10714285714285712,
            0.0,
            0.0917492977984888,
            0.0,
            0.0,
            0.08619916746450187,
            0.2925925925925926
          ]
        }
      ],
      [
        0.9393883629446407,
        {
          "sent_ind_in_marked_db": 14,
          "sent_vector": [
            0.05555555555555556,
            0.0,
            0.06912763848250579,
            0.0,
            0.0,
            0.0,
            0.2823529411764706
          ]
        }
      ],
      [
        0.9199830195159433,
        {
          "sent_ind_in_marked_db": 56,
          "sent_vector": [
            0.0,
            0.0,
            0.14797647247112883,
            0.0,
            0.0,
            0.0,
            0.2571428571428572
          ]
        }
      ],
      [
        0.9199283789458685,
        {
          "sent_ind_in_marked_db": 60,
          "sent_vector": [
            0.0,
            0.0,
            0.11964332851541543,
            0.0,
            0.0,
            0.0,
            0.21052631578947367
          ]
        }
      ],
      [
        0.9092021768334484,
        {
          "sent_ind_in_marked_db": 58,
          "sent_vector": [
            0.0,
            0.0,
            0.07919492322075343,
            0.0,
            0.0,
            0.0,
            0.2
          ]
        }
      ]
    ],
    [
      [
        0.994475261144782,
        {
          "sent_ind_in_marked_db": 36,
          "sent_vector": [
            0.0,
            0.0625,
            0.0,
            0.0,
            0.0,
            0.12352849463183722,
            0.2466666666666667
          ]
        }
      ],
      [
        0.9902302997199437,
        {
          "sent_ind_in_marked_db": 65,
          "sent_vector": [
            0.0,
            0.04166666666666666,
            0.0,
            0.0,
            0.0,
            0.18314321740571865,
            0.25217391304347836
          ]
        }
      ],
      [
        0.9765118896164731,
        {
          "sent_ind_in_marked_db": 10,
          "sent_vector": [
            0.0,
            0.08333333333333331,
            0.046486008424756815,
            0.046486008424756815,
            0.0,
            0.14708013535877704,
            0.25217391304347836
          ]
        }
      ],
      [
        0.9663715785988378,
        {
          "sent_ind_in_marked_db": 49,
          "sent_vector": [
            0.0,
            0.0,
            0.0,
            0.0,
            0.0,
            0.11705509415354222,
            0.195
          ]
        }
      ],
      [
        0.9633030963269633,
        {
          "sent_ind_in_marked_db": 4,
          "sent_vector": [
            0.0,
            0.0,
            0.0,
            0.0,
            0.0,
            0.10748019256397572,
            0.2052631578947369
          ]
        }
      ]
    ],
    [
      [
        1.0,
        {
          "sent_ind_in_marked_db": 0,
          "sent_vector": [
            0.0,
            0.0,
            0.0,
            0.0,
            0.0,
            0.0,
            0.20909090909090913
          ]
        }
      ],
      [
        1.0,
        {
          "sent_ind_in_marked_db": 9,
          "sent_vector": [
            0.0,
            0.0,
            0.0,
            0.0,
            0.0,
            0.0,
            0.22105263157894736
          ]
        }
      ],
      [
        1.0,
        {
          "sent_ind_in_marked_db": 17,
          "sent_vector": [
            0.0,
            0.0,
            0.0,
            0.0,
            0.0,
            0.0,
            0.2142857142857143
          ]
        }
      ],
      [
        1.0,
        {
          "sent_ind_in_marked_db": 22,
          "sent_vector": [
            0.0,
            0.0,
            0.0,
            0.0,
            0.0,
            0.0,
            0.1777777777777778
          ]
        }
      ],
      [
        1.0,
        {
          "sent_ind_in_marked_db": 24,
          "sent_vector": [
            0.0,
            0.0,
            0.0,
            0.0,
            0.0,
            0.0,
            0.22
          ]
        }
      ]
    ]
  ],
  "similar_collocations": [
    [
      "британский группа",
      [
        [
          {
            "marked_colloc_db_index": 394,
            "sim_colloc": "британский группа",
            "w2v_sim": 1.0,