{
  "similar_texts": [
    [
      0.9870483741338719,
      {
        "TEXT_IND_in_marked_db": 41,
        "VECTOR": [
          0.4855,
          0.68,
          0.15,
          0.132,
          0.0,
          0.06666666666666667,
          0.04529319266823577,
          0.005753493789242912,
          0.006191330010150354,
          0.020607082160873102,
          0.18701819748878573
        ]
      }
    ],
    [
      0.9870483741338719,
      {
        "TEXT_IND_in_marked_db": 42,
        "VECTOR": [
          0.4855,
          0.68,
          0.15,
          0.132,
          0.0,
          0.06666666666666667,
          0.04529319266823577,
          0.005753493789242912,
          0.006191330010150354,
          0.020607082160873102,
          0.18701819748878573
        ]
      }
    ],
    [
      0.9870483741338719,
      {
        "TEXT_IND_in_marked_db": 43,
        "VECTOR": [
          0.4855,
          0.68,
          0.15,
          0.132,
          0.0,
          0.06666666666666667,
          0.04529319266823577,
          0.005753493789242912,
          0.006191330010150354,
          0.020607082160873102,
          0.18701819748878573
        ]
      }
    ],
    [
      0.9870483741338719,
      {
        "TEXT_IND_in_marked_db": 44,
        "VECTOR": [
          0.4855,
          0.68,
          0.15,
          0.132,
          0.0,
          0.06666666666666667,
          0.04529319266823577,
          0.005753493789242912,
          0.006191330010150354,
          0.020607082160873102,
          0.18701819748878573
        ]
      }
    ],
    [
      0.9870483741338719,
      {
        "TEXT_IND_in_marked_db": 45,
        "VECTOR": [
          0.4855,
          0.68,
          0.15,
          0.132,
          0.0,
          0.06666666666666667,
          0.04529319266823577,
          0.005753493789242912,
          0.006191330010150354,
          0.020607082160873102,
          0.18701819748878573
        ]
      }
    ]
  ],
  "simiar_sentences": [
    [
      [
        0.9976881031671039,
        {
          "sent_ind_in_marked_db": 43,
          "sent_vector": [
            0.0,
            0.0,
            0.0753396136897156,
            0.0753396136897156,
            0.0,
            0.0,
            0.1666666666666667
          ]
        }
      ],
      [
        0.9706882894421366,
        {
          "sent_ind_in_marked_db": 55,
          "sent_vector": [
            0.0,
            0.0,
            0.0572208024040625,
            0.1578167247370857,
            0.0,
            0.0,
            0.25
          ]
        }
      ],
      [
        0.940579637495134,
        {
          "sent_ind_in_marked_db": 61,
          "sent_vector": [
            0.0,
            0.0,
            0.07919492322075343,
            0.0,
            0.0,
            0.0,
            0.2
          ]
        }
      ],
      [
        0.9379210508990542,
        {
          "sent_ind_in_marked_db": 41,
          "sent_vector": [
            0.0,
            0.0,
            0.08581381041631955,
            0.0,
            0.0,
            0.0,
            0.18000000000000002
          ]
        }
      ],
      [
        0.936182885707536,
        {
          "sent_ind_in_marked_db": 5,
          "sent_vector": [
            0.0,
            0.0,
            0.0,
            0.1258313320011656,
            0.0,
            0.0,
            0.25
          ]
        }
      ]
    ],
    [],
    [
      [
        0.9582108119477222,
        {
          "sent_ind_in_marked_db": 68,
          "sent_vector": [
            0.0,
            0.04166666666666666,
            0.0,
            0.0,
            0.0,
            0.18314321740571865,
            0.25217391304347836
          ]
        }
      ],
      [
        0.9580047077053695,
        {
          "sent_ind_in_marked_db": 53,
          "sent_vector": [
            0.0,
            0.047619047619047616,
            0.0,
            0.0640807416179989,
            0.0,
            0.3249517639466085,
            0.19
          ]
        }
      ],
      [
        0.95569335354475,
        {
          "sent_ind_in_marked_db": 60,
          "sent_vector": [
            0.0,
            0.0,
            0.0,
            0.0,
            0.0,
            0.2005065396327602,
            0.16363636363636366
          ]
        }
      ],
      [
        0.9541658580306165,
        {
          "sent_ind_in_marked_db": 30,
          "sent_vector": [
            0.0,
            0.0,
            0.0,
            0.0,
            0.0,
            0.3410809193522841,
            0.2540540540540541
          ]
        }
      ],
      [
        0.9436472156149658,
        {
          "sent_ind_in_marked_db": 67,
          "sent_vector": [
            0.0,
            0.0,
            0.0,
            0.05809217057865184,
            0.0,
            0.3105428555942213,
            0.3133333333333333
          ]
        }
      ]
    ],
    [
      [
        0.979036641344117,
        {
          "sent_ind_in_marked_db": 57,
          "sent_vector": [
            0.0,
            0.0,
            0.048209953424218514,
            0.048209953424218514,
            0.0,
            0.09641990684843703,
            0.20869565217391303
          ]
        }
      ],
      [
        0.9737568783946988,
        {
          "sent_ind_in_marked_db": 2,
          "sent_vector": [
            0.034482758620689655,
            0.034482758620689655,
            0.0,
            0.06348354427589614,
            0.0,
            0.1437595162263608,
            0.2178571428571429
          ]
        }
      ],
      [
        0.9729227785395997,
        {
          "sent_ind_in_marked_db": 26,
          "sent_vector": [
            0.0,
            0.034482758620689655,
            0.0416805914980162,
            0.0782439717624426,
            0.0,
            0.0833611829960324,
            0.2321428571428572
          ]
        }
      ],
      [
        0.9712617319436551,
        {
          "sent_ind_in_marked_db": 31,
          "sent_vector": [
            0.0,
            0.0,
            0.0,
            0.0,
            0.0,
            0.12183800888898155,
            0.27142857142857146
          ]
        }
      ],
      [
        0.9702689022688822,
        {
          "sent_ind_in_marked_db": 4,
          "sent_vector": [
            0.0,
            0.0,
            0.0,
            0.0,
            0.0,
            0.10748019256397572,
            0.2052631578947369
          ]
        }
      ]
    ],
    [
      [
        0.9750643344255787,
        {
          "sent_ind_in_marked_db": 5,
          "sent_vector": [
            0.0,
            0.0,
            0.0,
            0.1258313320011656,
            0.0,
            0.0,
            0.25
          ]
        }
      ],
      [
        0.9707361790052194,
        {
          "sent_ind_in_marked_db": 0,
          "sent_vector": [
            0.0,
            0.0,
            0.0,
            0.0,
            0.0,
            0.0,
            0.20909090909090913
          ]
        }
      ],
      [
        0.9707361790052194,
        {
          "sent_ind_in_marked_db": 9,
          "sent_vector": [
            0.0,
            0.0,
            0.0,
            0.0,
            0.0,
            0.0,
            0.22105263157894736
          ]
        }
      ],
      [
        0.9707361790052194,
        {
          "sent_ind_in_marked_db": 17,
          "sent_vector": [
            0.0,
            0.0,
            0.0,
            0.0,
            0.0,
            0.0,
            0.2142857142857143
          ]
        }
      ],
      [
        0.9707361790052194,
        {
          "sent_ind_in_marked_db": 21,