{
  "similar_texts": [
    [
      0.984799610118149,
      {
        "TEXT_IND_in_marked_db": 60,
        "VECTOR": [
          0.5918,
          0.72,
          0.13,
          0.1230769230769231,
          0.0,
          0.0,
          0.051054401123667804,
          0.0,
          0.0,
          0.12894061924350456,
          0.17880170324502306
        ]
      }
    ],
    [
      0.984799610118149,
      {
        "TEXT_IND_in_marked_db": 61,
        "VECTOR": [
          0.5918,
          0.72,
          0.13,
          0.1230769230769231,
          0.0,
          0.0,
          0.051054401123667804,
          0.0,
          0.0,
          0.12894061924350456,
          0.17880170324502306
        ]
      }
    ],
    [
      0.984799610118149,
      {
        "TEXT_IND_in_marked_db": 62,
        "VECTOR": [
          0.5918,
          0.72,
          0.13,
          0.1230769230769231,
          0.0,
          0.0,
          0.051054401123667804,
          0.0,
          0.0,
          0.12894061924350456,
          0.17880170324502306
        ]
      }
    ],
    [
      0.984799610118149,
      {
        "TEXT_IND_in_marked_db": 63,
        "VECTOR": [
          0.5918,
          0.72,
          0.13,
          0.1230769230769231,
          0.0,
          0.0,
          0.051054401123667804,
          0.0,
          0.0,
          0.12894061924350456,
          0.17880170324502306
        ]
      }
    ],
    [
      0.9808749112279584,
      {
        "TEXT_IND_in_marked_db": 21,
        "VECTOR": [
          0.5099,
          0.76,
          0.12,
          0.15083333333333335,
          0.08333333333333331,
          0.0,
          0.023731345819468664,
          0.0,
          0.0,
          0.04761229877898497,
          0.20515436088965497
        ]
      }
    ]
  ],
  "simiar_sentences": [
    [
      [
        1.0,
        {
          "sent_ind_in_marked_db": 0,
          "sent_vector": [
            0.0,
            0.0,
            0.0,
            0.0,
            0.0,
            0.0,
            0.20909090909090913
          ]
        }
      ],
      [
        1.0,
        {
          "sent_ind_in_marked_db": 9,
          "sent_vector": [
            0.0,
            0.0,
            0.0,
            0.0,
            0.0,
            0.0,
            0.22105263157894736
          ]
        }
      ],
      [
        1.0,
        {
          "sent_ind_in_marked_db": 17,
          "sent_vector": [
            0.0,
            0.0,
            0.0,
            0.0,
            0.0,
            0.0,
            0.2142857142857143
          ]
        }
      ],
      [
        1.0,
        {
          "sent_ind_in_marked_db": 21,
          "sent_vector": [
            0.0,
            0.0,
            0.0,
            0.0,
            0.0,
            0.0,
            0.1777777777777778
          ]
        }
      ],
      [
        1.0,
        {
          "sent_ind_in_marked_db": 23,
          "sent_vector": [
            0.0,
            0.0,
            0.0,
            0.0,
            0.0,
            0.0,
            0.22
          ]
        }
      ]
    ],
    [
      [
        0.9260771317127723,
        {
          "sent_ind_in_marked_db": 76,
          "sent_vector": [
            0.047619047619047616,
            0.0,
            0.05801061408677441,
            0.0,
            0.05272854512627896,
            0.24164970352541754,
            0.22
          ]
        }
      ],
      [
        0.9157213973088744,
        {
          "sent_ind_in_marked_db": 18,
          "sent_vector": [
            0.0,
            0.0,
            0.0,
            0.0,
            0.0,
            0.25587955177537897,
            0.1333333333333333
          ]
        }
      ],
      [
        0.9129370794591282,
        {
          "sent_ind_in_marked_db": 29,
          "sent_vector": [
            0.0,
            0.0,
            0.0,
            0.0,
            0.0,
            0.35667902536280593,
            0.16000000000000003
          ]
        }
      ],
      [
        0.9125322882164405,
        {
          "sent_ind_in_marked_db": 25,
          "sent_vector": [
            0.0,
            0.0,
            0.0,
            0.0,
            0.0,
            0.33917020866118625,
            0.15000000000000002
          ]
        }
      ],
      [
        0.9073261167112036,
        {
          "sent_ind_in_marked_db": 30,
          "sent_vector": [
            0.0,
            0.0,
            0.0,
            0.0,
            0.0,
            0.3410809193522841,
            0.2540540540540541
          ]
        }
      ]
    ]
  ],
  "similar_collocations": [
    [
      "в большой театр",
      []
    ],
    [
      "проходить",
      [
        [
          {
            "marked_colloc_db_index": 70,
            "sim_colloc": "проводить",
            "w2v_sim": 0.8085194415208445,
            "freqence_similarity": 0.9955003319603818
          },
          0.8459156196087521
        ],
        [
          {
            "marked_colloc_db_index": 195,
            "sim_colloc": "проводить",
            "w2v_sim": 0.8085194415208445,
            "freqence_similarity": 0.9955003319603818
          },
          0.8459156196087521
        ],
        [
          {
            "marked_colloc_db_index": 178,
            "sim_colloc": "состояться",
            "w2v_sim": 0.7446443301746659,
            "freqence_similarity": 0.9998895634634503
          },
          0.7956933768324228
        ],
        [
          {
            "marked_colloc_db_index": 171,
            "sim_colloc": "начинаться",
            "w2v_sim": 0.6763321118197891,
            "freqence_similarity": 0.9856654799871767
          },
          0.7381987854532667
        ]
      ]
    ],
    [
      "концерт в честь",
      []
    ],
    [
      "90летний юбилей",
      []
    ],
    [
      "майджа",
      []
    ],
    [
      "плисецкая",
      []
    ],
    [
      "после",
      []
    ],
    [
      "репетиция",
      []
    ],
    [
      "артист делиться воспоминание",
      []
    ],
    [
      "о",
      []
    ],
    [
      "великий балерина",
      []
    ]
  ]
}