{
  "similar_texts": [
    [
      0.9760138783347762,
      {
        "TEXT_IND_in_marked_db": 46,
        "VECTOR": [
          0.5722,
          0.68,
          0.14,
          0.15357142857142858,
          0.4285714285714285,
          0.28571428571428564,
          0.013111624318612047,
          0.008781994574065496,
          0.005192070978936289,
          0.1108525853656659,
          0.23957181915828524
        ]
      }
    ],
    [
      0.9760138783347762,
      {
        "TEXT_IND_in_marked_db": 47,
        "VECTOR": [
          0.5722,
          0.68,
          0.14,
          0.15357142857142858,
          0.4285714285714285,
          0.28571428571428564,
          0.013111624318612047,
          0.008781994574065496,
          0.005192070978936289,
          0.1108525853656659,
          0.23957181915828524
        ]
      }
    ],
    [
      0.9760138783347762,
      {
        "TEXT_IND_in_marked_db": 48,
        "VECTOR": [
          0.5722,
          0.68,
          0.14,
          0.15357142857142858,
          0.4285714285714285,
          0.28571428571428564,
          0.013111624318612047,
          0.008781994574065496,
          0.005192070978936289,
          0.1108525853656659,
          0.23957181915828524
        ]
      }
    ],
    [
      0.9760138783347762,
      {
        "TEXT_IND_in_marked_db": 49,
        "VECTOR": [
          0.5722,
          0.68,
          0.14,
          0.15357142857142858,
          0.4285714285714285,
          0.28571428571428564,
          0.013111624318612047,
          0.008781994574065496,
          0.005192070978936289,
          0.1108525853656659,
          0.23957181915828524
        ]
      }
    ],
    [
      0.9687099227113724,
      {
        "TEXT_IND_in_marked_db": 9,
        "VECTOR": [
          0.5788000000000001,
          0.7,
          0.15,
          0.1586666666666667,
          0.33333333333333326,
          0.2666666666666666,
          0.03138418932732309,
          0.032255172907681075,
          0.0,
          0.13056425505926705,
          0.20942576798157186
        ]
      }
    ]
  ],
  "simiar_sentences": [
    [
      [
        0.9999932021281273,
        {
          "sent_ind_in_marked_db": 45,
          "sent_vector": [
            0.0,
            0.0,
            0.12577529619173847,
            0.0,
            0.0,
            0.0,
            0.1916666666666667
          ]
        }
      ],
      [
        0.9980637835334525,
        {
          "sent_ind_in_marked_db": 59,
          "sent_vector": [
            0.0,
            0.0,
            0.14797647247112883,
            0.0,
            0.0,
            0.0,
            0.2571428571428572
          ]
        }
      ],
      [
        0.997713759175259,
        {
          "sent_ind_in_marked_db": 63,
          "sent_vector": [
            0.0,
            0.0,
            0.11964332851541543,
            0.0,
            0.0,
            0.0,
            0.21052631578947367
          ]
        }
      ],
      [
        0.9902784041277435,
        {
          "sent_ind_in_marked_db": 41,
          "sent_vector": [
            0.0,
            0.0,
            0.08581381041631955,
            0.0,
            0.0,
            0.0,
            0.18000000000000002
          ]
        }
      ],
      [
        0.9785715655416163,
        {
          "sent_ind_in_marked_db": 61,
          "sent_vector": [
            0.0,
            0.0,
            0.07919492322075343,
            0.0,
            0.0,
            0.0,
            0.2
          ]
        }
      ]
    ],
    [
      [
        1.0,
        {
          "sent_ind_in_marked_db": 0,
          "sent_vector": [
            0.0,
            0.0,
            0.0,
            0.0,
            0.0,
            0.0,
            0.20909090909090913
          ]
        }
      ],
      [
        1.0,
        {
          "sent_ind_in_marked_db": 9,
          "sent_vector": [
            0.0,
            0.0,
            0.0,
            0.0,
            0.0,
            0.0,
            0.22105263157894736
          ]
        }
      ],
      [
        1.0,
        {
          "sent_ind_in_marked_db": 17,
          "sent_vector": [
            0.0,
            0.0,
            0.0,
            0.0,
            0.0,
            0.0,
            0.2142857142857143
          ]
        }
      ],
      [
        1.0,
        {
          "sent_ind_in_marked_db": 21,
          "sent_vector": [
            0.0,
            0.0,
            0.0,
            0.0,
            0.0,
            0.0,
            0.1777777777777778
          ]
        }
      ],
      [
        1.0,
        {
          "sent_ind_in_marked_db": 23,
          "sent_vector": [
            0.0,
            0.0,
            0.0,
            0.0,
            0.0,
            0.0,
            0.22
          ]
        }
      ]
    ],
    [
      [
        0.9841577192609259,
        {
          "sent_ind_in_marked_db": 77,
          "sent_vector": [
            0.038461538461538464,
            0.07692307692307693,
            0.0,
            0.0,
            0.045647835212988326,
            0.0,
            0.192
          ]
        }
      ],
      [
        0.9206925804621163,
        {
          "sent_ind_in_marked_db": 73,
          "sent_vector": [
            0.05,
            0.05,
            0.0,
            0.0,
            0.0,
            0.0,
            0.31052631578947365
          ]
        }
      ],
      [
        0.9156023587532189,
        {
          "sent_ind_in_marked_db": 37,
          "sent_vector": [
            0.05,
            0.05,
            0.0,
            0.049301725984711366,
            0.0,
            0.0,
            0.21578947368421053
          ]
        }
      ],
      [
        0.8989477946083211,
        {
          "sent_ind_in_marked_db": 35,
          "sent_vector": [
            0.07142857142857142,
            0.0,
            0.0,
            0.0,
            0.0,
            0.0,
            0.21538461538461534
          ]
        }
      ],
      [
        0.8988871204477449,
        {
          "sent_ind_in_marked_db": 7,
          "sent_vector": [
            0.0,
            0.0,
            0.0,
            0.0,
            0.04994591716230726,
            0.0,
            0.228
          ]
        }
      ]
    ],
    [
      [
        0.9753316295569511,
        {
          "sent_ind_in_marked_db": 37,
          "sent_vector": [
            0.05,
            0.05,
            0.0,
            0.049301725984711366,
            0.0,
            0.0,
            0.21578947368421053
          ]
        }
      ],
      [
        0.9641975275171952,
        {
          "sent_ind_in_marked_db": 13,
          "sent_vector": [
            0.047619047619047616,
            0.0,
            0.0,
            0.0,
            0.0,
            0.0,
            0.205
          ]
        }
      ],
      [
        0.9611201240772065,
        {
          "sent_ind_in_marked_db": 35,
          "sent_vector": [
            0.07142857142857142,
            0.0,
            0.0,
            0.0,
            0.0,
            0.0,
            0.21538461538461534
          ]
        }
      ],
      [
        0.9561654642225308,
        {
          "sent_ind_in_marked_db": 54,
          "sent_vector": [
            0.07142857142857142,
            0.0,
            0.0,
            0.0,
            0.0,
            0.0,
            0.18461538461538465
          ]
        }
      ],
      [
        0.9558472624564052,
        {
          "sent_ind_in_marked_db": 5,
          "sent_vector": [
            0.0,
            0.0,
            0.0,
            0.1258313320011656,
            0.0,
            0.0,
            0.25
          ]
        }
      ]
    ]
  ],
  "similar_collocations": [
    [
      "22 июль",
      [
        [
          {
            "marked_colloc_db_index": 49,
            "sim_colloc": "сентябрь",