{
  "similar_texts": [
    [
      0.9461227166429726,
      {
        "TEXT_IND_in_marked_db": 46,
        "VECTOR": [
          0.5722,
          0.68,
          0.14,
          0.15357142857142858,
          0.4285714285714285,
          0.28571428571428564,
          0.013111624318612047,
          0.008781994574065496,
          0.005192070978936289,
          0.1108525853656659,
          0.23957181915828524
        ]
      }
    ],
    [
      0.9461227166429726,
      {
        "TEXT_IND_in_marked_db": 47,
        "VECTOR": [
          0.5722,
          0.68,
          0.14,
          0.15357142857142858,
          0.4285714285714285,
          0.28571428571428564,
          0.013111624318612047,
          0.008781994574065496,
          0.005192070978936289,
          0.1108525853656659,
          0.23957181915828524
        ]
      }
    ],
    [
      0.9461227166429726,
      {
        "TEXT_IND_in_marked_db": 48,
        "VECTOR": [
          0.5722,
          0.68,
          0.14,
          0.15357142857142858,
          0.4285714285714285,
          0.28571428571428564,
          0.013111624318612047,
          0.008781994574065496,
          0.005192070978936289,
          0.1108525853656659,
          0.23957181915828524
        ]
      }
    ],
    [
      0.9461227166429726,
      {
        "TEXT_IND_in_marked_db": 49,
        "VECTOR": [
          0.5722,
          0.68,
          0.14,
          0.15357142857142858,
          0.4285714285714285,
          0.28571428571428564,
          0.013111624318612047,
          0.008781994574065496,
          0.005192070978936289,
          0.1108525853656659,
          0.23957181915828524
        ]
      }
    ],
    [
      0.9447952223655953,
      {
        "TEXT_IND_in_marked_db": 9,
        "VECTOR": [
          0.5788000000000001,
          0.7,
          0.15,
          0.1586666666666667,
          0.33333333333333326,
          0.2666666666666666,
          0.03138418932732309,
          0.032255172907681075,
          0.0,
          0.13056425505926705,
          0.20942576798157186
        ]
      }
    ]
  ],
  "simiar_sentences": [
    [
      [
        1.0,
        {
          "sent_ind_in_marked_db": 0,
          "sent_vector": [
            0.0,
            0.0,
            0.0,
            0.0,
            0.0,
            0.0,
            0.20909090909090913
          ]
        }
      ],
      [
        1.0,
        {
          "sent_ind_in_marked_db": 9,
          "sent_vector": [
            0.0,
            0.0,
            0.0,
            0.0,
            0.0,
            0.0,
            0.22105263157894736
          ]
        }
      ],
      [
        1.0,
        {
          "sent_ind_in_marked_db": 17,
          "sent_vector": [
            0.0,
            0.0,
            0.0,
            0.0,
            0.0,
            0.0,
            0.2142857142857143
          ]
        }
      ],
      [
        1.0,
        {
          "sent_ind_in_marked_db": 21,
          "sent_vector": [
            0.0,
            0.0,
            0.0,
            0.0,
            0.0,
            0.0,
            0.1777777777777778
          ]
        }
      ],
      [
        1.0,
        {
          "sent_ind_in_marked_db": 23,
          "sent_vector": [
            0.0,
            0.0,
            0.0,
            0.0,
            0.0,
            0.0,
            0.22
          ]
        }
      ]
    ],
    [
      [
        0.9962424827787308,
        {
          "sent_ind_in_marked_db": 79,
          "sent_vector": [
            0.05882352941176471,
            0.0,
            0.08005003702988825,
            0.0,
            0.0,
            0.14189084096060117,
            0.175
          ]
        }
      ],
      [
        0.9700936757697963,
        {
          "sent_ind_in_marked_db": 24,
          "sent_vector": [
            0.0,
            0.0,
            0.05824359566409644,
            0.0,
            0.0,
            0.11648719132819288,
            0.1823529411764706
          ]
        }
      ],
      [
        0.9611955079048411,
        {
          "sent_ind_in_marked_db": 19,
          "sent_vector": [
            0.0,
            0.0,
            0.07720533817618477,
            0.0,
            0.0,
            0.10486006238404527,
            0.2066666666666667
          ]
        }
      ],
      [
        0.9564091348835615,
        {
          "sent_ind_in_marked_db": 76,
          "sent_vector": [
            0.047619047619047616,
            0.0,
            0.05801061408677441,
            0.0,
            0.05272854512627896,
            0.24164970352541754,
            0.22
          ]
        }
      ],
      [
        0.9516726172205703,
        {
          "sent_ind_in_marked_db": 56,
          "sent_vector": [
            0.10714285714285712,
            0.0,
            0.0917492977984888,
            0.0,
            0.0,
            0.08619916746450187,
            0.2925925925925926
          ]
        }
      ]
    ],
    [
      [
        0.976900367308129,
        {
          "sent_ind_in_marked_db": 14,
          "sent_vector": [
            0.05555555555555556,
            0.0,
            0.06912763848250579,
            0.0,
            0.0,
            0.0,
            0.2823529411764706
          ]
        }
      ],
      [
        0.9552086183754476,
        {
          "sent_ind_in_marked_db": 40,
          "sent_vector": [
            0.0,
            0.0,
            0.08405800365978727,
            0.0,
            0.0,
            0.0,
            0.34
          ]
        }
      ],
      [
        0.9543534883810624,
        {
          "sent_ind_in_marked_db": 37,
          "sent_vector": [
            0.05,
            0.05,
            0.0,
            0.049301725984711366,
            0.0,
            0.0,
            0.21578947368421053
          ]
        }
      ],
      [
        0.9539917184054885,
        {
          "sent_ind_in_marked_db": 13,
          "sent_vector": [
            0.047619047619047616,
            0.0,
            0.0,
            0.0,
            0.0,
            0.0,
            0.205
          ]
        }
      ],
      [
        0.949012503550569,
        {
          "sent_ind_in_marked_db": 35,
          "sent_vector": [
            0.07142857142857142,
            0.0,
            0.0,
            0.0,
            0.0,
            0.0,
            0.21538461538461534
          ]
        }
      ]
    ],
    [
      [
        0.9592364722536442,
        {
          "sent_ind_in_marked_db": 76,
          "sent_vector": [
            0.047619047619047616,
            0.0,
            0.05801061408677441,
            0.0,
            0.05272854512627896,
            0.24164970352541754,
            0.22
          ]
        }
      ],
      [
        0.9546633673916218,
        {
          "sent_ind_in_marked_db": 79,
          "sent_vector": [
            0.05882352941176471,
            0.0,
            0.08005003702988825,
            0.0,
            0.0,
            0.14189084096060117,
            0.175
          ]
        }
      ],
      [
        0.9524496132953468,
        {
          "sent_ind_in_marked_db": 24,
          "sent_vector": [
            0.0,
            0.0,
            0.05824359566409644,
            0.0,
            0.0,
            0.11648719132819288,
            0.1823529411764706
          ]
        }
      ],
      [
        0.933497090437185,
        {
          "sent_ind_in_marked_db": 60,
          "sent_vector": [
            0.0,
            0.0,
            0.0,
            0.0,
            0.0,
            0.2005065396327602,
            0.16363636363636366
          ]
        }
      ],
      [
        0.9321383426298511,
        {
          "sent_ind_in_marked_db": 30,