{"0": [[15, 0.9042270967821491], [13, 0.8570565239015462], [49, 0.8506307306402429], [5, 0.8278951725170668], [16, 0.8168580050963415]], "1": [[15, 0.8879181922223839], [13, 0.852836561519611], [49, 0.8464424074852204], [5, 0.8238187943707298], [9, 0.8135017245541243]], "2": [[13, 0.9380912377062692], [49, 0.872512101524859], [5, 0.8491917006942165], [40, 0.8207454070455728], [51, 0.8132885837422548]], "3": [[13, 0.9582183240017653], [49, 0.9510340687309481], [5, 0.9256149419960386], [40, 0.8946086163053064], [15, 0.8850351451072612]]}