{"0": [[13, 0.937609558909761], [49, 0.9305798181431321], [5, 0.9057073902122444], [40, 0.87536792933355], [15, 0.8660003584132323]], "1": [[13, 0.9503201117731559], [49, 0.9431950734588632], [5, 0.9179854664676168], [40, 0.8872347135775718], [9, 0.8795829018647773]], "2": null, "3": [[13, 0.84034556573117], [49, 0.8340450631122064], [5, 0.8117528047600269], [40, 0.7845606423361164], [15, 0.7761648270313806]], "4": null, "5": [[15, 0.8403483704741035], [47, 0.7668260179554653], [13, 0.7448769193877424], [34, 0.7405842621524943], [49, 0.7392921942784658]], "6": null, "7": null, "8": null, "9": [[13, 0.8474469454376132], [51, 0.839572720251225], [9, 0.8183631229190356], [49, 0.7950189081822573], [5, 0.7737697363090557]], "10": [[13, 0.9582183240017653], [49, 0.9510340687309481], [5, 0.9256149419960386], [40, 0.8946086163053064], [15, 0.8850351451072612]]}