{"0": [[13, 0.9671086793815992], [49, 0.9269606809074336], [5, 0.9021849848509235], [40, 0.8719635177976229], [15, 0.8626323784912998]], "1": [[13, 0.9396103716090721], [49, 0.9325656297212781], [15, 0.9172388296134426], [5, 0.9076401252520874], [40, 0.8772359214555766]], "2": [[13, 0.9582183240017653], [49, 0.9510340687309481], [5, 0.9256149419960386], [40, 0.8946086163053064], [15, 0.8850351451072612]], "3": [[13, 0.9582183240017653], [49, 0.9510340687309481], [5, 0.9256149419960386], [40, 0.8946086163053064], [15, 0.8850351451072612]], "4": null, "5": [[13, 0.9582183240017653], [49, 0.9510340687309481], [5, 0.9256149419960386], [40, 0.8946086163053064], [15, 0.8850351451072612]], "6": null, "7": [[13, 0.9582183240017653], [49, 0.9510340687309481], [5, 0.9256149419960386], [40, 0.8946086163053064], [15, 0.8850351451072612]], "8": [[13, 0.9134295397413358], [15, 0.8922342401686878], [49, 0.8716545195737949], [5, 0.8483570400926773], [16, 0.8222088140415085]]}