{"0": [[13, 0.9582183240017653], [49, 0.9510340687309481], [5, 0.9256149419960386], [40, 0.8946086163053064], [15, 0.8850351451072612]], "1": [[8, 0.6954287660919718], [35, 0.5126426325231906]], "2": [[13, 0.9582183240017653], [49, 0.9510340687309481], [5, 0.9256149419960386], [40, 0.8946086163053064], [15, 0.8850351451072612]], "3": null, "4": null, "5": [[15, 0.8918833044149207], [13, 0.8287742642075822], [49, 0.8225605175834464], [5, 0.8005752168134257], [16, 0.7974615740135196]], "6": [[13, 0.8564565832791513], [15, 0.8504644211501119], [34, 0.8124983963156481], [49, 0.8000547368254145], [5, 0.7786709679165182]], "7": [[13, 0.9559892973692709], [49, 0.9273167455809048], [15, 0.9050259305561915], [5, 0.9025315326696801], [40, 0.8722984569289565]]}