{"0": null, "1": [[8, 0.6311750020733599]], "2": [[8, 0.7589919630773294], [35, 0.5322274672119702]], "3": null, "4": null, "5": null, "6": null, "7": null, "8": [[8, 0.6311750020733599]]}