{"0": null, "1": null, "2": null, "3": [[13, 0.9582183240017653], [49, 0.9510340687309481], [5, 0.9256149419960386], [40, 0.8946086163053064], [15, 0.8850351451072612]], "4": [[13, 0.9468130059761651], [49, 0.8863928865722644], [5, 0.8627014817514379], [40, 0.833802636342375], [15, 0.8248798679066708]], "5": [[13, 0.949974681942903], [49, 0.8916877811539444], [5, 0.867854855013488], [40, 0.8387833814817368], [15, 0.829807312620274]], "6": null, "7": null, "8": null, "9": [[13, 0.9582183240017653], [49, 0.9510340687309481], [5, 0.9256149419960386], [40, 0.8946086163053064], [15, 0.8850351451072612]], "10": [[13, 0.9582183240017653], [49, 0.9510340687309481], [5, 0.9256149419960386], [40, 0.8946086163053064], [15, 0.8850351451072612]], "11": null}