{"0": [[13, 0.9438047727233246], [49, 0.9367285832545794], [15, 0.9152393972011622], [5, 0.9116918118529688], [40, 0.8811518843244353]], "1": [[13, 0.9506501306172015], [49, 0.8928425006489044], [5, 0.8689787113015969], [40, 0.8398695907391878], [15, 0.8308818980314399]], "2": [[51, 0.8268805454216381], [13, 0.8203468986923868], [9, 0.7958579647170274], [49, 0.7621734693785249], [5, 0.7418021865306133]], "3": [[13, 0.8454749555500447], [49, 0.839135995259255], [5, 0.8167076670714097], [40, 0.7893495262610137], [15, 0.7809024636940783]], "4": null, "5": [[13, 0.8206267265751598], [51, 0.7305372177049231], [49, 0.7179801637242563], [5, 0.6987900743521571], [34, 0.6797296920705157]], "6": [[13, 0.8677805163985695], [49, 0.8612743198537021], [5, 0.838254281129855], [40, 0.8101743700641215], [15, 0.8015044546890204]], "7": null, "8": null, "9": null}