{"0": null, "1": [[13, 0.9508813890415071], [49, 0.8932399528808236], [5, 0.8693655404770071], [40, 0.8402434618789665], [15, 0.8312517682656569]], "2": [[9, 0.8622764132880825], [13, 0.8447025014043773], [49, 0.8383693325993361], [51, 0.8229636566556087], [5, 0.8159614956808956]], "3": [[13, 0.9043950462769691], [49, 0.8976143317828218], [5, 0.8736230014941971], [40, 0.8443583061157598], [15, 0.8353225783381606]], "4": null, "5": null, "6": [[11, 0.6038576879954624]], "7": null, "8": null}