{"0": [[15, 0.8983309186919617], [13, 0.8429603133098974], [49, 0.8366402065844335], [5, 0.8142785855427512], [16, 0.8073012578207492]], "1": [[13, 0.9238206575361594], [49, 0.8512967185992502], [5, 0.8285433600282348], [51, 0.8042643950810799], [40, 0.8007887461987198]], "2": null, "3": [[11, 0.6038576879954624]], "4": null, "5": [[9, 0.8677435252056196], [13, 0.8570565239015462], [49, 0.8506307306402429], [5, 0.8278951725170668], [51, 0.8273953094454569]], "6": [[13, 0.9526786602594539], [49, 0.9455359386949356], [5, 0.920263765332976], [40, 0.8894366937995782], [15, 0.8799185688727903]], "7": [[11, 0.6038576879954624]], "8": [[13, 0.9132317802566691], [49, 0.9063848122260569], [15, 0.9034892668553448], [5, 0.8821590655676697], [40, 0.852608428410669]], "9": [[13, 0.8942031998707395], [49, 0.8874988988874062], [9, 0.8663125822464341], [5, 0.8637779326995021], [40, 0.8348430282477731]]}