{"0": [[13, 0.9582183240017653], [49, 0.9510340687309481], [5, 0.9256149419960386], [40, 0.8946086163053064], [15, 0.8850351451072612]], "1": [[13, 0.849378720528142], [49, 0.8430104917048921], [5, 0.8204786064317396], [40, 0.7929941463835467], [15, 0.7845080816595396]], "2": [[13, 0.9582183240017653], [49, 0.9510340687309481], [5, 0.9256149419960386], [40, 0.8946086163053064], [15, 0.8850351451072612]], "3": [[13, 0.9582183240017653], [49, 0.9510340687309481], [5, 0.9256149419960386], [40, 0.8946086163053064], [15, 0.8850351451072612]], "4": null, "5": [[51, 0.8175479552590383], [13, 0.8027537808663436], [9, 0.7798748413618082], [49, 0.7405837720233557], [5, 0.7207895360671203]], "6": [[13, 0.9403368074794183], [49, 0.9332866191285378], [15, 0.9169453752166651], [5, 0.9083418441392677], [40, 0.8779141341055818]], "7": [[13, 0.9275776245526045], [49, 0.9206230983539676], [5, 0.8960167924585634], [9, 0.8867840843207804], [40, 0.8660019480229014]], "8": [[34, 0.808850321132204], [15, 0.7736047485461255], [47, 0.740709190646887], [13, 0.6923454806398508], [16, 0.6584738546147078]], "9": [[8, 0.6311750020733599]], "10": [[15, 0.8832469964618883], [13, 0.8799725675989986], [49, 0.8733749609799292], [9, 0.8506773007223675], [5, 0.850031497743255]], "11": [[9, 0.8618871292092087], [13, 0.8438537629737349], [49, 0.8375269575969346], [51, 0.8226446278548358], [5, 0.8151416355784838]]}