{"0": null, "1": [[15, 0.8475250761637154], [13, 0.8428703952597174], [34, 0.815688750696623], [49, 0.7881748011173219], [5, 0.7671085577327947]], "2": [[9, 0.8168545875519688], [13, 0.8067943269002542], [49, 0.8007453751631469], [5, 0.7793431469539879], [51, 0.7788725984205425]], "3": [[8, 0.6774232446296133], [35, 0.5042658967986855]], "4": null, "5": null, "6": null}