{"0": [[13, 0.9582183240017653], [49, 0.9510340687309481], [5, 0.9256149419960386], [40, 0.8946086163053064], [15, 0.8850351451072612]], "1": [[13, 0.7652716366644025], [15, 0.7630277806278282], [51, 0.7612139974743579], [34, 0.7475862125626324], [9, 0.7316834471286415]], "2": [[13, 0.9582183240017653], [49, 0.9510340687309481], [5, 0.9256149419960386], [40, 0.8946086163053064], [15, 0.8850351451072612]], "3": null, "4": [[15, 0.8282372640217065], [9, 0.804234373009169], [13, 0.7943295410588608], [49, 0.7883740442277363], [5, 0.7673024754967875]], "5": null, "6": [[8, 0.6673200978636004]], "7": null, "8": [[13, 0.7906126428578595], [51, 0.7078485601304836], [49, 0.682158545449272], [34, 0.6710004084815552], [5, 0.6639258920773325]], "9": [[13, 0.7783558069127031], [51, 0.7643167055997767], [9, 0.6966376598009656], [49, 0.6927526995677759], [5, 0.6742368868905692]], "10": [[13, 0.9423459314219886], [49, 0.9352806796362807], [5, 0.9102826076322874], [40, 0.8797898857429983], [15, 0.8703749941602666]], "11": [[8, 0.7405361905117822]], "12": null, "13": [[8, 0.7647216124075088], [35, 0.5215867080242264]], "14": [[8, 0.6311750020733599]], "15": [[11, 0.6038576879954624]], "16": null, "17": null, "18": null, "19": [[13, 0.9582183240017653], [49, 0.9510340687309481], [5, 0.9256149419960386], [40, 0.8946086163053064], [15, 0.8850351451072612]], "20": null, "21": null, "22": [[8, 0.6311750020733599]], "23": null, "24": [[13, 0.8681012320716567], [49, 0.8328851898988394], [15, 0.8271328286656395], [5, 0.8106239325014905], [40, 0.7834695851336291]], "25": null, "26": null, "27": null, "28": null, "29": null, "30": [[11, 0.6038576879954624]], "31": [[13, 0.8785063763695035], [51, 0.8433965475711441], [49, 0.8143498091069956], [9, 0.8103115452473547], [5, 0.7925839631874461]], "32": null, "33": [[13, 0.9582183240017653], [49, 0.9510340687309481], [5, 0.9256149419960386], [40, 0.8946086163053064], [15, 0.8850351451072612]], "34": [[8, 0.6921516962301694], [35, 0.51115933912469]], "35": null, "36": null, "37": [[13, 0.9322123411091436], [49, 0.8850896650969395], [5, 0.8614330926264294], [51, 0.841809579686292], [9, 0.8371220437047848]], "38": null, "39": null, "40": [[13, 0.9582183240017653], [49, 0.9510340687309481], [5, 0.9256149419960386], [40, 0.8946086163053064], [15, 0.8850351451072612]], "41": [[13, 0.8955135156469429], [49, 0.8400152392397232], [5, 0.8175634107221788], [40, 0.7901766041403699], [15, 0.7817206907686107]], "42": null, "43": null, "44": [[11, 0.6038576879954624]], "45": null, "46": null, "47": null, "48": [[15, 0.8426434435266018], [47, 0.7774841019661691], [34, 0.751024062554872], [13, 0.738619356755294], [49, 0.7330815478092745]], "49": [[15, 0.9157612284296545], [13, 0.8915752532678125], [49, 0.884890655350848], [5, 0.8612394019894253], [16, 0.8390055801678475]], "50": null, "51": [[8, 0.6311750020733599]], "52": null, "53": null}