{"0": [[8, 0.6311750020733599]], "1": [[13, 0.9582183240017653], [49, 0.9510340687309481], [5, 0.9256149419960386], [40, 0.8946086163053064], [15, 0.8850351451072612]], "2": null, "3": [[8, 0.7623525764051702], [35, 0.531222921223397]], "4": [[11, 0.6038576879954624]], "5": [[13, 0.9582183240017653], [49, 0.9510340687309481], [5, 0.9256149419960386], [40, 0.8946086163053064], [15, 0.8850351451072612]], "6": [[15, 0.8925763178574758], [13, 0.8886933424702862], [49, 0.8820303517197873], [5, 0.8584555482174062], [9, 0.8500292825249883]], "7": [[13, 0.9474581483746031], [49, 0.9403545676708736], [5, 0.9152208813842477], [40, 0.8845627367934051], [9, 0.8818065737087817]], "8": [[8, 0.6358881175497315]], "9": [[15, 0.88764187247035], [13, 0.8367461915841411], [49, 0.8304726753231293], [5, 0.8082758993316163], [16, 0.7995928389835274]]}