{"0": [[13, 0.9582183240017653], [49, 0.9510340687309481], [5, 0.9256149419960386], [40, 0.8946086163053064], [15, 0.8850351451072612]], "1": [[13, 0.9582183240017653], [49, 0.9510340687309481], [5, 0.9256149419960386], [40, 0.8946086163053064], [15, 0.8850351451072612]], "2": [[13, 0.9287947980063489], [49, 0.8585305426466546], [5, 0.8355838392772932], [40, 0.8075933828930498], [51, 0.8074777180542491]], "3": null, "4": [[13, 0.9406522008781153], [49, 0.933599647860822], [5, 0.9086465062764116], [9, 0.8849564104868552], [40, 0.878208590645321]], "5": null, "6": [[15, 0.9170517600104146], [13, 0.8969374979384019], [49, 0.8902126965171074], [5, 0.866419196265335], [16, 0.8422294856532485]]}