{"0": [[13, 0.9582183240017653], [49, 0.9510340687309481], [5, 0.9256149419960386], [40, 0.8946086163053064], [15, 0.8850351451072612]], "1": null, "2": [[13, 0.9166728367876397], [49, 0.909800069387614], [9, 0.8860946036185315], [5, 0.8854830401374918], [40, 0.8558210562061215]], "3": [[8, 0.6098520779737324]], "4": [[13, 0.9596475376510479], [49, 0.9355982712266436], [5, 0.910591710671976], [15, 0.9054552397288396], [40, 0.8800886344235623]], "5": [[13, 0.792643368179762], [49, 0.7867005134533549], [5, 0.7656736746561146], [40, 0.7400250747339789], [15, 0.7321058477003113]], "6": [[9, 0.7767551010674267], [13, 0.7594454512905472], [49, 0.7537514984098025], [51, 0.7415075404194199], [5, 0.7336053170114081]], "7": [[11, 0.6038576879954624]]}