{"0": [[13, 0.911275065228485], [49, 0.9044427676961326], [15, 0.8936650376447075], [5, 0.880268927775531], [40, 0.850781606610229]], "1": [[13, 0.801766345069181], [51, 0.7879040515459292], [9, 0.7141933449765883], [49, 0.7105379526316296], [5, 0.6915467778023121]], "2": [[13, 0.9076839725521263], [49, 0.8286806391970084], [5, 0.8065317605363074], [51, 0.7934811777653674], [40, 0.7795144930825422]], "3": [[13, 0.9243252163570763], [49, 0.9173950751343226], [5, 0.892875047463875], [15, 0.8874961272702739], [40, 0.8629654454612408]], "4": [[13, 0.9582183240017653], [49, 0.9510340687309481], [5, 0.9256149419960386], [40, 0.8946086163053064], [15, 0.8850351451072612]], "5": null, "6": [[9, 0.7437191673401083], [51, 0.7191694181955206], [52, 0.6534562852165937], [13, 0.6452640585390327], [49, 0.6404261822455927]], "7": [[13, 0.8922438230617296], [49, 0.885554212533395], [9, 0.8807021429595112], [5, 0.8618852236936402], [51, 0.8372362462782096]], "8": [[13, 0.9695613580886485], [49, 0.941385053777404], [5, 0.9162238247793215], [40, 0.8855320835078874], [15, 0.8760557429698096]], "9": [[13, 0.9582183240017653], [49, 0.9510340687309481], [5, 0.9256149419960386], [40, 0.8946086163053064], [15, 0.8850351451072612]], "10": [[13, 0.9294294130675929], [49, 0.9224610030586948], [5, 0.8978055738625045], [9, 0.8867398619548139], [40, 0.8677308086797978]], "11": null, "12": null, "13": [[13, 0.8648982350405826], [49, 0.8584136484404631], [5, 0.8354700694056963], [40, 0.8074834240939978], [15, 0.7988423053270122]], "14": [[8, 0.6311750020733599]], "15": [[11, 0.6038576879954624]], "16": [[13, 0.923410167390469], [49, 0.9164868867601259], [5, 0.891991133041729], [9, 0.8866957430684415], [40, 0.8621111404773313]]}