{"0": [[34, 0.7128204660373605], [51, 0.6746106179728579], [13, 0.6706238326918729], [15, 0.6098122365278154], [9, 0.5852076560426918]], "1": [[15, 0.8918807192064581], [13, 0.8860798508861177], [49, 0.8794364548252824], [5, 0.8559309806940213], [9, 0.8482049052005181]], "2": [[13, 0.9582183240017653], [49, 0.9510340687309481], [5, 0.9256149419960386], [40, 0.8946086163053064], [15, 0.8850351451072612]], "3": [[13, 0.8148386656407623], [49, 0.743907471264184], [5, 0.7240243998655504], [51, 0.7123212414859105], [40, 0.6997709707864376]], "4": null, "5": [[13, 0.6959565166854756], [34, 0.6364615617761601], [51, 0.6345435926899163], [49, 0.5733416225538802], [5, 0.5580174150987857]], "6": [[13, 0.9582183240017653], [49, 0.9510340687309481], [5, 0.9256149419960386], [40, 0.8946086163053064], [15, 0.8850351451072612]], "7": null}