{"0": [[15, 0.8607261909654411], [13, 0.7962073461603251], [49, 0.7902377704592188], [5, 0.7691163882727537], [9, 0.7687125333746553]], "1": [[15, 0.7481544622253193], [13, 0.6914957995438431], [49, 0.6863113001263474], [5, 0.6679676524158178], [16, 0.6670993911161665]], "2": null, "3": [[13, 0.9582183240017653], [49, 0.9510340687309481], [5, 0.9256149419960386], [40, 0.8946086163053064], [15, 0.8850351451072612]], "4": null}