{"0": [[9, 0.8612138650788861], [13, 0.8423943013264907], [49, 0.8360784382837797], [51, 0.8220919231970942], [5, 0.813731832119166]], "1": [[15, 0.9042270967821491], [13, 0.8570565239015462], [49, 0.8506307306402429], [5, 0.8278951725170668], [16, 0.8168580050963415]], "2": [[13, 0.9695894182228054], [49, 0.9386811760931971], [5, 0.9135922160198465], [40, 0.8829886285957464], [15, 0.8735395063203827]], "3": null, "4": null, "5": null, "6": [[13, 0.9692070316267151], [49, 0.935212116362736], [5, 0.9102158769098542], [40, 0.8797253903718104], [15, 0.870311188973107]], "7": [[13, 0.7521619649067967], [51, 0.6783449916708179], [34, 0.6580667470485209], [49, 0.6373056023309374], [5, 0.6202717731473679]], "8": [[9, 0.861213865078886], [13, 0.8423943013264906], [49, 0.8360784382837796], [51, 0.8220919231970941], [5, 0.8137318321191659]]}