{"0": null, "1": null, "2": null, "3": [[13, 0.9582183240017653], [49, 0.9510340687309481], [5, 0.9256149419960386], [40, 0.8946086163053064], [15, 0.8850351451072612]], "4": [[9, 0.606001328427356], [13, 0.5924968522482021], [33, 0.5917403672218093], [49, 0.5880545988211023], [51, 0.5785022253675078]], "5": null, "6": [[8, 0.695161892131323]], "7": [[13, 0.9008278755432422], [49, 0.8940739059615055], [5, 0.8701772037578324], [40, 0.8410279359962479], [15, 0.8320278474935638]]}