{"0": [[15, 0.9086931799044529], [13, 0.8688457274807608], [49, 0.8623315445009234], [5, 0.839283248401049], [16, 0.8246497116964107]], "1": [[15, 0.778076227809935], [9, 0.7449837053668608], [13, 0.713780893733824], [51, 0.7128181836849653], [49, 0.7084293115113092]], "2": [[13, 0.7418424754748131], [15, 0.731403567347734], [51, 0.7304366238917938], [34, 0.7109325929392859], [9, 0.7018930444983076]], "3": [[11, 0.6038576879954624]], "4": null, "5": [[13, 0.9368974229328526], [49, 0.9298730214156593], [15, 0.9063824973510837], [5, 0.9050194846645749], [40, 0.8747030673026689]], "6": null, "7": [[15, 0.882446491269558], [13, 0.8095266539418359], [49, 0.8034572165445627], [16, 0.7838135307877412], [5, 0.7819825065579096]], "8": null}