{"0": [[13, 0.9251332127669637], [49, 0.8531913244136619], [5, 0.8303873270412694], [51, 0.805118309346096], [40, 0.8025709438526235]], "1": null, "2": null, "3": [[13, 0.9051848087072211], [49, 0.8983981729582198], [9, 0.8840750348833076], [5, 0.8743858922548492], [40, 0.8450956414987726]], "4": [[8, 0.6831904846940334]], "5": null, "6": [[8, 0.6311750020733599]], "7": [[13, 0.9582183240017653], [49, 0.9510340687309481], [5, 0.9256149419960386], [40, 0.8946086163053064], [15, 0.8850351451072612]], "8": null, "9": [[13, 0.9152298974103751], [49, 0.8391149926541795], [5, 0.8166872258214927], [51, 0.7985833297228861], [40, 0.7893297697537728]], "10": null}