{"0": null, "1": null, "2": null, "3": [[51, 0.7537478203170407], [13, 0.7532421423446547], [15, 0.7520191958591386], [34, 0.7467252420908138], [9, 0.720863634527839]], "4": null, "5": null, "6": null, "7": [[9, 0.6654421437639242], [51, 0.6421598309151388], [33, 0.6086256941817973], [13, 0.5890677450516244], [49, 0.5846512014036366]], "8": null, "9": [[13, 0.8191263586460508], [49, 0.8129849473286469], [5, 0.7912555812741834], [40, 0.7647500365336342], [15, 0.7565662203764687]], "10": null, "11": null, "12": [[15, 0.9042270967821493], [13, 0.8570565239015463], [49, 0.850630730640243], [5, 0.8278951725170669], [16, 0.8168580050963417]], "13": [[13, 0.9582183240017653], [49, 0.9510340687309481], [5, 0.9256149419960386], [40, 0.8946086163053064], [15, 0.8850351451072612]]}