{"0": [[11, 0.6038576879954624]], "1": null, "2": null, "3": null, "4": null, "5": [[8, 0.7567673105533085], [35, 0.5324155147608933]], "6": [[8, 0.7620030957067759], [35, 0.5313927085981709]], "7": [[13, 0.8818634483405988], [9, 0.8773682323613033], [49, 0.875251664816753], [5, 0.8518580412606533], [51, 0.8348535785425186]], "8": [[8, 0.6311750020733599]], "9": null}