{"0": [[13, 0.9254201727948642], [15, 0.9200683403508739], [49, 0.9184818221209213], [5, 0.8939327480048317], [40, 0.8639877150622156]], "1": [[13, 0.9582183240017653], [49, 0.9510340687309481], [5, 0.9256149419960386], [40, 0.8946086163053064], [15, 0.8850351451072612]], "2": [[13, 0.9450818807007113], [49, 0.8835614412444333], [5, 0.8599457149613137], [40, 0.8311391824555385], [15, 0.8222449164270417]], "3": [[13, 0.9415840469497782], [49, 0.8779630170079048], [5, 0.8544969247493307], [40, 0.8258729162676048], [15, 0.817035006109991]], "4": [[13, 0.9582183240017653], [49, 0.9510340687309481], [5, 0.9256149419960386], [40, 0.8946086163053064], [15, 0.8850351451072612]], "5": [[13, 0.9233967298749411], [49, 0.8506868527718034], [5, 0.8279497946228958], [51, 0.8039877338740109], [40, 0.8002150640962983]], "6": [[13, 0.8681449006722192], [15, 0.8366270733239469], [49, 0.8304486146794463], [5, 0.8082524817779878], [9, 0.8060055599226633]], "7": [[9, 0.8547094026704688], [13, 0.8287742642075822], [49, 0.8225605175834464], [51, 0.816698278225575], [5, 0.8005752168134257]]}