{"0": [[15, 0.851994691493936], [13, 0.7812253488286172], [49, 0.7753681008618086], [9, 0.7575760550457823], [16, 0.7565834813493081]], "1": [[8, 0.6311750020733599]], "2": [[13, 0.9539938232402407], [49, 0.9468412412229006], [5, 0.9215341798884944], [40, 0.890664551903506], [15, 0.8811332873042635]], "3": null, "4": [[11, 0.6038576879954624]], "5": [[47, 0.6884812326042019], [15, 0.6739706561967683], [34, 0.666177054346601], [54, 0.5917224690709693], [16, 0.5528839416946859]], "6": [[13, 0.9504205665948645], [49, 0.9432947751191426], [5, 0.9180825033136466], [40, 0.8873284998753276], [9, 0.8794900160949564]], "7": [[13, 0.9451807324999617], [49, 0.9380942267535686], [5, 0.9130209545931346], [9, 0.8831268216397634], [40, 0.882436503331436]]}