{"0": null, "1": [[13, 0.9362900712838053], [15, 0.9144070240941211], [49, 0.912984111558485], [5, 0.888581979603705], [40, 0.8588161871424314]], "2": [[13, 0.9215935743434581], [15, 0.9201695875964951], [49, 0.9146839136448635], [5, 0.8902363495798378], [40, 0.8604151388966171]], "3": [[13, 0.9347916824539385], [49, 0.9277830687554037], [15, 0.9187450440266323], [5, 0.9029853920132167], [40, 0.8727371128547596]], "4": [[13, 0.9582183240017653], [49, 0.9510340687309481], [5, 0.9256149419960386], [40, 0.8946086163053064], [15, 0.8850351451072612]], "5": [[13, 0.8753139743360556], [49, 0.8687512955850571], [5, 0.8455314131332532], [40, 0.8172077320993024], [15, 0.8084625506384048]]}