{"0": [[13, 0.9582183240017653], [49, 0.9510340687309481], [5, 0.9256149419960386], [40, 0.8946086163053064], [15, 0.8850351451072612]], "1": [[8, 0.7640823982992473], [35, 0.5299102436633598]], "2": [[13, 0.9582183240017653], [49, 0.9510340687309481], [5, 0.9256149419960386], [40, 0.8946086163053064], [15, 0.8850351451072612]], "3": [[13, 0.9582183240017653], [49, 0.9510340687309481], [5, 0.9256149419960386], [40, 0.8946086163053064], [15, 0.8850351451072612]], "4": [[9, 0.8267239201679626], [13, 0.8165421102710232], [49, 0.8104200743919138], [5, 0.7887592619596404], [51, 0.7882830282038074]], "5": null, "6": [[9, 0.8043133591960073], [13, 0.7778283917720799], [49, 0.7719966125382592], [51, 0.768777038504083], [5, 0.7513627778753053]], "7": null, "8": [[13, 0.7262019062712299], [49, 0.7207571973336903], [5, 0.701492883733894], [40, 0.6779942172410219], [15, 0.6707388007461477]], "9": [[13, 0.9582183240017653], [49, 0.9510340687309481], [5, 0.9256149419960386], [40, 0.8946086163053064], [15, 0.8850351451072612]], "10": [[13, 0.9582183240017653], [49, 0.9510340687309481], [5, 0.9256149419960386], [40, 0.8946086163053064], [15, 0.8850351451072612]], "11": [[13, 0.8444609385628303], [15, 0.8281341708959249], [34, 0.8153422526740679], [49, 0.7790480702958502], [5, 0.7582257650992956]], "12": [[9, 0.8677435252056196], [13, 0.8570565239015462], [49, 0.8506307306402429], [5, 0.8278951725170668], [51, 0.8273953094454569]]}