{"0": [[13, 0.9481069571902029], [49, 0.9409985120333143], [5, 0.9158476144775055], [15, 0.9121855997291508], [40, 0.8851684755297992]], "1": [[13, 0.9555387383909978], [49, 0.9302195086324643], [15, 0.9078589170674791], [5, 0.9053567110118007], [40, 0.8750289972138938]], "2": [[13, 0.9479639736155214], [49, 0.9179337161070068], [15, 0.9071357872212743], [5, 0.8933992917039926], [40, 0.8634721285245525]], "3": [[13, 0.9192162772969293], [49, 0.9123244404161526], [5, 0.8879399400740788], [9, 0.871051287574734], [40, 0.8581956547059372]], "4": [[15, 0.9042270967821491], [13, 0.8570565239015462], [49, 0.8506307306402429], [5, 0.8278951725170668], [16, 0.8168580050963415]], "5": null, "6": [[13, 0.9423784009395044], [49, 0.9061660371610082], [15, 0.9012005397988173], [5, 0.8819461378968286], [40, 0.8524026334085125]], "7": [[13, 0.9100436328974004], [49, 0.9032205680461538], [9, 0.8850604816563854], [5, 0.8790793949340502], [40, 0.8496319208380091]]}