{"0": [[13, 0.9582183240017653], [49, 0.9510340687309481], [5, 0.9256149419960386], [40, 0.8946086163053064], [15, 0.8850351451072612]], "1": [[15, 0.8910940468826383], [13, 0.8271039833857105], [49, 0.8209027597153711], [5, 0.7989617673026741], [16, 0.7962900296432106]], "2": [[15, 0.9186096196146183], [13, 0.9048041220040577], [49, 0.8980203404589316], [5, 0.874018158418164], [16, 0.846814161108346]], "3": null, "4": null, "5": null, "6": null}