{"0": null, "1": null, "2": [[13, 0.8030995939853047], [49, 0.7115325957825782], [51, 0.7111881410908769], [5, 0.6925148362481054], [40, 0.6693169171306063]], "3": [[13, 0.7641178307357954], [51, 0.763834736220825], [9, 0.757178082718339], [15, 0.737760101422853], [49, 0.7267678527127791]], "4": [[11, 0.6038576879954624]], "5": [[13, 0.9582183240017653], [49, 0.9510340687309481], [5, 0.9256149419960386], [40, 0.8946086163053064], [15, 0.8850351451072612]], "6": [[13, 0.9582183240017653], [49, 0.9510340687309481], [5, 0.9256149419960386], [40, 0.8946086163053064], [15, 0.8850351451072612]], "7": [[13, 0.9453013679283644], [49, 0.9122724165951891], [5, 0.8878893067396834], [9, 0.8725099106704315], [51, 0.8583990713930373]], "8": [[8, 0.7648840567403459], [35, 0.522121134377991]], "9": [[13, 0.9290814430065406], [49, 0.8589520763551236], [5, 0.8359941062823801], [40, 0.807989906740153], [51, 0.8076609239475959]], "10": [[8, 0.7069471503091331], [35, 0.5176790796569358]]}