{"0": [[13, 0.9360709709361572], [49, 0.8933760032914319], [5, 0.8694979545482419], [40, 0.8403714403327187], [15, 0.8313783771841525]], "1": null, "2": null, "3": [[13, 0.9582183240017653], [49, 0.9510340687309481], [5, 0.9256149419960386], [40, 0.8946086163053064], [15, 0.8850351451072612]], "4": [[13, 0.8977267767072717], [49, 0.8427876104829659], [5, 0.8202616823528993], [40, 0.7927844888453958], [15, 0.784300667728667]], "5": [[13, 0.9582183240017653], [49, 0.9510340687309481], [5, 0.9256149419960386], [40, 0.8946086163053064], [15, 0.8850351451072612]], "6": null, "7": [[13, 0.9680335380773183], [49, 0.9300015905787089], [5, 0.905144617446156], [40, 0.874824008376009], [15, 0.8654622581146099]], "8": null, "9": [[13, 0.9316288458696276], [15, 0.9124787278851392], [49, 0.9087950200933848], [5, 0.8845048536825917], [40, 0.8548756371217886]], "10": null, "11": [[13, 0.9554328883505072], [49, 0.9281390003390069], [5, 0.9033318102993155], [9, 0.875372362855839], [40, 0.873071926792531]], "12": [[13, 0.8614877406104503], [49, 0.8191542938880264], [51, 0.8024070871224991], [9, 0.7981697723183957], [5, 0.7972600342643201]], "13": [[15, 0.8684151604778323], [13, 0.8365512517423205], [34, 0.8043196727335858], [49, 0.7983448100214181], [5, 0.7770067438350292]], "14": null, "15": null, "16": [[13, 0.9582183240017653], [49, 0.9510340687309481], [5, 0.9256149419960386], [40, 0.8946086163053064], [15, 0.8850351451072612]]}