{"0": null, "1": [[13, 0.9582183240017653], [49, 0.9510340687309481], [5, 0.9256149419960386], [40, 0.8946086163053064], [15, 0.8850351451072612]], "2": null, "3": [[11, 0.6038576879954624]], "4": [[8, 0.7613965647006428], [35, 0.5143968187908667]], "5": null, "6": null}