{"0": [[13, 0.9582183240017653], [49, 0.9510340687309481], [5, 0.9256149419960386], [40, 0.8946086163053064], [15, 0.8850351451072612]], "1": null, "2": [[13, 0.9582183240017653], [49, 0.9510340687309481], [5, 0.9256149419960386], [40, 0.8946086163053064], [15, 0.8850351451072612]], "3": [[13, 0.9321663056595624], [49, 0.9251773757602207], [5, 0.9004493436739452], [40, 0.8702860172719825], [15, 0.8609728293945572]], "4": [[13, 0.9582183240017653], [49, 0.9510340687309481], [5, 0.9256149419960386], [40, 0.8946086163053064], [15, 0.8850351451072612]], "5": [[13, 0.9021489007506975], [49, 0.8953850267640128], [5, 0.8714532810777353], [9, 0.8663072983189833], [40, 0.8422612671728117]], "6": [[13, 0.9537536514020435], [49, 0.9466028700764155], [5, 0.921302179897977], [40, 0.890440323467811], [15, 0.880911458403328]], "7": [[13, 0.9209639680536408], [49, 0.9140590278369998], [5, 0.8896281656463519], [9, 0.8683745077188747], [40, 0.8598273279587106]], "8": [[13, 0.8574034859423054], [51, 0.842255734969297], [9, 0.8180072340890001], [49, 0.8018752903252709], [5, 0.7804428618765517]], "9": [[13, 0.9188816898996751], [49, 0.9119923615925836], [15, 0.8989657630096237], [5, 0.8876167370142493], [40, 0.8578832783288702]], "10": null}