{"0": [[13, 0.9582183240017653], [49, 0.9510340687309481], [5, 0.9256149419960386], [40, 0.8946086163053064], [15, 0.8850351451072612]], "1": [[13, 0.8945585224621433], [49, 0.8520650816477997], [51, 0.8342881533716341], [9, 0.8317246388132941], [5, 0.8292911863595922]], "2": [[13, 0.9114213071215451], [49, 0.9045879131385566], [9, 0.8853067850650325], [5, 0.8804101937876408], [40, 0.8509181404818106]], "3": null, "4": [[13, 0.8818634483405988], [9, 0.8773682323613033], [49, 0.875251664816753], [5, 0.8518580412606533], [51, 0.8348535785425186]], "5": [[13, 0.9582183240017653], [49, 0.9510340687309481], [5, 0.9256149419960386], [40, 0.8946086163053064], [15, 0.8850351451072612]], "6": [[13, 0.9582183240017653], [49, 0.9510340687309481], [5, 0.9256149419960386], [40, 0.8946086163053064], [15, 0.8850351451072612]], "7": [[15, 0.893032554880826], [13, 0.8312297058675635], [49, 0.8249975495352788], [5, 0.8029471120618766], [16, 0.7991790735041903]], "8": [[13, 0.9582183240017653], [49, 0.9510340687309481], [5, 0.9256149419960386], [40, 0.8946086163053064], [15, 0.8850351451072612]], "9": [[13, 0.9296083205321424], [49, 0.9226385691620295], [15, 0.9196910993878875], [5, 0.8979783939999133], [40, 0.8678978396739859]]}