{"0": [[13, 0.852428171247891], [49, 0.8277133838303569], [9, 0.8130483048702736], [5, 0.8055903578573337], [51, 0.7950124256160828]], "1": [[15, 0.8999072498741852], [13, 0.8466036676153427], [49, 0.8402562447900748], [5, 0.8177979747045259], [16, 0.8097939617141348]], "2": null, "3": null, "4": null, "5": [[11, 0.6038576879954624]], "6": [[11, 0.6038576879954624]], "7": [[8, 0.7620415444521037], [35, 0.5313750774565096]], "8": [[13, 0.9582183240017653], [49, 0.9510340687309481], [5, 0.9256149419960386], [40, 0.8946086163053064], [15, 0.8850351451072612]], "9": [[13, 0.9582183240017653], [49, 0.9510340687309481], [5, 0.9256149419960386], [40, 0.8946086163053064], [15, 0.8850351451072612]], "10": [[13, 0.9201633148101235], [49, 0.9132643775023611], [5, 0.8888547546323962], [40, 0.8590798247307073], [15, 0.8498865576315735]], "11": [[13, 0.9486745559645982], [49, 0.9415618552279691], [5, 0.9163959007015101], [15, 0.9116761688035099], [40, 0.8856983952166382]], "12": [[15, 0.8929909573052396], [13, 0.8311403315530315], [49, 0.8249088453059185], [5, 0.8028607787087259], [16, 0.7991166599936796]], "13": [[13, 0.9649555472718852], [49, 0.9210861406980286], [5, 0.8964674586613123], [40, 0.8664375177720104], [15, 0.85716551382513]], "14": [[15, 0.8999072498741854], [13, 0.8466036676153428], [49, 0.8402562447900749], [5, 0.817797974704526], [16, 0.8097939617141348]], "15": null, "16": [[13, 0.8558538985217952], [49, 0.8494371219610776], [5, 0.8267334664702942], [40, 0.7990394806045003], [15, 0.7904887229723409]], "17": null, "18": null, "19": null, "20": null, "21": null, "22": null, "23": [[8, 0.6311750020733599]], "24": [[51, 0.7489970352808777], [9, 0.7166401585015281], [13, 0.6714678533556276], [52, 0.6293709742298035], [49, 0.6218540417685695]]}