{"0": null, "1": [[13, 0.9531419662811775], [49, 0.9459957710732888], [5, 0.920711307365603], [15, 0.9062353391910021], [40, 0.8898692440322737]], "2": [[13, 0.9089649821234139], [15, 0.8724693940594963], [49, 0.8690932900200135], [5, 0.845864266781175], [40, 0.8175294357882655]], "3": null, "4": [[13, 0.8743393320543811], [9, 0.851305196976791], [51, 0.8498075781961392], [49, 0.8374941161435766], [5, 0.8151096719076286]]}