{"0": [[13, 0.9582183240017653], [49, 0.9510340687309481], [5, 0.9256149419960386], [40, 0.8946086163053064], [15, 0.8850351451072612]], "1": null, "2": [[13, 0.960021856720344], [49, 0.9315061837834698], [5, 0.9066089960607], [40, 0.876239333114911], [9, 0.8717487519756684]], "3": [[13, 0.9285071654631725], [49, 0.8581080963962435], [5, 0.8351726841205778], [51, 0.8072936534852898], [40, 0.8071960006456945]], "4": [[9, 0.8618871292092086], [13, 0.8438537629737348], [49, 0.8375269575969345], [51, 0.8226446278548357], [5, 0.8151416355784837]], "5": [[13, 0.9582871090786426], [49, 0.9257265111810337], [5, 0.9009838018678162], [40, 0.8708025721411821], [9, 0.8689394221054162]], "6": null, "7": [[13, 0.9582183240017653], [49, 0.9510340687309481], [5, 0.9256149419960386], [40, 0.8946086163053064], [15, 0.8850351451072612]], "8": null, "9": null, "10": [[8, 0.6311750020733599]], "11": [[13, 0.8408424649780308], [49, 0.7817299066752026], [5, 0.7608359216713199], [40, 0.7353493771977863], [51, 0.7291175386677922]]}