{"0": null, "1": [[13, 0.8246779847650041], [15, 0.8238098561012037], [34, 0.8206243098725838], [49, 0.7615356797669196], [5, 0.7411814436847345]], "2": null, "3": null, "4": [[13, 0.9582183240017653], [49, 0.9510340687309481], [5, 0.9256149419960386], [40, 0.8946086163053064], [15, 0.8850351451072612]], "5": [[13, 0.9470869860203309], [49, 0.9159596452520232], [15, 0.906254780733294], [5, 0.8914779835826443], [40, 0.8616151805411622]], "6": [[8, 0.6311750020733599]], "7": null, "8": [[8, 0.6311750020733599]], "9": null, "10": [[13, 0.8989191929889423], [49, 0.8706143789344821], [9, 0.8606254373691431], [15, 0.8524114599060715], [5, 0.8473447002100379]]}