{"0": null, "1": null, "2": [[13, 0.9582183240017653], [49, 0.9510340687309481], [5, 0.9256149419960386], [40, 0.8946086163053064], [15, 0.8850351451072612]], "3": null, "4": [[8, 0.7513692333248192], [35, 0.5321083412051568]], "5": [[13, 0.9327809356641957], [49, 0.8644432799352427], [5, 0.8413385416190476], [40, 0.8131553137409939], [51, 0.8100039943225548]], "6": [[13, 0.9605108963715614], [49, 0.9377347644918065], [5, 0.9126710999964274], [40, 0.8820983681928724], [9, 0.8747899245620507]]}