{"0": [[13, 0.9407062020501464], [49, 0.9336532441583113], [15, 0.9167884188711406], [5, 0.9086986700583654], [40, 0.8782590070406033]], "1": [[13, 0.894773733953842], [49, 0.8880651553832501], [15, 0.87858294290076], [9, 0.8666156049038908], [5, 0.8643290543583244]], "2": [[13, 0.8898248449570265], [15, 0.8879366027581305], [49, 0.8831533707508258], [5, 0.8595485513278649], [40, 0.8307553230422493]], "3": null, "4": [[13, 0.9582183240017653], [49, 0.9510340687309481], [5, 0.9256149419960386], [40, 0.8946086163053064], [15, 0.8850351451072612]], "5": [[13, 0.9582183240017653], [49, 0.9510340687309481], [5, 0.9256149419960386], [40, 0.8946086163053064], [15, 0.8850351451072612]], "6": null}