{"0": [[13, 0.8528126004190749], [51, 0.8390051407423402], [9, 0.8092852997740564], [49, 0.7933253615232568], [5, 0.7721214545659736]], "1": [[13, 0.9242008309244163], [49, 0.8834883102263691], [9, 0.8621493048693283], [51, 0.8605761419103171], [5, 0.8598745385804991]], "2": null, "3": null, "4": [[13, 0.9689436697357364], [49, 0.9337693382264527], [5, 0.9088116611779077], [40, 0.8783682131743012], [15, 0.868968535329892]], "5": null, "6": [[13, 0.9245137898049034], [49, 0.8522960081508002], [5, 0.8295159406861806], [51, 0.8047158394088736], [40, 0.8017287472695473]]}