{"0": null, "1": null, "2": [[15, 0.8925141899485516], [13, 0.8301186794842146], [49, 0.8238948530877604], [5, 0.8018738883553158], [16, 0.7984026572676546]], "3": [[8, 0.6311750020733599]], "4": null, "5": [[8, 0.6311750020733599]], "6": [[13, 0.9534628687224416], [49, 0.9463142675440163], [5, 0.9210212911001203], [40, 0.8901688439060784], [15, 0.8806428840246192]], "7": null, "8": null}