{"0": null, "1": null, "2": null, "3": null, "4": null, "5": null, "6": null, "7": [[13, 0.8504179922541142], [49, 0.7853642827537949], [5, 0.7643731585735342], [51, 0.739641272663974], [40, 0.7387681234464261]], "8": null, "9": null, "10": [[13, 0.9582183240017653], [49, 0.9510340687309481], [5, 0.9256149419960386], [40, 0.8946086163053064], [15, 0.8850351451072612]], "11": null, "12": null, "13": null, "14": null, "15": null, "16": null, "17": [[13, 0.9582183240017653], [49, 0.9510340687309481], [5, 0.9256149419960386], [40, 0.8946086163053064], [15, 0.8850351451072612]], "18": [[13, 0.9582183240017653], [49, 0.9510340687309481], [5, 0.9256149419960386], [40, 0.8946086163053064], [15, 0.8850351451072612]], "19": [[13, 0.9582183240017653], [49, 0.9510340687309481], [5, 0.9256149419960386], [40, 0.8946086163053064], [15, 0.8850351451072612]], "20": null, "21": [[13, 0.8113275364178866], [51, 0.7975140508755547], [9, 0.7293467328056714], [49, 0.7239689929790009], [5, 0.7046188348829461]], "22": null, "23": null, "24": null, "25": null, "26": null, "27": null, "28": [[11, 0.6038576879954624]], "29": null, "30": null}