{"0": [[15, 0.7929794963708763], [9, 0.7731979703053464], [13, 0.7636753781142931], [49, 0.7579497112980939], [5, 0.7376913205593864]], "1": null, "2": null, "3": [[51, 0.8193486496574686], [13, 0.8063824991518062], [9, 0.7824827889724902], [49, 0.7445961558995585], [5, 0.7246946774189891]], "4": [[51, 0.7517706759905957], [13, 0.7283646830044472], [9, 0.7134848413218158], [49, 0.6692599944895526], [5, 0.6513720920706252]], "5": [[15, 0.7715199437129249], [9, 0.7389956444276614], [13, 0.7118042947134757], [51, 0.7066661860364566], [49, 0.7064675320697296]], "6": null, "7": [[11, 0.6038576879954624]], "8": null, "9": [[11, 0.6038576879954624]], "10": [[8, 0.7106492083193465], [35, 0.5192305515059232]], "11": null, "12": [[8, 0.6627454992001287]], "13": [[15, 0.7256658881998512], [13, 0.7036917000144705], [49, 0.6984157616628156], [5, 0.6797485873279833], [16, 0.663446692661729]], "14": [[13, 0.9582183240017653], [49, 0.9510340687309481], [5, 0.9256149419960386], [40, 0.8946086163053064], [15, 0.8850351451072612]], "15": [[9, 0.8677435252056196], [13, 0.8570565239015462], [49, 0.8506307306402429], [5, 0.8278951725170668], [51, 0.8273953094454569]], "16": [[13, 0.9582183240017653], [49, 0.9510340687309481], [5, 0.9256149419960386], [40, 0.8946086163053064], [15, 0.8850351451072612]]}