{"0": null, "1": [[13, 0.9568858451025036], [49, 0.904020462353814], [5, 0.8798579097607332], [40, 0.8503843569107999], [15, 0.8412841425826882]], "2": null, "3": [[13, 0.9051977748662497], [49, 0.8252890443864404], [5, 0.8032308158729399], [51, 0.7917806402048525], [40, 0.776324123735838]], "4": null, "5": [[8, 0.6311750020733599]], "6": [[8, 0.6311750020733599]], "7": [[11, 0.6038576879954624]], "8": null}