{"0": [[13, 0.9582183240017653], [49, 0.9510340687309481], [5, 0.9256149419960386], [40, 0.8946086163053064], [15, 0.8850351451072612]], "1": null, "2": [[11, 0.6038576879954624]], "3": null, "4": [[13, 0.9462501470397725], [49, 0.9194965008920402], [5, 0.8949203065610957], [9, 0.8680171412394917], [40, 0.8649421923004877]], "5": null, "6": [[11, 0.6038576879954624]], "7": null, "8": null, "9": [[13, 0.9582183240017653], [49, 0.9510340687309481], [5, 0.9256149419960386], [40, 0.8946086163053064], [15, 0.8850351451072612]], "10": null, "11": [[13, 0.9582183240017653], [49, 0.9510340687309481], [5, 0.9256149419960386], [40, 0.8946086163053064], [15, 0.8850351451072612]], "12": null}