{"0": [[13, 0.9582183240017653], [49, 0.9510340687309481], [5, 0.9256149419960386], [40, 0.8946086163053064], [15, 0.8850351451072612]], "1": [[13, 0.8591152434299899], [51, 0.8434091194104057], [9, 0.821461472847498], [49, 0.8052614079436659], [5, 0.7837384757414941]], "2": [[13, 0.9558582270732784], [49, 0.9294006569507821], [5, 0.9045597455015588], [9, 0.8758014219250876], [40, 0.8742587285200641]], "3": null, "4": null, "5": null, "6": null, "7": [[13, 0.829600349305059], [49, 0.8233804090963642], [5, 0.8013731943624164], [40, 0.7745287289839288], [15, 0.7662402681488325]], "8": [[9, 0.8620529627219601], [13, 0.8442148785585682], [49, 0.8378853657126256], [51, 0.8227805827372654], [5, 0.8154904642042122]], "9": null, "10": [[11, 0.6038576879954624]], "11": null, "12": null}