{"0": [[9, 0.8677435252056196], [13, 0.8570565239015462], [49, 0.8506307306402429], [5, 0.8278951725170668], [51, 0.8273953094454569]], "1": null, "2": null, "3": null, "4": null, "5": null, "6": null, "7": [[9, 0.860898078654207], [13, 0.8417133391982131], [49, 0.8354025816785722], [51, 0.8218322814712637], [5, 0.8130740397298128]]}