{"0": [[13, 0.892443501756148], [15, 0.8891239317529839], [49, 0.8857523941340124], [5, 0.8620781083197451], [9, 0.8568116434401212]], "1": null, "2": [[13, 0.9582183240017653], [49, 0.9510340687309481], [5, 0.9256149419960386], [40, 0.8946086163053064], [15, 0.8850351451072612]], "3": [[13, 0.9582183240017653], [49, 0.9510340687309481], [5, 0.9256149419960386], [40, 0.8946086163053064], [15, 0.8850351451072612]], "4": [[13, 0.9368680389578385], [49, 0.9298438577474084], [15, 0.9181821096996736], [5, 0.9049911004794191], [40, 0.8746756339332891]], "5": [[11, 0.6038576879954624]], "6": null, "7": null, "8": null, "9": null, "10": [[15, 0.7406553005682637], [13, 0.7145843918415424], [49, 0.7092267853807398], [5, 0.6902706552754936], [16, 0.6753395668755551]], "11": null}