{"0": null, "1": null, "2": [[13, 0.9582183240017653], [49, 0.9510340687309481], [5, 0.9256149419960386], [40, 0.8946086163053064], [15, 0.8850351451072612]], "3": [[15, 0.8038942212427861], [47, 0.7697106811993029], [34, 0.7439883991937046], [16, 0.6842555291433353], [13, 0.6775626747588566]], "4": [[13, 0.945148088914776], [49, 0.9380618279141189], [5, 0.9129894217060551], [15, 0.9046879240732202], [40, 0.8824060267356093]], "5": null, "6": [[13, 0.8681638203823211], [9, 0.8617031886234103], [49, 0.8616547500104806], [5, 0.8386245431941468], [51, 0.8197178018810154]]}