{"0": null, "1": [[13, 0.8607042483157739], [15, 0.8594810646808482], [34, 0.8099766649988827], [49, 0.8085369357130249], [5, 0.786926455589879]], "2": null, "3": null, "4": null, "5": [[9, 0.8538859009054277], [13, 0.8271039833857106], [49, 0.8209027597153712], [51, 0.816009335349113], [5, 0.7989617673026742]], "6": [[11, 0.6038576879954624]]}