{"0": [[13, 0.9582183240017653], [49, 0.9510340687309481], [5, 0.9256149419960386], [40, 0.8946086163053064], [15, 0.8850351451072612]], "1": [[13, 0.904261220802142], [15, 0.8692616689648798], [49, 0.8663273033734854], [5, 0.8431722091004189], [9, 0.8376973374968749]], "2": null, "3": [[13, 0.9350472140808059], [49, 0.9280366845303288], [5, 0.9032322291755382], [15, 0.9027877194090184], [40, 0.8729756814454536]]}