{"0": [[13, 0.9582183240017653], [49, 0.9510340687309481], [5, 0.9256149419960386], [40, 0.8946086163053064], [15, 0.8850351451072612]], "1": null, "2": [[15, 0.9166242273781445], [13, 0.895080514232448], [49, 0.8883696355724315], [5, 0.8646253964368202], [16, 0.8411214011873394]], "3": [[15, 0.717900782789451], [47, 0.6614229975939666], [34, 0.6388965427631007], [13, 0.6302099747379354], [49, 0.6254849666481044]], "4": [[13, 0.9582183240017653], [49, 0.9510340687309481], [5, 0.9256149419960386], [40, 0.8946086163053064], [15, 0.8850351451072612]], "5": [[13, 0.9383040702030264], [49, 0.9312691223282737], [5, 0.9063782707561969], [40, 0.876016336665693], [9, 0.8729867924390897]]}