{"0": null, "1": [[15, 0.8007405968528156], [13, 0.7920170793811986], [51, 0.7687322600415689], [34, 0.75805076830356], [9, 0.7530395274830117]], "2": [[15, 0.8953839221513248], [13, 0.8950311649796606], [49, 0.8883206563163563], [5, 0.8645777262925408], [9, 0.8530588161614298]], "3": [[13, 0.9582183240017653], [49, 0.9510340687309481], [5, 0.9256149419960386], [40, 0.8946086163053064], [15, 0.8850351451072612]], "4": [[13, 0.949447845729375], [49, 0.9423293472419314], [5, 0.9171428792791905], [40, 0.8864203514442972], [15, 0.8769345052885108]], "5": [[13, 0.8425681616109639], [9, 0.8407629986472853], [49, 0.8362509950483412], [5, 0.8138997768068192], [51, 0.8003032607526347]], "6": [[13, 0.9296083205321424], [49, 0.9226385691620295], [5, 0.8979783939999133], [9, 0.8867325886747542], [40, 0.8678978396739859]], "7": [[8, 0.6877660489133414]], "8": [[13, 0.9415904100645608], [49, 0.934530822810785], [5, 0.9095527928918306], [9, 0.8846478993480332], [40, 0.8790845183969274]]}