{"0": null, "1": [[13, 0.9292917804893005], [15, 0.8972743787285757], [49, 0.889729651529422], [5, 0.865949062047268], [40, 0.8369414289255281]], "2": null, "3": [[13, 0.9300318142060763], [15, 0.9000572375121385], [49, 0.8924891106585942], [5, 0.8686347666773844], [40, 0.8395371676003728]], "4": [[15, 0.8930325548808258], [13, 0.8312297058675634], [49, 0.8249975495352787], [5, 0.8029471120618765], [16, 0.7991790735041902]], "5": [[13, 0.9541375086596957], [49, 0.9469838493589159], [5, 0.921672976411023], [15, 0.9044839117090385], [40, 0.890798699008672]], "6": [[13, 0.9454972432259088], [49, 0.906332454457613], [5, 0.8821081072115026], [9, 0.8648112035402092], [51, 0.8586580206336462]], "7": [[13, 0.9088562376608856], [49, 0.830287357711701], [5, 0.8080955348675105], [51, 0.7942798143131721], [40, 0.7810258839721864]], "8": [[9, 0.8001045490480578], [13, 0.7829083284910759], [49, 0.7770384623607364], [51, 0.7637262403952407], [5, 0.756269869728715]], "9": [[13, 0.9412976818104202], [49, 0.9342402892908193], [5, 0.9092700247176159], [9, 0.8847476500455127], [40, 0.8788112224143412]]}