{"0": null, "1": [[13, 0.9582183240017653], [49, 0.9510340687309481], [5, 0.9256149419960386], [40, 0.8946086163053064], [15, 0.8850351451072612]], "2": null, "3": [[8, 0.6311750020733599]], "4": [[13, 0.7877682149894285], [49, 0.7344780516894522], [5, 0.7148470087081882], [40, 0.6909010046352045], [15, 0.6835074687939195]], "5": [[13, 0.9582183240017653], [49, 0.9510340687309481], [5, 0.9256149419960386], [40, 0.8946086163053064], [15, 0.8850351451072612]], "6": null, "7": null, "8": [[11, 0.6038576879954624]], "9": [[15, 0.7995562521156545], [9, 0.766319590727279], [13, 0.7442224862220829], [49, 0.7386426677346085], [51, 0.7321095272372824]]}