{"0": null, "1": [[13, 0.9553234412302392], [49, 0.9261632183997688], [5, 0.9014088368273715], [9, 0.8738651637681285], [40, 0.8712133692445966]], "2": [[13, 0.9582183240017653], [49, 0.9510340687309481], [5, 0.9256149419960386], [40, 0.8946086163053064], [15, 0.8850351451072612]], "3": [[13, 0.9383010651984708], [49, 0.8728360639326757], [5, 0.8495070042728992], [40, 0.821050148558964], [51, 0.8134162034554208]], "4": [[13, 0.9368784703704512], [49, 0.9298542109503594], [5, 0.9050011769631792], [15, 0.9026984341107859], [40, 0.8746853728741648]], "5": [[9, 0.8394544589849373], [51, 0.8037728981135311], [13, 0.7992847344216277], [49, 0.7932920859590402], [5, 0.7720890683871237]]}