{"0": null, "1": [[8, 0.6311750020733599]], "2": [[13, 0.9491872531244411], [49, 0.9420707084336936], [5, 0.9168911533385998], [15, 0.9111888432613221], [40, 0.886177057840032]], "3": [[13, 0.950775098197733], [49, 0.9219514331494459], [5, 0.8973096236778578], [9, 0.8757016779068849], [40, 0.8672514718753527]], "4": null, "5": [[8, 0.6855517801677691], [35, 0.508113522272812]], "6": [[13, 0.9582183240017653], [49, 0.9510340687309481], [5, 0.9256149419960386], [40, 0.8946086163053064], [15, 0.8850351451072612]]}