{"0": [[13, 0.9582183240017653], [49, 0.9510340687309481], [5, 0.9256149419960386], [40, 0.8946086163053064], [15, 0.8850351451072612]], "1": null, "2": [[13, 0.8642826785104707], [15, 0.8371413965010519], [34, 0.808422900643539], [49, 0.7995705064478502], [5, 0.7781996799915337]], "3": [[13, 0.9582183240017653], [49, 0.9510340687309481], [5, 0.9256149419960386], [40, 0.8946086163053064], [15, 0.8850351451072612]], "4": null, "5": [[11, 0.6038576879954624]], "6": [[11, 0.6038576879954624]], "7": [[13, 0.9383754221655836], [49, 0.9313399393284948], [5, 0.906447194967965], [40, 0.8760829520485292], [15, 0.8667077294588188]], "8": [[13, 0.8849080388394938], [49, 0.8782734284558485], [5, 0.8547990395566024], [40, 0.8261649108081379], [15, 0.817323875930649]], "9": [[13, 0.9582183240017653], [49, 0.9510340687309481], [5, 0.9256149419960386], [40, 0.8946086163053064], [15, 0.8850351451072612]], "10": null, "11": null, "12": null, "13": null, "14": null, "15": null, "16": null, "17": null, "18": [[13, 0.9540023792470399], [49, 0.9086721061646307], [5, 0.884385224982869], [40, 0.8547600157541186], [51, 0.8517012828794639]], "19": [[13, 0.9582183240017653], [49, 0.9510340687309481], [5, 0.9256149419960386], [40, 0.8946086163053064], [15, 0.8850351451072612]]}