{"0": [[13, 0.9582183240017653], [49, 0.9510340687309481], [5, 0.9256149419960386], [40, 0.8946086163053064], [15, 0.8850351451072612]], "1": [[13, 0.8599560802028466], [49, 0.8280105078863212], [9, 0.825115793311316], [51, 0.8169249538005902], [15, 0.8144020806216857]], "2": null, "3": [[13, 0.913317780362036], [49, 0.872678340366272], [15, 0.8698904740047843], [5, 0.8493534963234279], [9, 0.8387166434373023]], "4": [[15, 0.9199207680377127], [13, 0.9152832713859573], [49, 0.9084209222719434], [5, 0.884140754703723], [40, 0.8545237347605523]]}