{"0": [[13, 0.9582183240017653], [49, 0.9510340687309481], [5, 0.9256149419960386], [40, 0.8946086163053064], [15, 0.8850351451072612]], "1": [[13, 0.9695964886852665], [49, 0.9388322061214794], [5, 0.9137392093352961], [40, 0.883130697916988], [15, 0.8736800553158302]], "2": null, "3": null, "4": [[13, 0.9582183240017653], [49, 0.9510340687309481], [5, 0.9256149419960386], [40, 0.8946086163053064], [15, 0.8850351451072612]], "5": [[13, 0.9415215632697119], [49, 0.9344624921957423], [5, 0.9094862886094301], [9, 0.884671651956384], [40, 0.8790202418804655]], "6": [[8, 0.6311750020733599]], "7": [[15, 0.8946957224459039], [13, 0.8348354013889366], [49, 0.8285762113041076], [5, 0.8064301237798459], [16, 0.8016905726327728]], "8": [[8, 0.6311750020733599]], "9": [[13, 0.928545387915959], [49, 0.9215836058979854], [15, 0.9016017882295521], [5, 0.896951627669913], [9, 0.8705257065834279]], "10": [[13, 0.9582183240017653], [49, 0.9510340687309481], [5, 0.9256149419960386], [40, 0.8946086163053064], [15, 0.8850351451072612]], "11": [[13, 0.9582183240017653], [49, 0.9510340687309481], [5, 0.9256149419960386], [40, 0.8946086163053064], [15, 0.8850351451072612]], "12": null, "13": [[13, 0.9582183240017653], [49, 0.9510340687309481], [5, 0.9256149419960386], [40, 0.8946086163053064], [15, 0.8850351451072612]], "14": [[51, 0.769180194325277], [13, 0.7685458095410967], [9, 0.7338015935394157], [49, 0.7089247990877657], [5, 0.6899767404366405]]}