{"0": null, "1": null, "2": [[8, 0.6311750020733599]], "3": [[13, 0.9605071515583437], [49, 0.93602419614956], [5, 0.9110062515236471], [15, 0.9044038315227015], [40, 0.8804892889515842]], "4": [[13, 0.9582183240017653], [49, 0.9510340687309481], [5, 0.9256149419960386], [40, 0.8946086163053064], [15, 0.8850351451072612]], "5": [[11, 0.6038576879954624]], "6": [[8, 0.7629653144962552], [35, 0.5308650839273561]], "7": null, "8": null, "9": [[11, 0.6038576879954624]], "10": null, "11": [[13, 0.9481881268954684], [49, 0.8886747970047788], [5, 0.8649224015502948], [40, 0.8359491595865826], [15, 0.8270034205712532]]}