{"0": [[13, 0.9431121085174609], [49, 0.9360411123082758], [15, 0.9156248885626909], [5, 0.9110227155492623], [40, 0.8805052014639111]], "1": null, "2": [[15, 0.847650615714503], [13, 0.8113447903751414], [49, 0.8052617214745597], [5, 0.783738780892371], [16, 0.7696828901095316]], "3": null, "4": [[8, 0.6670444477757682]], "5": [[13, 0.8841080402023801], [49, 0.8774794278196929], [15, 0.854728793707618], [5, 0.8540262608760649], [9, 0.8532309439507407]], "6": [[9, 0.813942960091769], [13, 0.8039185586145228], [49, 0.7978911679903131], [5, 0.7765652266947773], [51, 0.7760963554023637]], "7": [[15, 0.8763874037796221], [13, 0.7978460330549917], [49, 0.7918641712759997], [47, 0.7779980831599694], [16, 0.7753875062920316]], "8": null, "9": null, "10": [[8, 0.6311750020733599]]}