{"0": [[13, 0.9582183240017653], [49, 0.9510340687309481], [5, 0.9256149419960386], [40, 0.8946086163053064], [15, 0.8850351451072612]], "1": null, "2": [[13, 0.9582183240017653], [49, 0.9510340687309481], [5, 0.9256149419960386], [40, 0.8946086163053064], [15, 0.8850351451072612]], "3": [[13, 0.9342769845470378], [49, 0.9272722298032504], [5, 0.9024882067044953], [9, 0.8863320768445259], [40, 0.8722565823005277]], "4": null, "5": null, "6": [[13, 0.8483733502003125], [49, 0.8420126591551408], [5, 0.8195074438330199], [40, 0.7920555158696804], [15, 0.7835794957082074]], "7": [[15, 0.898540528735849], [13, 0.843440229770261], [49, 0.8371165248644309], [5, 0.8147421728437821], [16, 0.8076304573200697]], "8": [[8, 0.6007158560430277]], "9": [[8, 0.6311750020733599]], "10": null}