{"0": null, "1": [[13, 0.9515358291733815], [49, 0.9444016760008968], [5, 0.9191598190788193], [40, 0.8883697276281194], [15, 0.8788630206216662]], "2": null, "3": [[13, 0.9353514058486728], [49, 0.9283385956161666], [5, 0.9035260708173823], [9, 0.8861755819575445], [40, 0.8732596799557371]], "4": [[15, 0.8907315238652977], [13, 0.8844547216685609], [49, 0.8778235100367378], [5, 0.8543611465040812], [9, 0.8478037455786921]], "5": [[9, 0.8732917220889331], [13, 0.8707019851505151], [49, 0.8641738848528662], [5, 0.8410763468967485], [51, 0.8317681917638212]], "6": null, "7": [[9, 0.8677435252056197], [13, 0.8570565239015463], [49, 0.850630730640243], [5, 0.8278951725170669], [51, 0.827395309445457]], "8": [[13, 0.9582183240017653], [49, 0.9510340687309481], [5, 0.9256149419960386], [40, 0.8946086163053064], [15, 0.8850351451072612]], "9": [[13, 0.9582183240017653], [49, 0.9510340687309481], [5, 0.9256149419960386], [40, 0.8946086163053064], [15, 0.8850351451072612]]}