{"0": [[13, 0.9582183240017653], [49, 0.9510340687309481], [5, 0.9256149419960386], [40, 0.8946086163053064], [15, 0.8850351451072612]], "1": [[8, 0.7652512464761307], [35, 0.5277024049916674]], "2": [[9, 0.8153989295356211], [51, 0.7829205987580918], [13, 0.7569686644492889], [49, 0.7512932813124878], [5, 0.7312128028515519]], "3": [[51, 0.7615683889803688], [9, 0.7367155000342062], [13, 0.6923741652406739], [49, 0.6472713010802101], [52, 0.6465082525127435]]}