{"0": null, "1": [[13, 0.9582183240017653], [49, 0.9510340687309481], [5, 0.9256149419960386], [40, 0.8946086163053064], [15, 0.8850351451072612]], "2": [[13, 0.9407429310018591], [49, 0.9052886693227109], [5, 0.8810922202429232], [9, 0.8700578884053523], [51, 0.8596993921576682]], "3": [[15, 0.9076567000014935], [13, 0.9032946654955598], [49, 0.8965222011216939], [5, 0.872560061172931], [9, 0.8452804550127277]]}