{"0": [[15, 0.8898837825765649], [13, 0.824566737359447], [49, 0.8183845367266356], [5, 0.7965108510818054], [16, 0.7945054912537445]], "1": [[34, 0.7656390152554711], [15, 0.7591956437769282], [13, 0.7552626667606417], [49, 0.6957405580813165], [5, 0.6771448862731714]], "2": null, "3": [[15, 0.9132899408032307], [13, 0.8827310878970437], [49, 0.8761127992335022], [5, 0.8526961593779924], [16, 0.8335401620361673]], "4": [[15, 0.8429608774208983], [13, 0.8186140072398091], [34, 0.8175870676769923], [49, 0.7684642287640927], [16, 0.7492213594810884]], "5": [[13, 0.8440324808560393], [49, 0.8377043355394197], [5, 0.8153142725841842], [40, 0.788002807817277], [15, 0.7795701568824208]], "6": null, "7": [[51, 0.651640504326024], [9, 0.6237625468712388], [8, 0.6222719033845937], [52, 0.5512741757510459], [13, 0.5224805632133462]], "8": null}