{"0": [[11, 0.6038576879954624]], "1": null, "2": null, "3": null, "4": [[11, 0.6038576879954624]], "5": [[13, 0.9479466067377678], [49, 0.8882717789637627], [5, 0.8645301553280786], [40, 0.8355700528606789], [15, 0.8266283707784655]], "6": [[13, 0.9178047124645754], [49, 0.9109234588108492], [5, 0.8865764037403481], [40, 0.8568777942248063], [15, 0.84770809170491]], "7": [[13, 0.7909207997272485], [15, 0.787687710585655], [51, 0.7765627867920912], [9, 0.7559062465360015], [34, 0.7471854656118072]], "8": [[13, 0.9482193901281718], [49, 0.9411101020037601], [5, 0.9159562218843457], [40, 0.8852734447967648], [15, 0.8757998720279735]], "9": null, "10": null, "11": [[13, 0.9582183240017653], [49, 0.9510340687309481], [5, 0.9256149419960386], [40, 0.8946086163053064], [15, 0.8850351451072612]], "12": [[51, 0.7589977248542881], [9, 0.7230951526974088], [13, 0.6887150400308155], [49, 0.6353045921655153], [52, 0.6345556507893908]]}