{"0": null, "1": [[13, 0.9582183240017653], [49, 0.9510340687309481], [5, 0.9256149419960386], [40, 0.8946086163053064], [15, 0.8850351451072612]], "2": [[13, 0.9117513357323712], [49, 0.9049154673552624], [15, 0.902024615967372], [5, 0.8807289931737673], [9, 0.8600841692635685]], "3": null, "4": [[13, 0.9427317566912952], [49, 0.9356636121752404], [5, 0.9106553051953837], [9, 0.8842267731253305], [40, 0.8801500986523783]], "5": null}