{"0": [[8, 0.6311750020733599]], "1": [[13, 0.9484862018073588], [49, 0.8891735490367749], [5, 0.8654078229966394], [40, 0.8364183203452701], [15, 0.827467560702005]], "2": [[13, 0.9582183240017653], [49, 0.9510340687309481], [5, 0.9256149419960386], [40, 0.8946086163053064], [15, 0.8850351451072612]], "3": [[9, 0.8677435252056196], [13, 0.8570565239015462], [49, 0.8506307306402429], [5, 0.8278951725170668], [51, 0.8273953094454569]], "4": [[13, 0.9582183240017653], [49, 0.9510340687309481], [5, 0.9256149419960386], [40, 0.8946086163053064], [15, 0.8850351451072612]], "5": [[13, 0.9582183240017653], [49, 0.9510340687309481], [5, 0.9256149419960386], [40, 0.8946086163053064], [15, 0.8850351451072612]], "6": null}