{"0": null, "1": [[13, 0.9436529532995616], [49, 0.936577902099067], [5, 0.9115451580856587], [40, 0.8810101431771216], [15, 0.8715821932589493]], "2": [[13, 0.8758099595570179], [15, 0.8472665084049527], [49, 0.8315723608498502], [51, 0.8218070012501196], [9, 0.8155741611416781]], "3": null, "4": null}