{"0": [[13, 0.9296083205321423], [49, 0.9226385691620294], [15, 0.9196910993878874], [5, 0.8979783939999132], [40, 0.8678978396739859]], "1": null, "2": null, "3": [[15, 0.899796918183236], [13, 0.8463460118649468], [49, 0.8400005208172672], [5, 0.8175490856919869], [16, 0.8096181741823595]], "4": null, "5": null, "6": null, "7": null, "8": null, "9": [[8, 0.6311750020733599]], "10": null, "11": null, "12": null, "13": [[8, 0.6311750020733599]], "14": [[13, 0.9452866905018158], [49, 0.9381993903338235], [5, 0.9131233073735852], [40, 0.8825354274900027], [9, 0.8739948171867132]], "15": null, "16": null, "17": [[13, 0.943533402565024], [49, 0.8810640702776193], [5, 0.8575150934319771], [40, 0.8287899820867194], [15, 0.819920855545658]], "18": [[11, 0.6038576879954624]], "19": null, "20": [[13, 0.9582183240017653], [49, 0.9510340687309481], [5, 0.9256149419960386], [40, 0.8946086163053064], [15, 0.8850351451072612]], "21": [[11, 0.6038576879954624]], "22": null}