{"0": null, "1": [[8, 0.6024631198184467]], "2": [[51, 0.82021427103973], [13, 0.8177026341564797], [9, 0.7752824851561142], [49, 0.7487374718521265], [5, 0.7287253047658501]], "3": [[13, 0.93506563739035], [49, 0.9280549697108522], [5, 0.9032500256319071], [40, 0.8729928817546587], [15, 0.8636507269204106]], "4": [[13, 0.9666327975055283], [49, 0.9255526997322652], [5, 0.9008146360310079], [40, 0.8706390730355313], [15, 0.8613221070040373]], "5": [[13, 0.8697627681208853], [49, 0.8391873678543198], [5, 0.8167576665857958], [40, 0.7893978508875419], [15, 0.780950271184496]], "6": null, "7": null, "8": [[13, 0.7757762665515603], [49, 0.7699598731552494], [5, 0.7493804762229771], [40, 0.7242776672061526], [15, 0.7165269578344702]], "9": null, "10": [[11, 0.6038576879954624]], "11": [[13, 0.9582183240017653], [49, 0.9510340687309481], [5, 0.9256149419960386], [40, 0.8946086163053064], [15, 0.8850351451072612]], "12": [[51, 0.7964228201160392], [13, 0.7597537629722143], [9, 0.7544733547343166], [49, 0.6971223027626106], [5, 0.6784896998451352]], "13": [[13, 0.8795183116908006], [49, 0.872924110861749], [5, 0.8495926978940077], [40, 0.821132971608083], [15, 0.8123457849991262]]}