{"0": null, "1": null, "2": [[13, 0.9200109993480104], [49, 0.8458501949455883], [5, 0.8232424104182051], [51, 0.8017637920039207], [40, 0.7956653682360582]], "3": [[11, 0.6038576879954624]], "4": [[13, 0.9268109426862999], [49, 0.8556275566999603], [5, 0.8327584439975527], [51, 0.8062036781977294], [40, 0.8048626329374867]], "5": [[13, 0.9228423154721347], [49, 0.8813631097659491], [9, 0.8608844001078765], [51, 0.8604557289268777], [5, 0.8578061402280337]], "6": [[13, 0.9582183240017653], [49, 0.9510340687309481], [5, 0.9256149419960386], [40, 0.8946086163053064], [15, 0.8850351451072612]], "7": [[11, 0.6038576879954624]], "8": null, "9": null, "10": [[13, 0.9110397056738919], [49, 0.8738604747177453], [5, 0.8505040347269897], [40, 0.8220137804046478], [15, 0.8132171680004426]], "11": [[13, 0.9582183240017653], [49, 0.9510340687309481], [5, 0.9256149419960386], [40, 0.8946086163053064], [15, 0.8850351451072612]], "12": null, "13": [[11, 0.6038576879954624]], "14": [[13, 0.9495734129032638], [49, 0.8910059772754535], [5, 0.8671912743088723], [40, 0.8381420294583101], [15, 0.8291728238943968]], "15": [[9, 0.851213097412568], [13, 0.8217542782107339], [49, 0.8155931640296809], [51, 0.8137652367145194], [5, 0.7937940858659928]], "16": null, "17": [[8, 0.6311750020733599]], "18": null}