{"0": null, "1": [[51, 0.7024695153958065], [34, 0.7015150836405489], [15, 0.6988656046146928], [13, 0.6973474817017895], [9, 0.6696166742913943]], "2": [[8, 0.7638376361979431], [35, 0.5301662714377304]], "3": null, "4": [[9, 0.7693131893850476], [13, 0.7410137594418467], [51, 0.7356565666873505], [49, 0.7354579984282341], [5, 0.7158007635457906]], "5": null}