{"0": [[13, 0.9219390953230867], [49, 0.9150268440761202], [15, 0.9114526615276937], [5, 0.890570114206861], [40, 0.8607377230486286]], "1": null, "2": null, "3": [[13, 0.9582183240017653], [49, 0.9510340687309481], [5, 0.9256149419960386], [40, 0.8946086163053064], [15, 0.8850351451072612]], "4": [[13, 0.8770524947073841], [15, 0.8221809833926654], [51, 0.8203202501249396], [49, 0.8156623045928401], [5, 0.7938613784483116]], "5": [[13, 0.9208889084983771], [15, 0.9201659486223313], [49, 0.9139845310418003], [5, 0.8895556599927328], [40, 0.8597572511054582]], "6": null, "7": [[8, 0.6311750020733599]], "8": null, "9": [[13, 0.9582183240017653], [49, 0.9510340687309481], [5, 0.9256149419960386], [40, 0.8946086163053064], [15, 0.8850351451072612]], "10": null, "11": null, "12": [[8, 0.6311750020733599]], "13": null, "14": null, "15": null, "16": [[13, 0.9166614753669767], [49, 0.9097887931493611], [15, 0.8928771024001749], [5, 0.8854720652892086], [9, 0.8618940197652295]], "17": [[13, 0.8379839855237402], [51, 0.8346156912147304], [9, 0.8069178200069661], [49, 0.7811665149117416], [5, 0.7602875881766504]], "18": [[8, 0.6057482466786974]]}