{"0": [[13, 0.9683749292701131], [49, 0.9312808534796039], [5, 0.906389688358694], [40, 0.8760273718003998], [15, 0.8666527439913511]], "1": null, "2": null, "3": [[13, 0.9582183240017653], [49, 0.9510340687309481], [5, 0.9256149419960386], [40, 0.8946086163053064], [15, 0.8850351451072612]], "4": [[13, 0.8875507252650364], [49, 0.8808963013029967], [5, 0.8573518085667763], [40, 0.8286321669514041], [15, 0.8197647292367468]], "5": [[11, 0.6038576879954624]], "6": [[13, 0.9262862514943128], [49, 0.8867785056377498], [15, 0.8836136373040074], [5, 0.8630767940358949], [40, 0.8341653763849638]], "7": null, "8": [[13, 0.9582183240017653], [49, 0.9510340687309481], [5, 0.9256149419960386], [40, 0.8946086163053064], [15, 0.8850351451072612]], "9": [[11, 0.6038576879954624]], "10": null}