{"0": [[13, 0.8618471366977108], [51, 0.8405769569695433], [9, 0.8085495824720708], [49, 0.7998532191389156], [5, 0.778474836371043]], "1": [[13, 0.8229029653086294], [51, 0.7322432526093597], [49, 0.7207315973783962], [5, 0.701467968011194], [34, 0.6803330740838608]], "2": [[9, 0.7895187523052855], [13, 0.7624698170835936], [49, 0.7567531889780642], [51, 0.7547541756912197], [5, 0.7365267787471996]], "3": null, "4": [[8, 0.7621051083319819], [35, 0.5313453819184124]], "5": [[8, 0.6311750020733599]], "6": [[13, 0.9582183240017653], [49, 0.9510340687309481], [5, 0.9256149419960386], [40, 0.8946086163053064], [15, 0.8850351451072612]], "7": null, "8": null, "9": null, "10": null}