{"0": [[8, 0.6311750020733599]], "1": [[13, 0.9498996934987126], [49, 0.9427778072763059], [5, 0.9175793529265109], [40, 0.8868422040613705], [15, 0.8773518435360533]], "2": [[8, 0.6311750020733599]], "3": null, "4": [[13, 0.9582183240017653], [49, 0.9510340687309481], [5, 0.9256149419960386], [40, 0.8946086163053064], [15, 0.8850351451072612]], "5": [[13, 0.9582183240017653], [49, 0.9510340687309481], [5, 0.9256149419960386], [40, 0.8946086163053064], [15, 0.8850351451072612]], "6": [[13, 0.9582183240017653], [49, 0.9510340687309481], [5, 0.9256149419960386], [40, 0.8946086163053064], [15, 0.8850351451072612]]}