{"0": null, "1": null, "2": [[13, 0.9221247396863526], [49, 0.915211096568179], [5, 0.8907494420199826], [9, 0.886621504439511], [40, 0.8609110437238716]], "3": [[15, 0.8979306634092757], [13, 0.8420476074034513], [49, 0.8357343437032717], [5, 0.8133969344581358], [16, 0.8066744863255826]], "4": [[13, 0.9289112948627615], [49, 0.890038481086634], [5, 0.8662496372443972], [9, 0.865229265078952], [51, 0.8607347164325648]], "5": [[13, 0.9542728422846253], [49, 0.947118168318102], [5, 0.9218037053088656], [40, 0.8909250487391095], [15, 0.8813909964862413]], "6": null}