{"0": null, "1": [[13, 0.8517904305870962], [15, 0.841374154128039], [34, 0.8141562934640193], [49, 0.7915032783409052], [5, 0.7703480718086188]], "2": [[13, 0.9445184404351799], [49, 0.9374369002327948], [5, 0.9123811970182979], [9, 0.8834534204568951], [40, 0.8818181764086215]], "3": [[13, 0.9445184404351799], [49, 0.9374369002327948], [5, 0.9123811970182979], [9, 0.8834534204568951], [40, 0.8818181764086215]], "4": null, "5": [[13, 0.9696067226117642], [49, 0.9405799139895449], [5, 0.9154402046730173], [40, 0.8847747131725532], [15, 0.875306477478269]], "6": [[8, 0.6311750020733599]], "7": [[13, 0.9582183240017653], [49, 0.9510340687309481], [5, 0.9256149419960386], [40, 0.8946086163053064], [15, 0.8850351451072612]], "8": [[8, 0.6311750020733599]], "9": [[13, 0.9455773409900476], [49, 0.9066081425455141], [5, 0.8823764267406149], [9, 0.8650742616994166], [51, 0.8586579583116879]]}