{"0": [[13, 0.9582183240017653], [49, 0.9510340687309481], [5, 0.9256149419960386], [40, 0.8946086163053064], [15, 0.8850351451072612]], "1": [[9, 0.7794209974676893], [51, 0.7511347340613667], [13, 0.6990096128015648], [49, 0.693768778464199], [52, 0.6834308501191221]], "2": [[13, 0.9342769845470377], [49, 0.9272722298032503], [5, 0.9024882067044951], [9, 0.8863320768445258], [40, 0.8722565823005276]], "3": null, "4": [[8, 0.6996224093333951]], "5": [[13, 0.9582183240017653], [49, 0.9510340687309481], [5, 0.9256149419960386], [40, 0.8946086163053064], [15, 0.8850351451072612]], "6": [[8, 0.6311750020733599]], "7": [[13, 0.9582183240017653], [49, 0.9510340687309481], [5, 0.9256149419960386], [40, 0.8946086163053064], [15, 0.8850351451072612]], "8": [[13, 0.8649718356143449], [51, 0.8431009901565715], [9, 0.8148766468629188], [49, 0.8057480145819443], [5, 0.7842120764147761]], "9": [[13, 0.9479678346825317], [49, 0.940860432598588], [5, 0.9157132256136706], [15, 0.9123059347582575], [40, 0.8850385884352121]], "10": [[13, 0.8897860417823095], [49, 0.8831148585034533], [9, 0.8606921699407276], [5, 0.8595110684313106], [40, 0.8307190957508561]]}