{"0": [[13, 0.9582183240017653], [49, 0.9510340687309481], [5, 0.9256149419960386], [40, 0.8946086163053064], [15, 0.8850351451072612]], "1": [[8, 0.6519095621301709], [51, 0.5804634901497394], [9, 0.5496385952511751]], "2": [[13, 0.9328032340123944], [49, 0.8898476510164649], [5, 0.8660639076578995], [51, 0.860177100695508], [9, 0.8598544505176711]], "3": [[8, 0.6311750020733599]], "4": [[13, 0.9383059464534942], [49, 0.8728436053711863], [5, 0.8495143441447283], [40, 0.821057242559161], [51, 0.8134191701705852]], "5": [[13, 0.892585134138748], [49, 0.8858929646258452], [5, 0.8622149216600051], [40, 0.8333323750810264], [15, 0.8244146390500623]], "6": null, "7": [[15, 0.8254426300249835], [9, 0.7921378381402843], [13, 0.7823819853297374], [49, 0.7765160654646032], [5, 0.755761435395381]]}