{"0": [[13, 0.9582183240017653], [49, 0.9510340687309481], [5, 0.9256149419960386], [40, 0.8946086163053064], [15, 0.8850351451072612]], "1": [[13, 0.9650918902662801], [49, 0.9214275704105255], [5, 0.8967997626806101], [40, 0.8667586902438545], [15, 0.8574832493354327]], "2": null, "3": [[8, 0.7499273066465595]]}