{"0": null, "1": [[13, 0.9582183240017653], [49, 0.9510340687309481], [5, 0.9256149419960386], [40, 0.8946086163053064], [15, 0.8850351451072612]], "2": [[9, 0.7374074497010583], [51, 0.7116072338568153], [13, 0.6527734193729928], [49, 0.6478792415417921], [52, 0.6471154762916955]], "3": null, "4": [[8, 0.7600708664463827], [35, 0.5320277998247769]], "5": [[13, 0.9582183240017653], [49, 0.9510340687309481], [5, 0.9256149419960386], [40, 0.8946086163053064], [15, 0.8850351451072612]]}