{"0": null, "1": [[13, 0.8403457027106942], [49, 0.7735125578104373], [5, 0.7528382051405436], [51, 0.7319558474530005], [40, 0.727619568835174]], "2": [[15, 0.8254426300249835], [9, 0.7921378381402843], [13, 0.7823819853297374], [49, 0.7765160654646032], [5, 0.755761435395381]], "3": [[51, 0.761376907518918], [9, 0.7350186682862916], [13, 0.692020590682869], [49, 0.6457804806846356], [52, 0.6450191896002604]]}