{"0": [[13, 0.9220968645270908], [15, 0.9201681365330294], [49, 0.9151834304033132], [5, 0.8907225153131175], [40, 0.8608850190100545]], "1": [[13, 0.9582183240017653], [49, 0.9510340687309481], [5, 0.9256149419960386], [40, 0.8946086163053064], [15, 0.8850351451072612]], "2": null, "3": null, "4": null, "5": null, "6": [[13, 0.7592898992498957], [49, 0.7535971126227489], [5, 0.733455057629513], [40, 0.7088857195985884], [15, 0.7012997240072307]], "7": null, "8": null, "9": null, "10": [[13, 0.8979512954020135], [49, 0.8912188930200724], [9, 0.8823103438433261], [5, 0.8673984992665108], [40, 0.8383423127772214]], "11": [[11, 0.6038576879954624]], "12": null, "13": [[13, 0.7533990559183964], [49, 0.674388333122383], [51, 0.6642715675790954], [5, 0.6563633610716374], [40, 0.6343764470521164]], "14": [[9, 0.8079063790291098], [13, 0.7979563231941125], [49, 0.7919736345132616], [5, 0.7708058563565205], [51, 0.7703404624325509]], "15": null, "16": null, "17": null, "18": null, "19": null, "20": [[8, 0.6311750020733599]], "21": null, "22": [[13, 0.9582183240017653], [49, 0.9510340687309481], [5, 0.9256149419960386], [40, 0.8946086163053064], [15, 0.8850351451072612]]}