{"0": [[13, 0.9250050821270572], [49, 0.9180698436011951], [15, 0.910411241996409], [5, 0.8935317807985267], [40, 0.8636001794884675]], "1": [[13, 0.9582183240017653], [49, 0.9510340687309481], [5, 0.9256149419960386], [40, 0.8946086163053064], [15, 0.8850351451072612]], "2": null, "3": [[15, 0.8916883933042796], [13, 0.828360595693369], [49, 0.8221499505546975], [5, 0.8001756233719332], [16, 0.7971716663853421]], "4": [[13, 0.9313660041407366], [49, 0.9243830745132128], [15, 0.919436061840926], [5, 0.899676272417247], [40, 0.8695388424200199]], "5": [[13, 0.9260051402870249], [15, 0.9200335017044214], [49, 0.9190624038111374], [5, 0.8944978119759156], [40, 0.8645338504737782]], "6": [[13, 0.8023022971178949], [49, 0.7962870244368359], [5, 0.775003958501529], [40, 0.7490428119613861], [15, 0.7410270834565224]], "7": null, "8": [[13, 0.9582183240017653], [49, 0.9510340687309481], [5, 0.9256149419960386], [40, 0.8946086163053064], [15, 0.8850351451072612]], "9": [[15, 0.8705499652223994], [13, 0.7869756469198045], [49, 0.7810752860127238], [47, 0.778554291094323], [16, 0.7674601285307331]], "10": null, "11": null}