{"0": null, "1": null, "2": [[15, 0.8844470992908523], [13, 0.8134879445520925], [49, 0.8073888073231286], [16, 0.7866476458683033], [5, 0.7858090142405527]], "3": [[9, 0.821000342871873], [13, 0.8108890237089471], [49, 0.8048093719253123], [5, 0.7832985216886738], [51, 0.7828255849956764]], "4": null, "5": [[8, 0.6311750020733599]], "6": null, "7": [[8, 0.6018841138569657]], "8": [[8, 0.6306220004070893]], "9": [[13, 0.9685152609012364], [49, 0.931844311458379], [5, 0.9069380862988825], [40, 0.8765573994611447], [15, 0.8671770996694526]], "10": [[13, 0.9679812136847662], [49, 0.9298149503849789], [5, 0.9049629657495727], [40, 0.8746484416629442], [15, 0.8652885701928289]]}