{"0": [[13, 0.9346115922620871], [49, 0.9276043287922817], [5, 0.9028114293908068], [40, 0.8725689776466272], [15, 0.8632313591355208]], "1": null, "2": [[11, 0.6038576879954624]], "3": [[8, 0.6369548115483454]], "4": [[11, 0.6038576879954624]], "5": [[13, 0.9582183240017653], [49, 0.9510340687309481], [5, 0.9256149419960386], [40, 0.8946086163053064], [15, 0.8850351451072612]], "6": [[13, 0.9582183240017653], [49, 0.9510340687309481], [5, 0.9256149419960386], [40, 0.8946086163053064], [15, 0.8850351451072612]], "7": null, "8": [[13, 0.9687799765829993], [49, 0.9450870896141272], [5, 0.919826913037609], [40, 0.8890144752184419], [15, 0.8795008685774743]], "9": [[51, 0.7595116447837035], [13, 0.7450560669665841], [9, 0.725353968949749], [49, 0.6880105624972401], [5, 0.669621497101917]], "10": [[13, 0.9340533142790998], [49, 0.8663552031579245], [5, 0.843199363182701], [40, 0.8149538013503892], [51, 0.8108000263013193]], "11": [[13, 0.9426626273870276], [49, 0.9355950011688973], [15, 0.9158622064921902], [5, 0.9105885280159486], [40, 0.880085558380409]], "12": [[15, 0.7528868973915471], [9, 0.7216476101675018], [13, 0.7015835997789938], [49, 0.6963234669383053], [51, 0.6893481045753157]], "13": [[11, 0.6038576879954624]], "14": [[13, 0.8052493758532088], [49, 0.7426035521296392], [5, 0.7227553317282758], [51, 0.7007978574226453], [40, 0.6985444139983241]], "15": null, "16": [[13, 0.7919852138294844], [51, 0.7888148058217267], [9, 0.7623251054431103], [49, 0.7380466478460519], [5, 0.7183202238464282]], "17": [[15, 0.7614945161626575], [47, 0.6892357964503727], [13, 0.6804379887904412], [49, 0.6753363954635503], [16, 0.6673650733202193]], "18": null, "19": null}