{"0": [[15, 0.7393918594921464], [47, 0.6777637295759398], [9, 0.6654297339715657], [34, 0.6546221526073008], [13, 0.6524257170581785]], "1": [[13, 0.935985581995266], [15, 0.8975655766865981], [49, 0.8966498916699119], [5, 0.8726843388231944], [40, 0.8434510868443504]], "2": [[15, 0.8304979349827725], [47, 0.748194997337089], [13, 0.7454818278332945], [49, 0.7398925674144967], [16, 0.7295222251597504]]}