{"0": [[13, 0.9582183240017653], [49, 0.9510340687309481], [5, 0.9256149419960386], [40, 0.8946086163053064], [15, 0.8850351451072612]], "1": [[13, 0.9582183240017653], [49, 0.9510340687309481], [5, 0.9256149419960386], [40, 0.8946086163053064], [15, 0.8850351451072612]], "2": [[8, 0.7632314795737605], [35, 0.5306799782472008]], "3": [[8, 0.6311750020733599]], "4": [[13, 0.9682944383262047], [49, 0.9309685358737692], [5, 0.9060857183410954], [40, 0.8757335841955284], [15, 0.8663621002944661]], "5": [[13, 0.9378522083721001], [49, 0.9308206483377374], [5, 0.9059417835257332], [40, 0.8755944709204859], [15, 0.8662244757116937]], "6": [[15, 0.8898837825765649], [13, 0.824566737359447], [49, 0.8183845367266356], [5, 0.7965108510818054], [16, 0.7945054912537445]], "7": [[13, 0.7985888164169661], [15, 0.7883780812343646], [34, 0.7639128471246769], [49, 0.7416484483241592], [5, 0.7218257558249759]], "8": [[8, 0.6311750020733599]]}