{"0": null, "1": [[8, 0.7596811887666182], [35, 0.532110019257966]], "2": [[13, 0.9582183240017653], [49, 0.9510340687309481], [5, 0.9256149419960386], [40, 0.8946086163053064], [15, 0.8850351451072612]], "3": [[13, 0.9582183240017653], [49, 0.9510340687309481], [5, 0.9256149419960386], [40, 0.8946086163053064], [15, 0.8850351451072612]], "4": [[9, 0.8551726050349289], [13, 0.8297185928193176], [49, 0.8234977660782228], [51, 0.8170852513444976], [5, 0.8014874146406665]], "5": [[13, 0.9172775380239253], [49, 0.9104002368679327], [9, 0.8861686802600279], [5, 0.886067166411984], [40, 0.8563856153704801]], "6": [[13, 0.8750675449931443], [15, 0.8721822310287488], [49, 0.868506713849587], [5, 0.8452933685496427], [40, 0.8169776615527925]], "7": [[13, 0.8987681433984455], [49, 0.8920296166872396], [9, 0.8697422996468738], [5, 0.8681875540068537], [40, 0.8391049356967747]], "8": [[13, 0.9582183240017653], [49, 0.9510340687309481], [5, 0.9256149419960386], [40, 0.8946086163053064], [15, 0.8850351451072612]], "9": null, "10": null, "11": [[15, 0.8693267669156189], [13, 0.8115343244325537], [49, 0.8054498344977286], [5, 0.7839218660527812], [9, 0.7799574275333143]], "12": [[13, 0.8657994743472376], [49, 0.8593081306928259], [5, 0.836340644041621], [40, 0.8083248361489452], [15, 0.7996747131828865]], "13": [[13, 0.9582183240017653], [49, 0.9510340687309481], [5, 0.9256149419960386], [40, 0.8946086163053064], [15, 0.8850351451072612]]}