{"0": [[13, 0.9582183240017653], [49, 0.9510340687309481], [5, 0.9256149419960386], [40, 0.8946086163053064], [15, 0.8850351451072612]], "1": [[13, 0.88805597448858], [15, 0.8871197474925868], [49, 0.881397762413428], [5, 0.8578398666836266], [9, 0.8547100290554989]], "2": null, "3": [[13, 0.8469663229170452], [51, 0.8390457624307944], [9, 0.8160908817503987], [49, 0.7932118285993485], [5, 0.7720109561367025]], "4": null, "5": null, "6": null, "7": [[13, 0.9696071034764188], [49, 0.9391106410650807], [5, 0.9140102023024723], [40, 0.8833926131393928], [15, 0.8739391677060329]], "8": null, "9": [[13, 0.9381103577267581], [49, 0.900265923823397], [5, 0.876203722094574], [9, 0.8671245101898813], [51, 0.8602024728215976]], "10": [[13, 0.9305716532850596], [49, 0.9235946793141736], [5, 0.8989089493523621], [40, 0.8687972232064671], [15, 0.859499967354339]], "11": null, "12": [[13, 0.9458361177662804], [49, 0.8847897096068507], [5, 0.861141154311401], [40, 0.8322945768796522], [15, 0.8233879466339546]]}