{"0": [[13, 0.9538032068473475], [49, 0.9466520539790761], [5, 0.921350049219072], [15, 0.9051053230969698], [40, 0.8904865892584387]], "1": null, "2": null, "3": [[8, 0.6400757584289141]], "4": [[9, 0.7843433306994276], [51, 0.7555135060685151], [13, 0.7066724541495063], [49, 0.701374167552082], [52, 0.6875480689320483]], "5": [[13, 0.917100788893251], [49, 0.9102248129163348], [9, 0.8861474072462944], [5, 0.8858964311711324], [40, 0.8562205994328121]], "6": [[13, 0.8827310878970437], [9, 0.8776650610768305], [49, 0.8761127992335022], [5, 0.8526961593779924], [51, 0.8350720689197135]], "7": [[8, 0.6311750020733599]], "8": [[8, 0.6311750020733599]]}