{"0": [[13, 0.9582183240017653], [49, 0.9510340687309481], [5, 0.9256149419960386], [40, 0.8946086163053064], [15, 0.8850351451072612]], "1": [[8, 0.7602038246750507], [35, 0.5319968454277447]], "2": [[8, 0.6027806351572795]], "3": [[13, 0.9582183240017653], [49, 0.9510340687309481], [5, 0.9256149419960386], [40, 0.8946086163053064], [15, 0.8850351451072612]], "4": [[13, 0.9365999644962874], [49, 0.8955714340686871], [15, 0.8950189318386006], [5, 0.8716347061098942], [40, 0.8424366148142757]], "5": [[13, 0.9582183240017653], [49, 0.9510340687309481], [5, 0.9256149419960386], [40, 0.8946086163053064], [15, 0.8850351451072612]], "6": [[13, 0.9440176843778741], [49, 0.9369398986010246], [15, 0.9151158612534821], [5, 0.9118974791876875], [40, 0.8813506621978079]], "7": [[34, 0.801393345136322], [13, 0.7842559231455922], [15, 0.7367325024426381], [51, 0.6952485488267568], [49, 0.6930640644030382]], "8": [[13, 0.9490769374894139], [49, 0.9419612198916811], [5, 0.916784591193461], [40, 0.8860740653224225], [9, 0.8806416675537343]], "9": [[9, 0.7856464824060397], [13, 0.7537383198497324], [51, 0.7516132085889183], [49, 0.7480871562666955], [5, 0.7280923707389009]]}