{"0": null, "1": [[13, 0.9539191430978515], [49, 0.9467671209959223], [5, 0.9214620407382254], [15, 0.904893966541653], [40, 0.8905948292764441]], "2": [[11, 0.6038576879954624]]}