{"0": [[15, 0.904227096782149], [13, 0.8570565239015461], [49, 0.8506307306402427], [5, 0.8278951725170667], [16, 0.8168580050963414]], "1": [[15, 0.8915958618906047], [13, 0.8281644864150335], [49, 0.8219553116084162], [5, 0.7999861867125159], [16, 0.7970341730281754]], "2": null, "3": [[11, 0.6038576879954624]], "4": null, "5": null, "6": [[13, 0.9296083205321423], [49, 0.9226385691620294], [5, 0.8979783939999132], [9, 0.8867325886747541], [40, 0.8678978396739859]], "7": [[15, 0.9055857835999811], [13, 0.8605174124337123], [49, 0.8540656711122893], [5, 0.8312383043041706], [16, 0.8191659405620143]], "8": null, "9": [[8, 0.6311750020733599]], "10": null, "11": null, "12": [[11, 0.6038576879954624]], "13": [[13, 0.8870867728790194], [49, 0.8804358274064753], [5, 0.8569036421624033], [40, 0.8281990132622188], [15, 0.8193362108532048]], "14": null, "15": [[11, 0.6038576879954624]], "16": [[8, 0.7636371005449449], [35, 0.5187629603457075]], "17": null}