{"0": null, "1": [[13, 0.9582183240017653], [49, 0.9510340687309481], [5, 0.9256149419960386], [40, 0.8946086163053064], [15, 0.8850351451072612]], "2": [[13, 0.9582183240017653], [49, 0.9510340687309481], [5, 0.9256149419960386], [40, 0.8946086163053064], [15, 0.8850351451072612]], "3": [[15, 0.8504382948473722], [13, 0.8060737079971082], [49, 0.8000301591102944], [5, 0.7786470471116773], [16, 0.768266436007863]], "4": null, "5": null, "6": [[8, 0.7612654826947526], [35, 0.531687790283803]], "7": [[13, 0.944574519965552], [49, 0.9374925593061044], [15, 0.9147809800501049], [5, 0.9124353684424423], [40, 0.8818705331939307]], "8": [[13, 0.9582183240017653], [49, 0.9510340687309481], [5, 0.9256149419960386], [40, 0.8946086163053064], [15, 0.8850351451072612]], "9": [[13, 0.9582183240017653], [49, 0.9510340687309481], [5, 0.9256149419960386], [40, 0.8946086163053064], [15, 0.8850351451072612]], "10": [[9, 0.8620529627219601], [13, 0.8442148785585682], [49, 0.8378853657126256], [51, 0.8227805827372654], [5, 0.8154904642042122]], "11": [[15, 0.8988776186262017], [13, 0.8442148785585682], [49, 0.8378853657126257], [5, 0.8154904642042123], [16, 0.808161289494994]], "12": [[13, 0.9582183240017653], [49, 0.9510340687309481], [5, 0.9256149419960386], [40, 0.8946086163053064], [15, 0.8850351451072612]]}