{"0": [[13, 0.9582183240017653], [49, 0.9510340687309481], [5, 0.9256149419960386], [40, 0.8946086163053064], [15, 0.8850351451072612]], "1": [[11, 0.6038576879954624]], "2": null, "3": null, "4": null, "5": [[13, 0.964739648659095], [49, 0.9205516937451743], [5, 0.8959472963437558], [40, 0.8659347798946812], [15, 0.8566681558944065]], "6": [[11, 0.6038576879954624]], "7": null, "8": [[13, 0.7252315251024505], [49, 0.7197940916112803], [5, 0.7005555197879586], [40, 0.6770882531898805], [15, 0.6698425316840686]], "9": [[13, 0.6421822040817492], [49, 0.637367434035157], [5, 0.6203319522210695], [40, 0.5995520213078362], [15, 0.5931360379346541]], "10": [[13, 0.853800165356088], [49, 0.7586701115737399], [51, 0.7551514581966307], [5, 0.7383924660611935], [40, 0.7136577343152855]], "11": [[13, 0.9662696217980201], [49, 0.9245282908095968], [5, 0.8998176073895405], [40, 0.8696754429417514], [15, 0.8603687890006846]]}