{"0": [[11, 0.6038576879954624]], "1": null, "2": [[13, 0.9582183240017653], [49, 0.9510340687309481], [5, 0.9256149419960386], [40, 0.8946086163053064], [15, 0.8850351451072612]], "3": null, "4": null, "5": null, "6": [[11, 0.6038576879954624]], "7": null, "8": [[11, 0.6038576879954624]], "9": null, "10": null, "11": [[13, 0.9582183240017653], [49, 0.9510340687309481], [5, 0.9256149419960386], [40, 0.8946086163053064], [15, 0.8850351451072612]], "12": [[13, 0.9253798916130145], [49, 0.8535484879201657], [5, 0.8307349443235786], [51, 0.8052783304927748], [40, 0.8029069166225312]], "13": null, "14": [[13, 0.899961998459198], [49, 0.8932145208029956], [15, 0.8923737878931225], [5, 0.869340788144764], [9, 0.8602484360782984]]}