{"0": [[13, 0.911007176935177], [49, 0.833248630041953], [5, 0.8109776586592041], [51, 0.7957396458402012], [40, 0.7838114621433291]], "1": [[13, 0.9582183240017653], [49, 0.9510340687309481], [5, 0.9256149419960386], [40, 0.8946086163053064], [15, 0.8850351451072612]], "2": null, "3": null, "4": [[13, 0.9441920393614232], [49, 0.9371129463556486], [15, 0.9150128640244705], [5, 0.9120659017422788], [40, 0.8815134429197704]], "5": [[13, 0.9637806146195652], [49, 0.9451364588078771], [5, 0.9198749626973548], [40, 0.8890609153067215], [15, 0.8795468116966442]], "6": [[51, 0.7035967039122396], [13, 0.6933876554672814], [9, 0.6146010881669013], [49, 0.5960751583097742], [34, 0.5921885708660193]]}