{"0": [[13, 0.9582183240017653], [49, 0.9510340687309481], [5, 0.9256149419960386], [40, 0.8946086163053064], [15, 0.8850351451072612]], "1": [[15, 0.9042270967821493], [13, 0.8570565239015463], [49, 0.850630730640243], [5, 0.8278951725170669], [16, 0.8168580050963417]], "2": [[15, 0.8015113946613501], [9, 0.768265117758159], [13, 0.7470422208498926], [49, 0.7414412613626536], [51, 0.733863689830402]]}