{"0": null, "1": [[13, 0.9582183240017653], [49, 0.9510340687309481], [5, 0.9256149419960386], [40, 0.8946086163053064], [15, 0.8850351451072612]], "2": null, "3": null, "4": [[13, 0.9582183240017653], [49, 0.9510340687309481], [5, 0.9256149419960386], [40, 0.8946086163053064], [15, 0.8850351451072612]], "5": [[13, 0.9460436481036489], [49, 0.8851291019844304], [5, 0.8614714754494298], [40, 0.8326138328929477], [15, 0.823703786194298]], "6": null, "7": [[9, 0.6550468105649658], [51, 0.6387224662624724], [52, 0.5784336946431261], [8, 0.5296538457383443], [33, 0.5283434834533232]], "8": [[13, 0.9582183240017653], [49, 0.9510340687309481], [5, 0.9256149419960386], [40, 0.8946086163053064], [15, 0.8850351451072612]], "9": null, "10": null, "11": null, "12": [[13, 0.9582183240017653], [49, 0.9510340687309481], [5, 0.9256149419960386], [40, 0.8946086163053064], [15, 0.8850351451072612]], "13": [[13, 0.7980660592710958], [49, 0.7920825478424747], [5, 0.7709118586630801], [40, 0.745087789620926], [15, 0.7371143849790052]]}