{"0": [[13, 0.9582183240017653], [49, 0.9510340687309481], [5, 0.9256149419960386], [40, 0.8946086163053064], [15, 0.8850351451072612]], "1": [[13, 0.9582183240017653], [49, 0.9510340687309481], [5, 0.9256149419960386], [40, 0.8946086163053064], [15, 0.8850351451072612]], "2": null, "3": [[8, 0.6311750020733599]], "4": [[13, 0.9582829437987116], [49, 0.9066926356731023], [5, 0.8824586615458264], [40, 0.8528979884980327], [15, 0.8437708750554208]], "5": [[13, 0.9257610000840123], [15, 0.9200487048783511], [49, 0.9188200940527075], [5, 0.8942619786442103], [40, 0.8643059171064746]], "6": [[13, 0.9582183240017653], [49, 0.9510340687309481], [5, 0.9256149419960386], [40, 0.8946086163053064], [15, 0.8850351451072612]], "7": null, "8": null, "9": [[13, 0.9184830194701682], [15, 0.910104554332764], [49, 0.8912678099153047], [5, 0.8674461087167206], [16, 0.8397563228140446]]}