{"0": [[13, 0.8368171516103967], [15, 0.8118405718113098], [49, 0.7825524870649999], [5, 0.7616365162292049], [34, 0.7569874840344685]], "1": [[13, 0.9693909938531308], [49, 0.9427856530982183], [5, 0.9175869890462179], [40, 0.8868495843857095], [15, 0.8773591448813605]], "2": null, "3": [[13, 0.8349474557085611], [49, 0.7672009130287804], [5, 0.7466952572582782], [51, 0.7278198578373211], [40, 0.7216823979278654]], "4": [[13, 0.8445425439640003], [51, 0.832777204611872], [9, 0.7948572949044844], [49, 0.7791818917451598], [5, 0.7583560097846472]]}