{"0": [[13, 0.9582183240017653], [49, 0.9510340687309481], [5, 0.9256149419960386], [40, 0.8946086163053064], [15, 0.8850351451072612]], "1": [[13, 0.9582183240017653], [49, 0.9510340687309481], [5, 0.9256149419960386], [40, 0.8946086163053064], [15, 0.8850351451072612]], "2": [[8, 0.6311750020733599]], "3": [[13, 0.8102393834971092], [51, 0.7862529856738121], [9, 0.7559694501036188], [49, 0.7516375213260779], [5, 0.7315478420585457]], "4": [[15, 0.8595980808124843], [13, 0.8278321096511319], [49, 0.8216254268439452], [5, 0.799665119069231], [16, 0.7830432312500782]], "5": [[13, 0.8956701682809064], [49, 0.8889548686814238], [9, 0.8652464052920297], [5, 0.8651949875041065], [40, 0.836212614433625]], "6": null, "7": [[8, 0.6311750020733599]], "8": [[8, 0.7630801524881821], [35, 0.5307877465927328]], "9": [[13, 0.9336279302536182], [49, 0.865714596581371], [5, 0.8425758786633817], [40, 0.8143512023669359], [51, 0.8105344892098256]], "10": [[15, 0.8913202683860149], [13, 0.8275814349101143], [49, 0.8213766315403005], [5, 0.7994229735372005], [16, 0.7966251810094207]], "11": [[13, 0.9607066357219255], [49, 0.9380916865458643], [5, 0.9130184822798031], [15, 0.904907821871439], [40, 0.8824341138358603]], "12": [[8, 0.6311750020733599]], "13": [[13, 0.9582183240017653], [49, 0.9510340687309481], [5, 0.9256149419960386], [40, 0.8946086163053064], [15, 0.8850351451072612]], "14": null, "15": [[13, 0.9582183240017653], [49, 0.9510340687309481], [5, 0.9256149419960386], [40, 0.8946086163053064], [15, 0.8850351451072612]], "16": [[8, 0.6154180358397952], [32, 0.5165184645137235]]}