{"0": [[13, 0.9582183240017653], [49, 0.9510340687309481], [5, 0.9256149419960386], [40, 0.8946086163053064], [15, 0.8850351451072612]], "1": null, "2": [[11, 0.6038576879954624]], "3": null, "4": [[9, 0.8605070684036917], [13, 0.8408732498184749], [49, 0.8345687908806948], [51, 0.821510443582263], [5, 0.8122625343943164]], "5": null, "6": [[9, 0.8538859009054276], [13, 0.8271039833857105], [49, 0.8209027597153711], [51, 0.8160093353491129], [5, 0.7989617673026741]]}