{"0": [[13, 0.9582183240017653], [49, 0.9510340687309481], [5, 0.9256149419960386], [40, 0.8946086163053064], [15, 0.8850351451072612]], "1": null, "2": [[13, 0.9074925212194501], [49, 0.9006885833636489], [5, 0.8766150848403444], [9, 0.865636822272912], [40, 0.8472501604071293]], "3": [[13, 0.8138962969149157], [15, 0.7870514119408418], [49, 0.7550130411484895], [34, 0.7521254073850586], [5, 0.7348331413841497]], "4": null, "5": [[13, 0.879595742424405], [49, 0.8730009610573464], [5, 0.8496674940466157], [40, 0.8212052622330002], [15, 0.8124173020207013]], "6": [[15, 0.8835816543341775], [13, 0.8806536787697438], [49, 0.8740509655101563], [9, 0.8510245355271048], [5, 0.8506894341039053]], "7": [[11, 0.6038576879954624]], "8": [[15, 0.7388548829078023], [47, 0.6961739553332862], [34, 0.672725569478991], [9, 0.6415508804796337], [16, 0.6343181350638751]]}