{"0": [[13, 0.9582183240017653], [49, 0.9510340687309481], [5, 0.9256149419960386], [40, 0.8946086163053064], [15, 0.8850351451072612]], "1": [[15, 0.9021748129958497], [13, 0.8519961371704249], [49, 0.8456082842293332], [5, 0.8230069654631222], [16, 0.8134550540087729]], "2": [[15, 0.7428429808817897], [9, 0.7300225320528115], [13, 0.7128722541168685], [49, 0.7075274844325757], [51, 0.696994690035649]], "3": [[34, 0.6674775408538913], [15, 0.6009938228387052], [47, 0.5866531607615988], [27, 0.5412693188476145], [13, 0.5391918626190411]], "4": [[13, 0.9582183240017653], [49, 0.9510340687309481], [5, 0.9256149419960386], [40, 0.8946086163053064], [15, 0.8850351451072612]], "5": null}