{"0": [[13, 0.8273380883223693], [51, 0.7355607617268185], [49, 0.7261082778487074], [5, 0.7067009411982631], [40, 0.683027814766782]], "1": null, "2": null, "3": null, "4": [[8, 0.7654370388380737], [35, 0.5249272506741564]], "5": [[13, 0.9582183240017653], [49, 0.9510340687309481], [5, 0.9256149419960386], [40, 0.8946086163053064], [15, 0.8850351451072612]], "6": null, "7": null, "8": null, "9": null, "10": [[11, 0.6038576879954624]], "11": [[8, 0.6311750020733599]], "12": null, "13": null, "14": [[13, 0.9684735985099199], [49, 0.9316743236602321], [5, 0.9067726419146116], [40, 0.8763974971465074], [15, 0.8670189085167421]], "15": [[11, 0.6038576879954624]], "16": null, "17": [[13, 0.9582183240017653], [49, 0.9510340687309481], [5, 0.9256149419960386], [40, 0.8946086163053064], [15, 0.8850351451072612]], "18": [[9, 0.8677435252056195], [13, 0.8570565239015461], [49, 0.8506307306402427], [5, 0.8278951725170667], [51, 0.8273953094454569]], "19": [[13, 0.8856373526072816], [49, 0.8789972741834737], [5, 0.8555035384207533], [40, 0.826845810311216], [15, 0.8179974889269098]], "20": null, "21": [[8, 0.6544488784788729]]}