{"0": [[15, 0.9135983509854173], [13, 0.8837630629379566], [49, 0.8771370370271289], [5, 0.8536930214643349], [16, 0.8341865535492634]], "1": [[13, 0.9361598892342123], [49, 0.9291410173862282], [5, 0.9043070455527492], [9, 0.886039738136475], [40, 0.8740144935349877]], "2": null, "3": [[8, 0.6311750020733599]], "4": [[13, 0.9582183240017653], [49, 0.9510340687309481], [5, 0.9256149419960386], [40, 0.8946086163053064], [15, 0.8850351451072612]], "5": [[9, 0.8092542977659498], [13, 0.801820805220414], [49, 0.795809142531583], [5, 0.7745388493676344], [51, 0.7713411263584056]], "6": [[13, 0.8837630629379568], [49, 0.8771370370271291], [5, 0.8536930214643351], [40, 0.8250959422011725], [15, 0.8162663466726726]], "7": [[8, 0.7618583918811658], [35, 0.5314569040136892]]}