{"0": [[13, 0.9462849248237382], [49, 0.885524478713665], [5, 0.861856284595947], [40, 0.8329857516709278], [15, 0.8240717249595172]], "1": [[13, 0.968955686088497], [49, 0.9338294502403566], [5, 0.9088701665249739], [40, 0.8784247587044247], [15, 0.8690244757495861]], "2": [[15, 0.8878257297438086], [13, 0.8203145829736822], [49, 0.8141642629277821], [5, 0.7924033762646878], [16, 0.7915019279674226]], "3": [[15, 0.8444303072589971], [13, 0.8104295702423782], [34, 0.7869919818348726], [49, 0.7727554814508012], [5, 0.7521013638288058]], "4": [[13, 0.9487830201234908], [49, 0.9140819975329127], [5, 0.8896505214109341], [9, 0.8700460744374605], [40, 0.8598489348480466]], "5": [[13, 0.9412021584223541], [49, 0.9053431766167908], [5, 0.8811452706724578], [9, 0.8695524385829136], [51, 0.8596642193436906]], "6": [[13, 0.9582183240017653], [49, 0.9510340687309481], [5, 0.9256149419960386], [40, 0.8946086163053064], [15, 0.8850351451072612]], "7": null, "8": null, "9": [[13, 0.7920345363479722], [15, 0.7891855562804609], [34, 0.7684705311624125], [49, 0.7361998948566637], [5, 0.7165228306537379]], "10": [[15, 0.8931768493355208], [13, 0.8315400262552881], [49, 0.825305543291561], [5, 0.8032468737972651], [16, 0.7993957223847346]], "11": [[15, 0.8785812070000288], [13, 0.8020241222171771], [49, 0.7960109351563224], [16, 0.7784128971709924], [47, 0.7776931839890957]], "12": [[13, 0.8867323023790401], [49, 0.8800840145540216], [5, 0.8565612325224922], [40, 0.8278680736886744], [15, 0.8190088127618438]], "13": null, "14": null, "15": null, "16": null}