{"0": null, "1": [[9, 0.8638499435340914], [13, 0.8481715685935847], [49, 0.8418123904088284], [51, 0.8242488965243492], [5, 0.8193125278462047]], "2": [[13, 0.9239314603962904], [15, 0.9201330624717339], [49, 0.9170042713643535], [5, 0.892494689051106], [40, 0.8625978283259625]], "3": null, "4": [[13, 0.9293552360819327], [49, 0.922387382216021], [5, 0.8977339207490548], [40, 0.8676615558082539], [15, 0.8583764530685922]], "5": [[15, 0.8888317615297865], [13, 0.8223836798417629], [49, 0.8162178467131883], [5, 0.7944020721042062], [16, 0.7929654414913732]], "6": [[9, 0.8677435252056196], [13, 0.8570565239015462], [49, 0.8506307306402429], [5, 0.8278951725170668], [51, 0.8273953094454569]], "7": [[15, 0.8858195069039719], [13, 0.8162392273101011], [49, 0.8101194623002227], [16, 0.788608669814655], [5, 0.7884666845925801]], "8": [[13, 0.9259952645304451], [49, 0.9190526020981805], [5, 0.8944882722419899], [9, 0.8867795536391397], [40, 0.8645246303026465]], "9": [[11, 0.6038576879954624]], "10": null, "11": [[11, 0.6038576879954624]], "12": null, "13": [[13, 0.941393506050274], [49, 0.8776622952683116], [5, 0.8542042406650245], [40, 0.8255900365389014], [15, 0.8167551535608675]], "14": null, "15": null, "16": [[15, 0.7726110669119337], [34, 0.7719818425468299], [13, 0.7623031856424595], [49, 0.705839032694972], [16, 0.6874498554300511]], "17": [[8, 0.6311750020733599]], "18": [[13, 0.9582183240017653], [49, 0.9510340687309481], [5, 0.9256149419960386], [40, 0.8946086163053064], [15, 0.8850351451072612]], "19": [[13, 0.9299550069403675], [49, 0.9229826562840656], [15, 0.9043646588787556], [5, 0.8983132844018208], [40, 0.8682215118895817]]}