{"0": null, "1": [[13, 0.9527873248956347], [49, 0.9456437886164883], [5, 0.9203687326545102], [15, 0.9067943488934906], [40, 0.8895381449171158]], "2": null, "3": null, "4": [[9, 0.7826849144920988], [13, 0.7561369256322666], [49, 0.7504677784688659], [51, 0.7481912748030877], [5, 0.7304093639508442]], "5": null, "6": null, "7": null}