{"0": [[13, 0.9353373126833628], [49, 0.9283246081145603], [5, 0.903512457172074], [40, 0.8732465223414423], [15, 0.8639016532243133]], "1": null, "2": [[13, 0.941171103732321], [49, 0.934114660233629], [5, 0.9091477534590906], [40, 0.8786930470085214], [15, 0.8692898930212499]], "3": null, "4": null, "5": null, "6": [[13, 0.9235789142968689], [49, 0.9166543684842378], [5, 0.8921541383340167], [9, 0.8867039379503125], [40, 0.86226868540489]], "7": [[13, 0.7885191981855044], [51, 0.783170995123596], [9, 0.7533560964512029], [49, 0.7320634199826004], [5, 0.7124969149936047]], "8": [[13, 0.9582183240017653], [49, 0.9510340687309481], [5, 0.9256149419960386], [40, 0.8946086163053064], [15, 0.8850351451072612]], "9": [[13, 0.8726674186227217], [49, 0.8661245824601571], [5, 0.8429749064878195], [40, 0.8147368635243907], [15, 0.80601812355836]], "10": null, "11": null}