{"0": null, "1": null, "2": [[13, 0.9582183240017653], [49, 0.9510340687309481], [5, 0.9256149419960386], [40, 0.8946086163053064], [15, 0.8850351451072612]], "3": [[13, 0.9296083205321423], [49, 0.9226385691620294], [15, 0.9196910993878874], [5, 0.8979783939999132], [40, 0.8678978396739859]], "4": [[8, 0.604610823017833]], "5": null, "6": [[13, 0.932079663129472], [49, 0.9250913828337102], [5, 0.9003656491562605], [9, 0.8865736331980244], [40, 0.870205126360156]], "7": [[13, 0.9314732607959197], [49, 0.9244895270101253], [5, 0.8997798796643423], [40, 0.8696389790230044], [15, 0.8603327152931087]]}