{"0": null, "1": [[13, 0.9296083205321424], [49, 0.9226385691620295], [15, 0.9196910993878875], [5, 0.8979783939999133], [40, 0.8678978396739859]], "2": null, "3": [[13, 0.9582183240017653], [49, 0.9510340687309481], [5, 0.9256149419960386], [40, 0.8946086163053064], [15, 0.8850351451072612]], "4": [[8, 0.6311750020733599]], "5": [[15, 0.9042270967821493], [13, 0.8570565239015463], [49, 0.850630730640243], [5, 0.8278951725170669], [16, 0.8168580050963417]], "6": [[8, 0.6311750020733599]], "7": null, "8": [[15, 0.8038942212427862], [47, 0.769710681199303], [34, 0.7439883991937046], [16, 0.6842555291433354], [13, 0.6775626747588566]]}