{"0": null, "1": null, "2": null, "3": [[8, 0.6311750020733599]], "4": null, "5": null, "6": null, "7": [[34, 0.7771499992036486], [15, 0.7472038465179012], [13, 0.7368819877331012], [51, 0.724420179720579], [9, 0.682894175873974]], "8": null, "9": null, "10": [[13, 0.938059357707344], [49, 0.9310262445679464], [15, 0.9064087118388321], [5, 0.906141884604082], [40, 0.8757878689964036]], "11": [[13, 0.9326612296386231], [49, 0.9256685890398342], [5, 0.9009274278627943], [9, 0.8714292611729938], [40, 0.8707480865572312]], "12": [[11, 0.6038576879954624]], "13": [[13, 0.9582183240017653], [49, 0.9510340687309481], [5, 0.9256149419960386], [40, 0.8946086163053064], [15, 0.8850351451072612]], "14": [[13, 0.9416497726250314], [49, 0.9345897402996292], [5, 0.9096101356409623], [9, 0.8846272730549914], [40, 0.879139940273918]]}