{"0": [[13, 0.9582183240017653], [49, 0.9510340687309481], [5, 0.9256149419960386], [40, 0.8946086163053064], [15, 0.8850351451072612]], "1": null, "2": [[13, 0.8393566227416492], [9, 0.8272414277969161], [51, 0.8266210467934522], [49, 0.8038604740003267], [5, 0.7823749857958243]], "3": null, "4": null, "5": [[8, 0.752272858145423], [35, 0.5322135497085607]], "6": [[9, 0.8543761331695617], [13, 0.8280969966762901], [49, 0.8218883278749318], [51, 0.8164196114065903], [5, 0.799920993312382]], "7": null, "8": null, "9": [[9, 0.770852059781451], [13, 0.754723431059309], [49, 0.749064881591216], [51, 0.7357544675622127], [5, 0.7290439635359409]], "10": [[9, 0.7238797121647557], [51, 0.7012803125045706], [52, 0.6367307726056344], [13, 0.6165195441651893], [49, 0.6118971802698371]], "11": null}