{"0": [[11, 0.6038576879954624]], "1": [[13, 0.9582183240017653], [49, 0.9510340687309481], [5, 0.9256149419960386], [40, 0.8946086163053064], [15, 0.8850351451072612]], "2": [[13, 0.9582183240017653], [49, 0.9510340687309481], [5, 0.9256149419960386], [40, 0.8946086163053064], [15, 0.8850351451072612]], "3": [[13, 0.8297798661269926], [51, 0.827827250189015], [9, 0.7895666582574283], [49, 0.7652368070583061], [5, 0.7447836476811781]], "4": null, "5": null}