{"0": [[13, 0.9470693532767681], [49, 0.8868159817114759], [5, 0.8631132684535301], [40, 0.8342006289795478], [15, 0.8252736015070096]], "1": null, "2": null, "3": null, "4": null, "5": [[13, 0.9273617667052338], [49, 0.9204088589038233], [5, 0.8958082791752451], [9, 0.8867856873763097], [40, 0.8658004195347502]], "6": [[13, 0.9582183240017653], [49, 0.9510340687309481], [5, 0.9256149419960386], [40, 0.8946086163053064], [15, 0.8850351451072612]], "7": [[13, 0.9582183240017653], [49, 0.9510340687309481], [5, 0.9256149419960386], [40, 0.8946086163053064], [15, 0.8850351451072612]], "8": [[13, 0.9582183240017653], [49, 0.9510340687309481], [5, 0.9256149419960386], [40, 0.8946086163053064], [15, 0.8850351451072612]]}