{"0": null, "1": [[13, 0.9669920121218196], [49, 0.9266077008182473], [5, 0.9018414391720458], [40, 0.8716314802402391], [15, 0.8623038941659489]], "2": [[9, 0.8614755480327133], [13, 0.8429603133098975], [49, 0.8366402065844336], [51, 0.8223068876114281], [5, 0.8142785855427513]], "3": [[9, 0.8203236667037024], [13, 0.8102206813846851], [49, 0.8041460405069634], [5, 0.7826529197144579], [51, 0.7821803728203102]], "4": null, "5": [[13, 0.9560364460033475], [49, 0.9244320934118024], [5, 0.8997239811444804], [40, 0.8695849529963725], [15, 0.8602792674149549]], "6": null, "7": null, "8": null, "9": [[8, 0.6311750020733599]]}