{"0": [[13, 0.8749513117793923], [9, 0.8748975946009077], [49, 0.868391352095979], [5, 0.845181090171417], [51, 0.8330002031593778]], "1": [[13, 0.7419500309296938], [51, 0.7257959540006436], [49, 0.65077963387323], [9, 0.6490265224745184], [5, 0.6333856723593217]], "2": [[9, 0.8362359568844663], [51, 0.8010102692411241], [13, 0.7933800772953723], [49, 0.7874316990820789], [5, 0.7663853172413511]], "3": [[13, 0.9582183240017653], [49, 0.9510340687309481], [5, 0.9256149419960386], [40, 0.8946086163053064], [15, 0.8850351451072612]], "4": null}