{"0": [[13, 0.9582183240017653], [49, 0.9510340687309481], [5, 0.9256149419960386], [40, 0.8946086163053064], [15, 0.8850351451072612]], "1": [[13, 0.9582183240017653], [49, 0.9510340687309481], [5, 0.9256149419960386], [40, 0.8946086163053064], [15, 0.8850351451072612]], "2": [[13, 0.9242724845353668], [49, 0.9173427386701831], [15, 0.9006615737174483], [5, 0.8928241098425935], [9, 0.8693810760774023]], "3": [[13, 0.9582183240017653], [49, 0.9510340687309481], [5, 0.9256149419960386], [40, 0.8946086163053064], [15, 0.8850351451072612]], "4": [[51, 0.8098437195390037], [13, 0.7842457660762864], [9, 0.7740311956308552], [49, 0.7247933011000213], [5, 0.7054211109934574]], "5": [[15, 0.8518368470251171], [13, 0.769281965338599], [49, 0.7635142630563597], [47, 0.7626212254548599], [16, 0.7505766246642193]], "6": null, "7": [[13, 0.969432302618676], [49, 0.9425260291759892], [5, 0.9173343043216471], [40, 0.886605364114889], [15, 0.8771175380838354]], "8": [[9, 0.8010231909823098], [13, 0.7717050194122541], [51, 0.765962694715426], [49, 0.7659191502482467], [15, 0.753932739170846]], "9": [[13, 0.9582183240017653], [49, 0.9510340687309481], [5, 0.9256149419960386], [40, 0.8946086163053064], [15, 0.8850351451072612]], "10": [[13, 0.9275162985596885], [49, 0.9205622321535403], [5, 0.8959575530827824], [9, 0.8867846128416937], [40, 0.8659446930526177]]}