{"0": [[13, 0.9582183240017653], [49, 0.9510340687309481], [5, 0.9256149419960386], [40, 0.8946086163053064], [15, 0.8850351451072612]], "1": [[13, 0.9582183240017653], [49, 0.9510340687309481], [5, 0.9256149419960386], [40, 0.8946086163053064], [15, 0.8850351451072612]], "2": null, "3": [[13, 0.8588243267301349], [49, 0.8523852793424274], [5, 0.8296028258478975], [40, 0.8018127219449488], [15, 0.7932322870375943]], "4": [[13, 0.9582183240017653], [49, 0.9510340687309481], [5, 0.9256149419960386], [40, 0.8946086163053064], [15, 0.8850351451072612]], "5": [[13, 0.9447634359004063], [49, 0.8830452427115681], [5, 0.8594433133221232], [40, 0.8306536103079062], [15, 0.8217645405304683]], "6": null, "7": [[11, 0.6038576879954624]], "8": [[13, 0.9582183240017653], [49, 0.9510340687309481], [5, 0.9256149419960386], [40, 0.8946086163053064], [15, 0.8850351451072612]], "9": [[13, 0.9205678996172931], [15, 0.920162141558982], [49, 0.9136659289292869], [5, 0.8892455734400108], [40, 0.8594575518576617]], "10": [[15, 0.8117663347143894], [9, 0.7784807428841294], [13, 0.76198720255227], [49, 0.7562741928559314], [51, 0.7430588730532061]]}