{"0": [[13, 0.9582183240017653], [49, 0.9510340687309481], [5, 0.9256149419960386], [40, 0.8946086163053064], [15, 0.8850351451072612]], "1": null, "2": [[15, 0.8567219552390727], [13, 0.8503409464716158], [34, 0.8124031132694733], [49, 0.7992019219675831], [5, 0.7778409469939047]], "3": null, "4": [[13, 0.9582183240017653], [49, 0.9510340687309481], [5, 0.9256149419960386], [40, 0.8946086163053064], [15, 0.8850351451072612]], "5": [[13, 0.9582183240017653], [49, 0.9510340687309481], [5, 0.9256149419960386], [40, 0.8946086163053064], [15, 0.8850351451072612]], "6": null, "7": [[11, 0.6038576879954624]], "8": [[13, 0.9582183240017653], [49, 0.9510340687309481], [5, 0.9256149419960386], [40, 0.8946086163053064], [15, 0.8850351451072612]], "9": [[11, 0.6038576879954624]], "10": [[13, 0.7953042653949634], [51, 0.7061103432572703], [49, 0.7002955291812321], [5, 0.6815781126412529], [40, 0.6587465527934219]], "11": [[13, 0.9582183240017653], [49, 0.9510340687309481], [5, 0.9256149419960386], [40, 0.8946086163053064], [15, 0.8850351451072612]], "12": null, "13": null, "14": null, "15": [[34, 0.6441209674242401], [15, 0.6379201204590956], [13, 0.6355249505013927], [49, 0.5849929184078183], [5, 0.5693572964874855]], "16": [[13, 0.9419998022663089], [49, 0.9349371455887812], [5, 0.9099482555224053], [9, 0.8845028656136962], [40, 0.8794667337876773]]}