{"0": [[13, 0.9443264476230452], [49, 0.8823391223601799], [5, 0.8587560660724378], [40, 0.829989384523289], [15, 0.8211074228222793]], "1": [[13, 0.9687198595688731], [49, 0.9327180026485923], [5, 0.9077884255737213], [40, 0.8773792540008015], [15, 0.8679901593007875]], "2": null, "3": null, "4": [[13, 0.9672384325396898], [49, 0.9273599231779763], [5, 0.9025735562210153], [40, 0.872339072771902], [15, 0.8630039145408067]], "5": [[13, 0.9683458912840153], [49, 0.9311673295551426], [5, 0.9062791986883338], [40, 0.8759205833221329], [15, 0.8665470982881506]], "6": [[13, 0.6799562945445633], [49, 0.6252762075325071], [5, 0.608563898598295], [51, 0.5925079480056347], [40, 0.5881781749161883]], "7": [[13, 0.9582183240017653], [49, 0.9510340687309481], [5, 0.9256149419960386], [40, 0.8946086163053064], [15, 0.8850351451072612]], "8": [[13, 0.9582183240017653], [49, 0.9510340687309481], [5, 0.9256149419960386], [40, 0.8946086163053064], [15, 0.8850351451072612]], "9": [[8, 0.7647620300275896], [35, 0.5217150457937456]], "10": [[8, 0.6202983143942491]], "11": [[13, 0.9582183240017653], [49, 0.9510340687309481], [5, 0.9256149419960386], [40, 0.8946086163053064], [15, 0.8850351451072612]], "12": [[8, 0.6311750020733599]]}