{"0": [[9, 0.7857006866455212], [13, 0.7610572215932548], [49, 0.7553511844421485], [51, 0.750848690361821], [5, 0.7351622468236259]], "1": [[13, 0.9582183240017653], [49, 0.9510340687309481], [5, 0.9256149419960386], [40, 0.8946086163053064], [15, 0.8850351451072612]], "2": null, "3": null, "4": null, "5": null, "6": null, "7": [[13, 0.8811206887183146], [49, 0.8745144740451134], [5, 0.8511405540372549], [40, 0.8226289775385446], [15, 0.8138257817279925]], "8": [[13, 0.9696159789518296], [49, 0.9402286666695087], [5, 0.9150983454500398], [40, 0.8844443055780306], [15, 0.8749796056730648]], "9": [[13, 0.9239114197598749], [49, 0.8514274183909014], [5, 0.8286705664912268], [51, 0.8043235736278527], [40, 0.8009116914891199]], "10": [[13, 0.8816386674761721], [15, 0.8078175920283984], [49, 0.8045759235664532], [5, 0.7830713129100936], [34, 0.7794488791651055]]}