{"0": [[13, 0.9582183240017653], [49, 0.9510340687309481], [5, 0.9256149419960386], [40, 0.8946086163053064], [15, 0.8850351451072612]], "1": null, "2": [[8, 0.6311750020733599]], "3": [[8, 0.7649077368872459], [35, 0.5286577940617334]], "4": [[13, 0.9478301701311955], [49, 0.9407238001891487], [5, 0.915580245099201], [40, 0.8849100625129872], [9, 0.8815575918847524]], "5": [[13, 0.8678430265631606], [49, 0.8613363613474609], [5, 0.8383146643858655], [40, 0.8102327305968405], [15, 0.8015621906884308]], "6": [[8, 0.7644612413852095], [35, 0.5294320712843316]], "7": [[13, 0.9241413551969987], [15, 0.9201259622671932], [49, 0.9172125924758613], [5, 0.8926974421804467], [40, 0.8627937896142494]], "8": [[13, 0.8365932043988964], [51, 0.8321532762719541], [9, 0.7985070691288912], [49, 0.7752018057148776], [5, 0.7544823030256719]]}