{"0": [[13, 0.8450044502139353], [49, 0.8386690175434761], [5, 0.8162531706810955], [40, 0.7889102546282785], [15, 0.7804678928369084]], "1": null, "2": [[15, 0.7713151604487817], [13, 0.698389814580019], [49, 0.6931536271884781], [47, 0.6886470996516167], [16, 0.6805346552228205]], "3": null, "4": null, "5": null, "6": [[51, 0.7416454113058583], [34, 0.7416352439522219], [15, 0.73958873491426], [13, 0.7339214852174945], [9, 0.7084497948290126]], "7": null, "8": [[9, 0.8069991772407025], [51, 0.7755507519560233], [13, 0.7429813670453778], [49, 0.7374108538662697], [5, 0.7177014232933598]]}