{"0": [[13, 0.9320170407690349], [49, 0.8633013755446008], [5, 0.8402271579146559], [40, 0.8120811592596218], [51, 0.8095235735016479]], "1": [[13, 0.9680491867310296], [49, 0.9466016008618086], [5, 0.9213009446067888], [40, 0.890439129556509], [15, 0.8809102772684236]], "2": null, "3": null, "4": null, "5": [[13, 0.6076440114581683], [51, 0.5997433360341772], [9, 0.5699494450510407], [49, 0.5587094559500011], [33, 0.5468894045588633]], "6": [[15, 0.8992494956954002], [13, 0.8450736471803733], [49, 0.8387376957046915], [5, 0.8163200132204953], [16, 0.8087489798229942]], "7": [[8, 0.6311750020733599]], "8": [[13, 0.9582183240017653], [49, 0.9510340687309481], [5, 0.9256149419960386], [40, 0.8946086163053064], [15, 0.8850351451072612]], "9": [[13, 0.9582183240017653], [49, 0.9510340687309481], [5, 0.9256149419960386], [40, 0.8946086163053064], [15, 0.8850351451072612]], "10": [[13, 0.949468600508294], [49, 0.9423499464116054], [5, 0.9171629278766802], [15, 0.9009641675676574], [40, 0.8864397284522142]], "11": null, "12": null, "13": [[13, 0.9578870127650282], [49, 0.9322506590005525], [5, 0.9073335730317406], [40, 0.8769396381467977], [9, 0.8752749989791692]], "14": [[15, 0.884059326570638], [13, 0.8127156731711253], [49, 0.806622326057629], [16, 0.7860960966704051], [5, 0.7850630193961691]], "15": [[9, 0.8725187376693715], [13, 0.8687124721016727], [49, 0.8621992882059015], [5, 0.8391545270367253], [51, 0.8311688856149917]]}