{"0": null, "1": [[13, 0.9225953252393764], [15, 0.9201632956402942], [49, 0.9156781538994447], [5, 0.8912040158978304], [40, 0.8613503902484566]], "2": [[13, 0.9483974562037134], [49, 0.9412868330264127], [5, 0.9161282292610107], [40, 0.8854396902561356], [15, 0.8759643384455509]], "3": [[9, 0.846982854551108], [13, 0.8134879445520926], [51, 0.8101909645091481], [49, 0.8073888073231287], [5, 0.7858090142405528]], "4": [[9, 0.7500853176701404], [13, 0.7408473775008864], [49, 0.7352928639382005], [5, 0.7156400427509846], [51, 0.7152079566103577]], "5": [[9, 0.8378247761304575], [51, 0.8023753223190012], [13, 0.7962835594308635], [49, 0.7903134123196967], [5, 0.7691900083864812]], "6": [[8, 0.6425772709781365]], "7": [[9, 0.8515039767345569], [13, 0.8223314259364221], [49, 0.8161659845822328], [51, 0.8140100284908502], [5, 0.7943515961381873]], "8": null, "9": [[13, 0.9217205208955476], [49, 0.9148099084134051], [5, 0.8903589767750245], [9, 0.8865939518138501], [40, 0.8605336583159027]], "10": [[15, 0.8888064608883083], [13, 0.8223314259364221], [49, 0.8161659845822328], [5, 0.7943515961381873], [16, 0.79292852712162]]}