{"0": [[11, 0.6038576879954624]], "1": [[13, 0.8578998598021863], [15, 0.8534292619226395], [34, 0.8117765065481528], [49, 0.8028438422188957], [5, 0.781385526429078]], "2": null, "3": [[11, 0.6038576879954624]], "4": [[8, 0.6311750020733599]], "5": [[13, 0.9411190982485973], [49, 0.9076367357657953], [5, 0.8833775278422804], [9, 0.8723145760239369], [51, 0.8593307965710224]], "6": [[13, 0.9582183240017653], [49, 0.9510340687309481], [5, 0.9256149419960386], [40, 0.8946086163053064], [15, 0.8850351451072612]], "7": [[13, 0.9393614494984898], [49, 0.9323185739076975], [5, 0.9073996727172351], [40, 0.8770035236195741], [15, 0.867618449721414]]}