{"0": null, "1": null, "2": null, "3": null, "4": null, "5": null, "6": null, "7": [[15, 0.7759190302120091], [47, 0.7263072397099596], [34, 0.7017645844972474], [9, 0.6784293891582577], [13, 0.6700739528385941]], "8": [[15, 0.8254426300249834], [9, 0.7921378381402842], [13, 0.7823819853297372], [49, 0.7765160654646031], [5, 0.7557614353953809]], "9": null, "10": [[13, 0.9355901850202619], [49, 0.9285755845375807], [5, 0.903756725526778], [15, 0.8999205086839374], [9, 0.8741659219702044]], "11": [[13, 0.8029674740805561], [51, 0.7894014766451939], [9, 0.763934434047502], [49, 0.7488688615003898], [5, 0.7288531826470478]], "12": null, "13": [[13, 0.9582183240017653], [49, 0.9510340687309481], [5, 0.9256149419960386], [40, 0.8946086163053064], [15, 0.8850351451072612]], "14": null, "15": [[13, 0.9582183240017653], [49, 0.9510340687309481], [5, 0.9256149419960386], [40, 0.8946086163053064], [15, 0.8850351451072612]], "16": null}