{"0": [[9, 0.8489583342491741], [13, 0.8173196215266942], [51, 0.8118633273889004], [49, 0.8111917562460834], [5, 0.7895103183919717]], "1": [[34, 0.7436041481916196], [51, 0.7079297855514182], [13, 0.6996287253286487], [15, 0.6525427518588811], [9, 0.6257330098884152]], "2": [[13, 0.9582183240017653], [49, 0.9510340687309481], [5, 0.9256149419960386], [40, 0.8946086163053064], [15, 0.8850351451072612]], "3": null, "4": [[8, 0.6311750020733599]], "5": null, "6": null, "7": null}