{"0": null, "1": [[13, 0.9582183240017653], [49, 0.9510340687309481], [5, 0.9256149419960386], [40, 0.8946086163053064], [15, 0.8850351451072612]], "2": [[13, 0.9582183240017653], [49, 0.9510340687309481], [5, 0.9256149419960386], [40, 0.8946086163053064], [15, 0.8850351451072612]], "3": [[11, 0.6038576879954624]], "4": [[13, 0.9248448819538225], [49, 0.9179108445309974], [5, 0.8933770314367767], [9, 0.8867534877012774], [40, 0.8634506139336043]], "5": [[15, 0.88733585804325], [13, 0.8193133711821746], [49, 0.8131705577356685], [5, 0.7914362307080763], [16, 0.7907924266855607]], "6": [[13, 0.9437504832462337], [49, 0.9366747008136014], [5, 0.9116393695755359], [9, 0.8838041297367359], [40, 0.8811011987627383]], "7": [[8, 0.6311750020733599]], "8": [[13, 0.9296083205321422], [49, 0.9226385691620292], [15, 0.9196910993878873], [5, 0.8979783939999131], [40, 0.8678978396739858]]}