{"0": [[15, 0.8038942212427861], [47, 0.7697106811993029], [34, 0.7439883991937046], [16, 0.6842555291433353], [13, 0.6775626747588566]], "1": [[13, 0.9682531056692376], [49, 0.9308109299790036], [5, 0.9059323249181486], [40, 0.8755853291581185], [15, 0.8662154317780273]], "2": [[15, 0.8939403950617871], [13, 0.8331899240391303], [49, 0.8269430709437193], [5, 0.8048406338029312], [16, 0.8005460220033591]]}