{"0": [[13, 0.9421950661625557], [49, 0.935130945491238], [5, 0.9101368755638627], [9, 0.8844313572497133], [40, 0.8796490354194246]], "1": null, "2": [[13, 0.943685259972437], [49, 0.9366099665522112], [15, 0.9153076815681137], [5, 0.9115763655238706], [40, 0.8810403052259935]], "3": [[8, 0.6311750020733599]], "4": null, "5": null, "6": [[9, 0.7976955680914577], [13, 0.7959870913900001], [49, 0.7900191670521114], [5, 0.7689036276718008], [51, 0.7596926883800357]], "7": null}