{"0": null, "1": null, "2": null, "3": null, "4": [[11, 0.6038576879954624]], "5": [[11, 0.6038576879954624]], "6": null, "7": [[11, 0.6038576879954624]], "8": null, "9": null, "10": null, "11": null, "12": [[8, 0.730988897110834], [35, 0.5269434036972005]], "13": null, "14": null, "15": [[9, 0.6820841080227857], [13, 0.669568353106299], [49, 0.6645482550248022], [51, 0.6508309774689108], [5, 0.6467862874241259]], "16": null, "17": [[13, 0.9462022792521698], [49, 0.8853889514823456], [5, 0.8617243797205264], [40, 0.8328582653559063], [15, 0.8239456029132304]], "18": [[11, 0.6038576879954624]], "19": null, "20": null, "21": null, "22": null, "23": null, "24": null, "25": [[8, 0.6311750020733599]], "26": null, "27": null, "28": null, "29": [[8, 0.6311750020733599]], "30": [[11, 0.6038576879954624]], "31": [[8, 0.7649440094718564], [35, 0.5285784687085543]], "32": null, "33": null, "34": null, "35": null, "36": [[13, 0.9619347099958953], [49, 0.9141319202955591], [5, 0.889699109843852], [40, 0.8598958956616299], [15, 0.8506938955462807]], "37": null, "38": [[11, 0.6038576879954624]], "39": null}