{"0": [[15, 0.896937177526571], [13, 0.8398024406757261], [49, 0.8335060101444532], [5, 0.8112281595365961], [16, 0.8051288457643868]], "1": null, "2": null, "3": [[13, 0.9582183240017653], [49, 0.9510340687309481], [5, 0.9256149419960386], [40, 0.8946086163053064], [15, 0.8850351451072612]], "4": [[13, 0.9490338149062405], [49, 0.8900938637064715], [5, 0.8663035396040855], [40, 0.8372840321639027], [15, 0.8283240082826117]], "5": null}