{"0": [[15, 0.7369570028814333], [47, 0.7173712889569583], [34, 0.6935896147762713], [54, 0.6268428343834848], [9, 0.6233887610693615]], "1": [[13, 0.9567311633075435], [49, 0.9235962293355459], [5, 0.8989104579449454], [40, 0.8687986812640915], [15, 0.8595014098088579]], "2": null, "3": [[8, 0.6311750020733599]], "4": [[13, 0.9582183240017653], [49, 0.9510340687309481], [5, 0.9256149419960386], [40, 0.8946086163053064], [15, 0.8850351451072612]], "5": [[13, 0.9414085952722613], [49, 0.9343503711774308], [5, 0.9093771643485091], [9, 0.8847102359924587], [40, 0.8789147730730397]], "6": [[13, 0.9431865514434036], [49, 0.9361149970973413], [15, 0.915584628923774], [5, 0.9110946255543755], [40, 0.8805747026217404]], "7": null, "8": null}