{"0": [[13, 0.9582183240017653], [49, 0.9510340687309481], [5, 0.9256149419960386], [40, 0.8946086163053064], [15, 0.8850351451072612]], "1": [[13, 0.9248976773549397], [49, 0.917963244097857], [5, 0.8934280304741763], [9, 0.8867550868876892], [40, 0.8634999046010416]], "2": [[15, 0.7827457515732231], [9, 0.7511636846838625], [13, 0.7419124635054771], [49, 0.7363499644455923], [5, 0.7166688892003438]], "3": null, "4": [[9, 0.7365319244370024], [51, 0.7067648759832132], [13, 0.687581534190468], [49, 0.6824263820321427], [5, 0.6641865699555174]], "5": null}