{"0": [[9, 0.8417697600178556], [51, 0.80575367992176], [13, 0.8035909226728826], [49, 0.7975659885037225], [5, 0.776248738567259]], "1": null, "2": [[13, 0.9582183240017653], [49, 0.9510340687309481], [5, 0.9256149419960386], [40, 0.8946086163053064], [15, 0.8850351451072612]], "3": [[13, 0.9412487272383716], [49, 0.9341917017563586], [5, 0.9092227358250617], [40, 0.8787655176090111], [15, 0.8693615880924257]], "4": [[13, 0.9582183240017653], [49, 0.9510340687309481], [5, 0.9256149419960386], [40, 0.8946086163053064], [15, 0.8850351451072612]], "5": [[13, 0.9582183240017653], [49, 0.9510340687309481], [5, 0.9256149419960386], [40, 0.8946086163053064], [15, 0.8850351451072612]], "6": null}