{"0": [[15, 0.9042270967821493], [13, 0.8570565239015463], [49, 0.850630730640243], [5, 0.8278951725170669], [16, 0.8168580050963417]], "1": [[15, 0.8066937265683503], [9, 0.7734251664035893], [13, 0.7545609592547722], [49, 0.7489036279213035], [51, 0.7385116891457609]], "2": null, "3": [[13, 0.9582183240017653], [49, 0.9510340687309481], [5, 0.9256149419960386], [40, 0.8946086163053064], [15, 0.8850351451072612]], "4": [[13, 0.8570565239015462], [49, 0.8506307306402429], [5, 0.8278951725170668], [40, 0.8001622717262767], [15, 0.7915994987744905]]}