{"0": [[15, 0.7808087142591531], [47, 0.7200599067733877], [34, 0.6955479050901233], [13, 0.6847773061412972], [49, 0.6796431787219466]], "1": [[13, 0.9695352546032815], [49, 0.9416846346439152], [5, 0.9165153984836673], [40, 0.8858138900522299], [15, 0.8763345338190353]], "2": [[13, 0.9258525199857489], [49, 0.9189109277827023], [5, 0.8943503845809531], [15, 0.8932701280777944], [40, 0.8643913616138549]], "3": [[15, 0.8909008607683487], [13, 0.8823382491589108], [49, 0.8757229058092966], [5, 0.8523166869793724], [9, 0.8454820883347186]], "4": [[13, 0.9411194501733151], [49, 0.907639498915922], [5, 0.8833802171392555], [9, 0.8723172316415825], [51, 0.8593302485735572]], "5": null}