{"0": [[15, 0.8125995437930578], [9, 0.7793116321567508], [13, 0.7632136781449966], [49, 0.7574914729307674], [51, 0.7438055373862303]], "1": null, "2": [[8, 0.6311750020733599]], "3": [[13, 0.9504177954303209], [49, 0.9113759903681932], [5, 0.8870168400874511], [15, 0.8812601604141651], [40, 0.8573034767988177]], "4": null, "5": [[51, 0.74444065376101], [13, 0.7344374593886778], [9, 0.6522000298801017], [49, 0.632885125710132], [34, 0.6246807462474406]], "6": [[13, 0.9582183240017653], [49, 0.9510340687309481], [5, 0.9256149419960386], [40, 0.8946086163053064], [15, 0.8850351451072612]], "7": null}