{"0": null, "1": [[15, 0.779193651406036], [13, 0.7779038594935621], [34, 0.7688353349774486], [49, 0.7210339475283304], [5, 0.7017622369818812]], "2": null, "3": null, "4": [[13, 0.9582183240017653], [49, 0.9510340687309481], [5, 0.9256149419960386], [40, 0.8946086163053064], [15, 0.8850351451072612]], "5": null, "6": [[13, 0.9582183240017653], [49, 0.9510340687309481], [5, 0.9256149419960386], [40, 0.8946086163053064], [15, 0.8850351451072612]], "7": [[8, 0.6311750020733599]], "8": [[13, 0.9582183240017653], [49, 0.9510340687309481], [5, 0.9256149419960386], [40, 0.8946086163053064], [15, 0.8850351451072612]], "9": [[13, 0.9140457758796139], [49, 0.907192704905447], [9, 0.8857317252512134], [5, 0.8829453649865436], [40, 0.8533683883067396]], "10": [[13, 0.9417210984845943], [49, 0.9346605313925636], [15, 0.9163287001329571], [5, 0.9096790346378907], [40, 0.879206531286563]], "11": null, "12": [[13, 0.87950335570799], [49, 0.8729092670116284], [5, 0.8495782507885673], [40, 0.8211190084529725], [15, 0.8123319712678653]]}