{"0": [[8, 0.7623182128308151], [35, 0.5312406058318568]], "1": null, "2": [[13, 0.9544148626381883], [49, 0.9274396631064454], [15, 0.9073193853923606], [5, 0.9026511648700548], [40, 0.8724140816800132]], "3": null, "4": null, "5": [[15, 0.9091936768354032], [13, 0.8702518932527723], [49, 0.8637271675254147], [5, 0.8406415693774852], [16, 0.8255651607898803]], "6": null, "7": null, "8": null, "9": [[13, 0.9227730275822178], [15, 0.9201607375281894], [49, 0.9158545239164881], [5, 0.8913756719178018], [40, 0.8615162961209093]], "10": null}