{"0": null, "1": [[13, 0.9690927140455845], [49, 0.9345495245135114], [5, 0.909570994737646], [40, 0.8791021105158101], [15, 0.8696945790190515]], "2": [[13, 0.9224887594204828], [15, 0.8992833020796762], [49, 0.8955327385821287], [5, 0.8715970448717494], [9, 0.8442318955146452]], "3": [[13, 0.8610473625301702], [49, 0.7979894151895338], [5, 0.7766608479544124], [40, 0.7506441987946825], [51, 0.7477020647559536]], "4": [[34, 0.8195032630053285], [15, 0.7789049930789186], [47, 0.7309571657804572], [13, 0.7199872703726177], [16, 0.6701236422216804]]}