{"0": null, "1": [[8, 0.6311750020733599]], "2": [[13, 0.9394345032533453], [49, 0.8745934891699334], [5, 0.8512174572551119], [40, 0.8227033046460652], [51, 0.8141024312097914]], "3": [[13, 0.9128902422430403], [15, 0.8794131227017058], [49, 0.8668509692830328], [5, 0.843681878529126], [40, 0.8154201533579319]], "4": [[13, 0.9326006198922528], [49, 0.9256084337158842], [15, 0.9192182542699386], [5, 0.9008688803632677], [40, 0.8706915002866741]], "5": null, "6": null, "7": [[8, 0.7586796872869275], [35, 0.5322701798716057]], "8": [[8, 0.6311750020733599]]}