{"0": null, "1": null, "2": null, "3": [[13, 0.9582183240017653], [49, 0.9510340687309481], [5, 0.9256149419960386], [40, 0.8946086163053064], [15, 0.8850351451072612]], "4": [[15, 0.8962994944861806], [13, 0.8383759338455158], [49, 0.8320901985691312], [5, 0.8098501896065412], [16, 0.8041440067267626]]}