{"0": null, "1": [[51, 0.7612718244276119], [9, 0.7342191739606488], [13, 0.6918421920513742], [49, 0.6450780524985298], [52, 0.6443175894855062]], "2": null, "3": null, "4": [[15, 0.8312111977328008], [13, 0.8048841557113544], [49, 0.7988495255094216], [5, 0.7774979693468305], [16, 0.759367263200947]], "5": [[13, 0.9296083205321422], [49, 0.9226385691620292], [15, 0.9196910993878873], [5, 0.8979783939999131], [40, 0.8678978396739858]], "6": [[13, 0.9358425825910652], [49, 0.8690659151376517], [5, 0.8458376235714495], [40, 0.8175036850749775], [51, 0.8119101256825999]]}