{"0": [[13, 0.9186579182722284], [49, 0.9117702676960399], [5, 0.8874005792172512], [9, 0.8863237895897997], [40, 0.8576743614035891]], "1": [[9, 0.8677435252056197], [13, 0.8570565239015463], [49, 0.850630730640243], [5, 0.8278951725170669], [51, 0.827395309445457]], "2": [[13, 0.9582183240017653], [49, 0.9510340687309481], [5, 0.9256149419960386], [40, 0.8946086163053064], [15, 0.8850351451072612]], "3": null, "4": null, "5": [[13, 0.9453962551666479], [49, 0.9383081335360504], [5, 0.9132291441002924], [9, 0.883015418364955], [40, 0.8826377188893072]], "6": null, "7": [[13, 0.950229351824803], [49, 0.9124393439615428], [5, 0.8880517724910221], [9, 0.8657241066031329], [40, 0.8583037409513514]], "8": [[15, 0.8125431395486326], [9, 0.7792553805687602], [13, 0.7631305904868718], [49, 0.7574090082235201], [51, 0.7437549940099304]], "9": [[13, 0.8864028172661925], [49, 0.8797569997604107], [9, 0.8788859445226002], [5, 0.8562429581418236], [51, 0.8359591629753372]], "10": null, "11": [[9, 0.7591004535535468], [13, 0.7497514843000717], [49, 0.7441302120722658], [5, 0.7242411872835112], [51, 0.7238039079799475]], "12": [[8, 0.6311750020733599]]}