{"0": null, "1": [[15, 0.8183747324988884], [47, 0.773238964142671], [34, 0.7472303113101785], [16, 0.7015574512077385], [13, 0.6997758642941895]], "2": null, "3": [[13, 0.8878422080165034], [15, 0.8870202472461335], [49, 0.8811855986584622], [5, 0.8576333736165502], [9, 0.8546059825719989]], "4": [[15, 0.9048983566317879], [13, 0.8587543977806997], [49, 0.8523158746862676], [5, 0.8295352762312246], [16, 0.8179922849669975]], "5": null, "6": null, "7": null, "8": [[13, 0.8465449042545254], [51, 0.8343178034052244], [9, 0.7982379385202458], [49, 0.7824958655927067], [5, 0.7615814081289638]], "9": [[13, 0.9582183240017653], [49, 0.9510340687309481], [5, 0.9256149419960386], [40, 0.8946086163053064], [15, 0.8850351451072612]], "10": [[9, 0.8677435252056197], [13, 0.8570565239015463], [49, 0.850630730640243], [5, 0.8278951725170669], [51, 0.827395309445457]], "11": [[13, 0.9582183240017653], [49, 0.9510340687309481], [5, 0.9256149419960386], [40, 0.8946086163053064], [15, 0.8850351451072612]], "12": [[13, 0.9277592926309448], [49, 0.9208034043733527], [5, 0.8961922792798687], [9, 0.8867821760381446], [40, 0.8661715563721889]], "13": null, "14": [[9, 0.8578868308313727], [13, 0.8353265327963454], [49, 0.8290636604469281], [51, 0.8193444318795962], [5, 0.8069045444393076]], "15": [[8, 0.7613165920487635], [35, 0.531669749262206]]}