{"0": [[13, 0.9582183240017653], [49, 0.9510340687309481], [5, 0.9256149419960386], [40, 0.8946086163053064], [15, 0.8850351451072612]], "1": [[13, 0.9464585954079536], [49, 0.8858096069228971], [5, 0.8621337919319374], [40, 0.8332539630432828], [15, 0.8243370661227087]], "2": null, "3": [[13, 0.8857187586229092], [49, 0.8790780698563618], [9, 0.8786629207862012], [5, 0.8555821745963992], [51, 0.8357986112943583]], "4": [[11, 0.6038576879954624]], "5": null, "6": null, "7": [[13, 0.9582183240017653], [49, 0.9510340687309481], [5, 0.9256149419960386], [40, 0.8946086163053064], [15, 0.8850351451072612]], "8": null, "9": null, "10": [[15, 0.8425648339615411], [13, 0.7915037212879622], [49, 0.7855694110800476], [5, 0.7645728042540085], [16, 0.7576197624246067]], "11": null, "12": null, "13": null}