{"0": null, "1": [[13, 0.9296083205321423], [49, 0.9226385691620294], [15, 0.9196910993878874], [5, 0.8979783939999132], [40, 0.8678978396739859]], "2": [[13, 0.8528191341599963], [49, 0.7933370906944757], [5, 0.7721328702412835], [40, 0.7462678996525487], [51, 0.7393036734057088]]}