{"0": [[13, 0.9503271177825605], [49, 0.9432020269406144], [5, 0.9179922340975256], [15, 0.9100009741565456], [40, 0.8872412545048556]], "1": [[13, 0.9426401923434249], [49, 0.8796374823443953], [5, 0.8561266351732467], [40, 0.8274480345172885], [15, 0.8185932685537703]], "2": [[13, 0.9582183240017653], [49, 0.9510340687309481], [5, 0.9256149419960386], [40, 0.8946086163053064], [15, 0.8850351451072612]], "3": [[13, 0.811412372449796], [51, 0.7236087128714078], [49, 0.7068952637655808], [5, 0.6880014502958469], [34, 0.6771976270500056]], "4": [[8, 0.6311750020733599]], "5": [[13, 0.9582183240017653], [49, 0.9510340687309481], [5, 0.9256149419960386], [40, 0.8946086163053064], [15, 0.8850351451072612]], "6": [[11, 0.6038576879954624]], "7": [[13, 0.9582183240017653], [49, 0.9510340687309481], [5, 0.9256149419960386], [40, 0.8946086163053064], [15, 0.8850351451072612]], "8": null, "9": [[13, 0.8963931701084872], [15, 0.8908620855115627], [49, 0.8896724497927019], [5, 0.8658933891918393], [9, 0.8586446524540319]]}