{"0": [[15, 0.9042270967821491], [13, 0.8570565239015462], [49, 0.8506307306402429], [5, 0.8278951725170668], [16, 0.8168580050963415]], "1": null, "2": [[13, 0.9341277732072685], [49, 0.8664674827083236], [5, 0.8433086417384825], [40, 0.8150594192840936], [51, 0.8108464432571184]], "3": [[13, 0.9561748809318825], [49, 0.9216007522555676], [5, 0.8969683157416665], [15, 0.8840726053474898], [40, 0.8669215971005658]], "4": [[13, 0.9582183240017653], [49, 0.9510340687309481], [5, 0.9256149419960386], [40, 0.8946086163053064], [15, 0.8850351451072612]], "5": [[13, 0.9582183240017653], [49, 0.9510340687309481], [5, 0.9256149419960386], [40, 0.8946086163053064], [15, 0.8850351451072612]], "6": null, "7": [[13, 0.8492740071745315], [49, 0.8429065634411131], [5, 0.8203774559503717], [40, 0.7928963842493486], [15, 0.7844113657068323]], "8": [[13, 0.9100278842663435], [49, 0.8573991939900213], [51, 0.8561652234885744], [9, 0.8409041249126173], [5, 0.8344827291744928]], "9": [[13, 0.9582183240017653], [49, 0.9510340687309481], [5, 0.9256149419960386], [40, 0.8946086163053064], [15, 0.8850351451072612]]}