{"0": [[15, 0.8015113946613501], [9, 0.7682651177581589], [13, 0.7470422208498925], [49, 0.7414412613626535], [51, 0.7338636898304018]], "1": [[51, 0.6955188981553139], [34, 0.6488819466054951], [13, 0.6264369660359664], [9, 0.623228295808204], [15, 0.5820632182491245]], "2": null}