{"0": [[13, 0.9133977666911072], [49, 0.9065495541748839], [9, 0.8856323953419445], [5, 0.8823194043130641], [40, 0.8527633961155423]], "1": [[13, 0.9658722758409672], [49, 0.9234482509527923], [5, 0.8987664347110018], [40, 0.8686594825323206], [15, 0.8593637006838548]], "2": [[8, 0.6311750020733599]], "3": [[13, 0.9082794247330098], [49, 0.9014695870571223], [5, 0.877375213958955], [9, 0.8574705623507369], [40, 0.8479848266578136]]}