{"0": [[13, 0.9582183240017653], [49, 0.9510340687309481], [5, 0.9256149419960386], [40, 0.8946086163053064], [15, 0.8850351451072612]], "1": null, "2": [[13, 0.9323909911355377], [15, 0.8977081246127419], [49, 0.8930902280665606], [5, 0.86921981748997], [40, 0.8401026203325713]], "3": [[13, 0.9582183240017653], [49, 0.9510340687309481], [5, 0.9256149419960386], [40, 0.8946086163053064], [15, 0.8850351451072612]], "4": [[13, 0.9582183240017653], [49, 0.9510340687309481], [5, 0.9256149419960386], [40, 0.8946086163053064], [15, 0.8850351451072612]], "5": [[15, 0.8671901079757706], [13, 0.7808636408659467], [47, 0.7787250167355135], [49, 0.7750091048096415], [16, 0.7629692974244231]], "6": null, "7": [[13, 0.9582183240017653], [49, 0.9510340687309481], [5, 0.9256149419960386], [40, 0.8946086163053064], [15, 0.8850351451072612]], "8": null, "9": [[8, 0.7530656911857165], [35, 0.5023016453682876]], "10": null}