{"0": [[13, 0.8792991925177434], [49, 0.8727066345377529], [9, 0.8525703461185268], [5, 0.8493810342516213], [40, 0.8209283982918515]], "1": null, "2": [[13, 0.9125147077299041], [49, 0.9056731159605791], [5, 0.8814663914362706], [9, 0.8669696354655557], [40, 0.8519389575344696]], "3": [[8, 0.6477849473377474]]}