{"0": [[13, 0.9451807324999616], [49, 0.9380942267535685], [15, 0.9143960179649689], [5, 0.9130209545931345], [40, 0.8824365033314359]], "1": null, "2": [[13, 0.9582183240017653], [49, 0.9510340687309481], [5, 0.9256149419960386], [40, 0.8946086163053064], [15, 0.8850351451072612]], "3": [[15, 0.7287053454980634], [47, 0.7139192309753564], [34, 0.6903254225506836], [54, 0.6224312150462855], [9, 0.6142645702012021]]}