{"0": [[13, 0.8394014580356806], [51, 0.8037291682111682], [49, 0.7925294251742608], [9, 0.7909746345721059], [5, 0.7713467919101009]], "1": [[13, 0.8566495263507263], [49, 0.7927501343995008], [5, 0.7715616020451269], [40, 0.7457157678455569], [51, 0.7443735840639822]], "2": [[13, 0.8577017250078037], [15, 0.8530169826954325], [34, 0.8118827926510027], [49, 0.802456000070043], [5, 0.7810080504795646]], "3": [[9, 0.8612877343849021], [13, 0.8425539193353474], [49, 0.8362368595543851], [51, 0.8221526223955747], [5, 0.8138860191246831]], "4": [[13, 0.9694149971113555], [49, 0.9366687450728924], [5, 0.9116335730191641], [40, 0.8810955963798901], [15, 0.8716667320017398]], "5": [[15, 0.8254426300249834], [9, 0.7921378381402842], [13, 0.7823819853297372], [49, 0.7765160654646031], [5, 0.7557614353953809]]}