{"0": null, "1": null, "2": [[13, 0.9582183240017653], [49, 0.9510340687309481], [5, 0.9256149419960386], [40, 0.8946086163053064], [15, 0.8850351451072612]], "3": [[13, 0.9582183240017653], [49, 0.9510340687309481], [5, 0.9256149419960386], [40, 0.8946086163053064], [15, 0.8850351451072612]], "4": [[13, 0.9390396861659794], [49, 0.9319992230002677], [15, 0.917455846380424], [5, 0.9070888573832993], [40, 0.8767031200033369]], "5": [[13, 0.9582183240017653], [49, 0.9510340687309481], [5, 0.9256149419960386], [40, 0.8946086163053064], [15, 0.8850351451072612]], "6": [[15, 0.9106841583931842], [13, 0.8745715649296405], [49, 0.8680144524035383], [5, 0.8448142642096275], [16, 0.828357058495218]], "7": [[51, 0.8150955279719794], [13, 0.7964686182290794], [9, 0.7782434786801598], [49, 0.7353748856528843], [5, 0.7157198721989252]], "8": null, "9": [[13, 0.9523841728181686], [49, 0.9452436591773553], [5, 0.9199792978279658], [40, 0.8891617554105196], [15, 0.8796465726806889]]}