{"0": null, "1": null, "2": null, "3": [[13, 0.8933596929488608], [15, 0.88877845081592], [49, 0.8866617161704583], [5, 0.8629631261037491], [40, 0.8340555161105866]], "4": [[8, 0.6311750020733599]], "5": null, "6": null, "7": null, "8": [[13, 0.9325496368538779], [49, 0.9255578329235516], [5, 0.9008196320229613], [40, 0.8706439016713343], [15, 0.8613268839671815]], "9": [[51, 0.6596931056275059], [8, 0.6367349303662382], [9, 0.5923082267593829], [13, 0.5523352447718047], [52, 0.5221425790523545]], "10": null, "11": [[51, 0.7497570226547947], [9, 0.7492618566033684], [15, 0.7141890593943175], [13, 0.7095168460930952], [49, 0.6811056428947546]], "12": null}