{"0": [[15, 0.7742736824693619], [9, 0.7425079456285768], [13, 0.7265496181655821], [49, 0.721102302253257], [51, 0.7087483785127758]], "1": [[13, 0.9419060913663605], [49, 0.8784722250508256], [5, 0.8549925227395699], [40, 0.8263519126754799], [15, 0.8175088766357416]], "2": [[13, 0.9582183240017653], [49, 0.9510340687309481], [5, 0.9256149419960386], [40, 0.8946086163053064], [15, 0.8850351451072612]], "3": [[13, 0.9505369600649716], [49, 0.9434102959275816], [5, 0.9181949364955043], [15, 0.9097647972592782], [40, 0.8874371667611837]], "4": null, "5": null, "6": [[13, 0.9582183240017653], [49, 0.9510340687309481], [5, 0.9256149419960386], [40, 0.8946086163053064], [15, 0.8850351451072612]], "7": [[13, 0.9367177956866872], [15, 0.9060571419975905], [49, 0.9040955990918923], [5, 0.8799310382529133], [40, 0.8504550357387158]], "8": [[13, 0.9324364731287159], [49, 0.863927820850551], [5, 0.8408368596641468], [40, 0.8126704371696074], [51, 0.8097875865803695]], "9": [[13, 0.9372853819423093], [49, 0.9302580716970227], [5, 0.905394243367305], [9, 0.8858229993585065], [40, 0.8750652723074571]]}