{"0": null, "1": null, "2": [[15, 0.7769564280954357], [9, 0.768119319283709], [13, 0.7586592750097702], [49, 0.7529712164966736], [5, 0.732845890381482]], "3": [[13, 0.856676798970552], [51, 0.8417550527276767], [9, 0.8165788844926564], [49, 0.8004751092516528], [5, 0.7790801046779894]], "4": null, "5": [[13, 0.814663129467247], [51, 0.7260570343580469], [49, 0.7107964569488254], [5, 0.6917983728465216], [34, 0.678106912647855]], "6": [[13, 0.9582183240017653], [49, 0.9510340687309481], [5, 0.9256149419960386], [40, 0.8946086163053064], [15, 0.8850351451072612]], "7": [[15, 0.9111531203048677], [13, 0.8759768129527482], [49, 0.869409164559961], [5, 0.8461716986635699], [16, 0.8292584255312083]], "8": [[13, 0.9582183240017653], [49, 0.9510340687309481], [5, 0.9256149419960386], [40, 0.8946086163053064], [15, 0.8850351451072612]], "9": null, "10": null, "11": [[13, 0.9582183240017653], [49, 0.9510340687309481], [5, 0.9256149419960386], [40, 0.8946086163053064], [15, 0.8850351451072612]], "12": null}