{"0": null, "1": null, "2": [[8, 0.741490960874392], [35, 0.5301102776483294]], "3": null, "4": [[9, 0.788672110563591], [13, 0.7639356072522958], [49, 0.758207989364499], [51, 0.7536882902820714], [5, 0.7379426954000095]], "5": [[15, 0.8428448856539489], [13, 0.8406517571302373], [34, 0.8167974484628683], [49, 0.7838223538234628], [5, 0.7628724421383007]], "6": null}