{"0": [[13, 0.9461359964658282], [49, 0.9390423286145057], [5, 0.9139437156990419], [40, 0.8833283537096892], [9, 0.882612687064735]], "1": [[9, 0.8677435252056196], [13, 0.8570565239015462], [49, 0.8506307306402429], [5, 0.8278951725170668], [51, 0.8273953094454569]], "2": null, "3": null, "4": [[11, 0.6038576879954624]], "5": [[13, 0.9444933084877941], [49, 0.9374119567125356], [15, 0.914830909640304], [5, 0.9123569201855145], [40, 0.8817947128031854]], "6": null, "7": null, "8": [[13, 0.9414591621683613], [49, 0.9344005589475208], [15, 0.9164514800707753], [5, 0.909426010705783], [40, 0.8789619831710077]]}