{"0": [[8, 0.7654778582780823], [35, 0.5257423773355188]], "1": null, "2": [[13, 0.9371017828604762], [49, 0.8971495610474927], [15, 0.8965960852282073], [5, 0.8731706530964188], [40, 0.8439211105219292]], "3": [[13, 0.906295663949643], [51, 0.8564190496416029], [49, 0.8551791213153054], [9, 0.8426751911496733], [5, 0.832321994341117]], "4": [[11, 0.6038576879954624]], "5": [[13, 0.9582183240017653], [49, 0.9510340687309481], [5, 0.9256149419960386], [40, 0.8946086163053064], [15, 0.8850351451072612]], "6": [[13, 0.9582183240017653], [49, 0.9510340687309481], [5, 0.9256149419960386], [40, 0.8946086163053064], [15, 0.8850351451072612]], "7": [[8, 0.6311750020733599]], "8": null, "9": [[13, 0.8978913622197052], [49, 0.8911594091876358], [9, 0.8740148444194776], [15, 0.8686468713843291], [5, 0.8673406053109515]]}