{"0": [[13, 0.9582183240017653], [49, 0.9510340687309481], [5, 0.9256149419960386], [40, 0.8946086163053064], [15, 0.8850351451072612]], "1": null, "2": [[13, 0.9296083205321422], [49, 0.9226385691620292], [5, 0.8979783939999131], [9, 0.886732588674754], [40, 0.8678978396739858]], "3": [[34, 0.8195787614130077], [15, 0.7599068818349635], [47, 0.7201847118284802], [13, 0.7012912992973391], [16, 0.6503816291701645]], "4": null, "5": null, "6": null, "7": [[9, 0.7802013549375035], [51, 0.7518294481276968], [13, 0.7002197202711921], [49, 0.6949698131361671], [52, 0.6840838581701774]], "8": [[13, 0.9582183240017653], [49, 0.9510340687309481], [5, 0.9256149419960386], [40, 0.8946086163053064], [15, 0.8850351451072612]], "9": null, "10": [[13, 0.9451807324999617], [49, 0.9380942267535686], [15, 0.914396017964969], [5, 0.9130209545931346], [40, 0.882436503331436]], "11": [[13, 0.9582183240017653], [49, 0.9510340687309481], [5, 0.9256149419960386], [40, 0.8946086163053064], [15, 0.8850351451072612]], "12": [[13, 0.9582183240017653], [49, 0.9510340687309481], [5, 0.9256149419960386], [40, 0.8946086163053064], [15, 0.8850351451072612]], "13": [[8, 0.6311750020733599]], "14": [[13, 0.9582183240017653], [49, 0.9510340687309481], [5, 0.9256149419960386], [40, 0.8946086163053064], [15, 0.8850351451072612]]}