{"0": null, "1": [[9, 0.8234828735324667], [13, 0.8133409798879844], [49, 0.8072429445286426], [5, 0.7856670500496824], [51, 0.7851926832965748]], "2": [[11, 0.6038576879954624]], "3": [[13, 0.9582183240017653], [49, 0.9510340687309481], [5, 0.9256149419960386], [40, 0.8946086163053064], [15, 0.8850351451072612]], "4": [[13, 0.8609750452736156], [49, 0.8545198728435821], [5, 0.8316803661850096], [40, 0.8038206686644502], [15, 0.7952187461258164]], "5": null, "6": null, "7": [[8, 0.6127139563956421]], "8": [[13, 0.9582183240017653], [49, 0.9510340687309481], [5, 0.9256149419960386], [40, 0.8946086163053064], [15, 0.8850351451072612]], "9": [[13, 0.8709416068791384], [49, 0.8644117100142314], [5, 0.8413078154951722], [40, 0.813125616883351], [15, 0.8044241193438182]], "10": [[15, 0.832639352054873], [13, 0.7823359442004971], [49, 0.7764703695293725], [5, 0.7557169608157327], [16, 0.7487726086528159]], "11": [[13, 0.7924741676824354], [49, 0.7865325815391208], [5, 0.7655102312063331], [40, 0.7398671063263624], [15, 0.731949569759311]], "12": null, "13": null, "14": null}