{"0": [[8, 0.6311750020733599]], "1": null, "2": [[34, 0.8165298073598892], [15, 0.7043649403314938], [47, 0.6744136277000581], [13, 0.6651273958684493], [16, 0.5995385863222675]], "3": [[8, 0.7652055735634424], [35, 0.5278664444866105]], "4": [[13, 0.9582183240017653], [49, 0.9510340687309481], [5, 0.9256149419960386], [40, 0.8946086163053064], [15, 0.8850351451072612]], "5": null, "6": null, "7": [[51, 0.6924930038100771], [13, 0.6838184476790231], [34, 0.6151864005386919], [9, 0.5808275337555245], [49, 0.56937301755995]], "8": [[13, 0.9009174802914873], [49, 0.8941628388968988], [5, 0.8702637597041882], [40, 0.8411115924843718], [15, 0.8321106087488843]], "9": null}