{"0": [[13, 0.9582183240017653], [49, 0.9510340687309481], [5, 0.9256149419960386], [40, 0.8946086163053064], [15, 0.8850351451072612]], "1": null, "2": [[13, 0.9582183240017653], [49, 0.9510340687309481], [5, 0.9256149419960386], [40, 0.8946086163053064], [15, 0.8850351451072612]], "3": [[13, 0.8287742642075823], [49, 0.8225605175834465], [5, 0.8005752168134258], [40, 0.7737574821527079], [15, 0.7654772746578888]], "4": null, "5": [[15, 0.9042270967821493], [13, 0.8570565239015463], [49, 0.850630730640243], [5, 0.8278951725170669], [16, 0.8168580050963417]], "6": [[13, 0.9357286737508757], [49, 0.928713034947002], [5, 0.9038905021778223], [40, 0.8736119035643991], [15, 0.8642631243948176]], "7": null}