{"0": [[15, 0.8944449766161563], [13, 0.8342876462790226], [49, 0.8280325629957827], [5, 0.8059010060395656], [16, 0.8013098674163021]], "1": [[8, 0.6311750020733599]], "2": [[8, 0.6311750020733599]], "3": null, "4": [[13, 0.9185953777327792], [49, 0.881708960924231], [5, 0.8581427475172337], [9, 0.8452863717054159], [51, 0.8380274499867995]], "5": null, "6": [[15, 0.8056376330351385], [13, 0.8033370700926868], [34, 0.7738494748107718], [49, 0.7511401561250362], [5, 0.7310637703761008]], "7": null, "8": [[8, 0.7640753975802821], [35, 0.5299180626210342]], "9": null, "10": null, "11": [[13, 0.9582183240017653], [49, 0.9510340687309481], [5, 0.9256149419960386], [40, 0.8946086163053064], [15, 0.8850351451072612]], "12": null, "13": null}