{"0": [[9, 0.861213865078886], [13, 0.8423943013264906], [49, 0.8360784382837796], [51, 0.8220919231970941], [5, 0.8137318321191659]], "1": null, "2": null, "3": null, "4": [[9, 0.746702249015644], [51, 0.7218523000873488], [52, 0.6559673668021474], [13, 0.6496479184015941], [49, 0.6447771740575906]], "5": null, "6": null, "7": [[13, 0.7700559507502337], [49, 0.7251272204810308], [51, 0.7246113039103184], [9, 0.7111768649458474], [5, 0.7057461054165246]], "8": null}