{"0": [[13, 0.9636779247892123], [49, 0.9180198319599191], [5, 0.8934831058625166], [40, 0.8635531350694796], [15, 0.8543119977543568]], "1": [[15, 0.9042270967821493], [13, 0.8570565239015463], [49, 0.850630730640243], [5, 0.8278951725170669], [16, 0.8168580050963417]], "2": [[13, 0.9296083205321423], [49, 0.9226385691620294], [5, 0.8979783939999132], [9, 0.8867325886747541], [40, 0.8678978396739859]], "3": [[13, 0.9382287822309983], [49, 0.9311943988288676], [15, 0.9177448484762581], [5, 0.9063055444576944], [40, 0.8759460465587378]], "4": [[13, 0.9541311965038268], [49, 0.8989525326646438], [5, 0.8749254351002399], [40, 0.8456171106934158], [15, 0.8365679120760008]], "5": [[13, 0.9582183240017653], [49, 0.9510340687309481], [5, 0.9256149419960386], [40, 0.8946086163053064], [15, 0.8850351451072612]], "6": [[13, 0.9582183240017653], [49, 0.9510340687309481], [5, 0.9256149419960386], [40, 0.8946086163053064], [15, 0.8850351451072612]]}