{"0": [[13, 0.8894958813254354], [49, 0.8043074922459157], [5, 0.7828100561903203], [51, 0.7808558513692269], [40, 0.7565874203457909]], "1": null, "2": [[15, 0.8991390278110624], [13, 0.844818081867126], [49, 0.8384840464959507], [5, 0.8160731435179732], [16, 0.808574172880646]], "3": [[9, 0.8495928065281513], [13, 0.8185606684466072], [49, 0.8124234983993766], [51, 0.8123992767101774], [5, 0.7907091386858607]], "4": [[13, 0.9667941843688077], [49, 0.9260210816559014], [5, 0.901270499097677], [40, 0.8710796655635843], [15, 0.8617579846212337]], "5": [[13, 0.9467007268437555], [49, 0.939602824918535], [5, 0.9144892311237788], [40, 0.8838555954137229], [9, 0.8822826673607376]], "6": [[13, 0.916422135533452], [15, 0.8913867529130043], [49, 0.8737153924557924], [5, 0.8503628302066707], [16, 0.8228751066786617]], "7": [[13, 0.9637373352062983], [49, 0.9181577343420201], [5, 0.8936173224059679], [40, 0.8636828556160854], [15, 0.8544403301230555]], "8": [[13, 0.9515732375129177], [49, 0.9215937504838447], [5, 0.8969615011124746], [9, 0.8744322162466129], [40, 0.8669150107483851]], "9": [[13, 0.9511563997720821], [49, 0.9440250913768342], [5, 0.9187932997642974], [40, 0.8880154860078334], [9, 0.8787715851369544]], "10": [[15, 0.7697731963863104], [9, 0.7385641151716924], [13, 0.7275175899619621], [49, 0.7220630166675708], [51, 0.7044415850542264]], "11": [[13, 0.948992844968907], [49, 0.918037831705598], [15, 0.9059019670745379], [5, 0.8935006245131101], [40, 0.8635700668788702]], "12": null, "13": [[13, 0.9582183240017653], [49, 0.9510340687309481], [5, 0.9256149419960386], [40, 0.8946086163053064], [15, 0.8850351451072612]], "14": [[13, 0.9582183240017653], [49, 0.9510340687309481], [5, 0.9256149419960386], [40, 0.8946086163053064], [15, 0.8850351451072612]]}