{"0": [[9, 0.8121118870945536], [15, 0.7822180270748598], [51, 0.7773705779117905], [13, 0.7752263450973405], [49, 0.769414074744815]], "1": null, "2": [[15, 0.8996181055559969], [13, 0.84592930608994], [49, 0.8395869392996298], [5, 0.8171465583325104], [16, 0.8093337121939199]], "3": [[15, 0.8876853615911082], [13, 0.8781398959543933], [49, 0.8715560298165824], [5, 0.8482611827581119], [9, 0.8445815733320806]], "4": [[13, 0.9542607593769167], [49, 0.9282611926476032], [5, 0.9034507366662592], [9, 0.8768230854335761], [40, 0.8731868693542233]], "5": [[9, 0.842723743329483], [51, 0.806568117655274], [13, 0.8053804607412575], [49, 0.7993421094854294], [5, 0.7779773875962619]], "6": [[11, 0.6038576879954624]], "7": [[13, 0.8194950541372741], [49, 0.7492728454043843], [5, 0.7292463689167702], [51, 0.7159220917102548], [40, 0.7048180138875642]], "8": null, "9": [[8, 0.6311750020733599]], "10": [[13, 0.7460047162413701], [51, 0.7449294791572715], [9, 0.6699878427035365], [49, 0.6567749935373399], [5, 0.6392207887554626]]}