{"0": null, "1": [[13, 0.9429950923359208], [49, 0.8802031335963866], [5, 0.8566771677651028], [40, 0.8279801253229634], [15, 0.8191196652984781]], "2": [[13, 0.9504784742270348], [49, 0.9433522485880317], [5, 0.9181384406384189], [15, 0.9098312142597456], [40, 0.8873825634069797]], "3": [[15, 0.9042270967821491], [13, 0.8570565239015462], [49, 0.8506307306402429], [5, 0.8278951725170668], [16, 0.8168580050963415]], "4": null, "5": null}