{"0": [[13, 0.9582183240017653], [49, 0.9510340687309481], [5, 0.9256149419960386], [40, 0.8946086163053064], [15, 0.8850351451072612]], "1": [[9, 0.6811168791622777], [51, 0.6593721719749105], [33, 0.6025618047727834], [52, 0.5988544022056664], [13, 0.5843748126194068]], "2": [[9, 0.6217358749895497], [51, 0.6062240946257675], [52, 0.5490091684805087], [33, 0.5480838892728465], [8, 0.5023258657596488]], "3": [[13, 0.9619854085988173], [49, 0.9388896148943362], [5, 0.9137950836932239], [15, 0.9032370365082951], [40, 0.8831847005910644]], "4": [[11, 0.6038576879954624]], "5": null, "6": [[13, 0.961941709509145], [49, 0.9141469948279186], [5, 0.8897137814658835], [40, 0.8599100758124563], [15, 0.8507079239511222]], "7": [[13, 0.9638637086611919], [49, 0.9440589426340731], [5, 0.9188262462491141], [40, 0.8880473288485836], [15, 0.8785440719267528]], "8": [[13, 0.9261426828281144], [15, 0.9200245136973666], [49, 0.9191989151251035], [5, 0.8946306746315377], [40, 0.864662262485201]]}