{"0": [[13, 0.9582183240017653], [49, 0.9510340687309481], [5, 0.9256149419960386], [40, 0.8946086163053064], [15, 0.8850351451072612]], "1": null, "2": [[47, 0.6983647729526088], [34, 0.6765467093759979], [15, 0.6319756734716254], [54, 0.5848961465025031]], "3": null, "4": [[51, 0.6588350643891451], [8, 0.649377519667808], [9, 0.6095701316744828], [52, 0.5384641503352277], [13, 0.5328319306821562]], "5": null, "6": [[13, 0.8826101690143104], [15, 0.8734643530531473], [49, 0.8339725919022757], [5, 0.8116822705520715], [34, 0.8002902116679217]], "7": [[8, 0.6311750020733599]]}