{"0": [[15, 0.8633555470006649], [47, 0.7788022317794041], [13, 0.7740019854811423], [49, 0.7681988947819441], [16, 0.7579006042254687]], "1": null, "2": [[13, 0.9582183240017653], [49, 0.9510340687309481], [5, 0.9256149419960386], [40, 0.8946086163053064], [15, 0.8850351451072612]], "3": null, "4": [[15, 0.9095649977674103], [13, 0.8713087893982826], [49, 0.8647761395773088], [5, 0.8416625046277493], [16, 0.8262511265379113]]}