{"0": [[13, 0.9582183240017653], [49, 0.9510340687309481], [5, 0.9256149419960386], [40, 0.8946086163053064], [15, 0.8850351451072612]], "1": [[13, 0.9582183240017653], [49, 0.9510340687309481], [5, 0.9256149419960386], [40, 0.8946086163053064], [15, 0.8850351451072612]], "2": null, "3": [[13, 0.9582183240017653], [49, 0.9510340687309481], [5, 0.9256149419960386], [40, 0.8946086163053064], [15, 0.8850351451072612]], "4": [[8, 0.6311750020733599]], "5": [[13, 0.9582183240017653], [49, 0.9510340687309481], [5, 0.9256149419960386], [40, 0.8946086163053064], [15, 0.8850351451072612]], "6": [[13, 0.9582183240017653], [49, 0.9510340687309481], [5, 0.9256149419960386], [40, 0.8946086163053064], [15, 0.8850351451072612]], "7": [[13, 0.9528973410118211], [49, 0.9457529798853068], [5, 0.9204750054719381], [40, 0.8896408577989379], [15, 0.8801205480528536]], "8": [[13, 0.9124952986177566], [49, 0.847486653318582], [51, 0.8448675195147791], [5, 0.8248351297242744], [9, 0.8145053318625317]], "9": [[15, 0.9042270967821491], [13, 0.8570565239015462], [49, 0.8506307306402429], [5, 0.8278951725170668], [16, 0.8168580050963415]], "10": [[13, 0.9541763040291096], [49, 0.9470223538595056], [5, 0.9217104517678495], [40, 0.8908349190129039], [15, 0.881301831264873]], "11": [[13, 0.8606818882132109], [15, 0.8420759898041814], [49, 0.8133682145674543], [5, 0.7916286045913092], [16, 0.7713354657299364]], "12": [[13, 0.7306049992024505], [49, 0.7251272780141464], [5, 0.7057461614119019], [40, 0.6821050182724742], [15, 0.6748056108808456]]}