{"0": null, "1": null, "2": [[15, 0.8426391540936115], [13, 0.8416723644286848], [34, 0.8166417585862868], [49, 0.784462535144314], [5, 0.763495512768102]], "3": null, "4": [[8, 0.7650182486191175], [35, 0.5284044285347462]], "5": [[15, 0.8107178424534544], [9, 0.7774353653252813], [13, 0.7604465603206548], [49, 0.754745101610971], [51, 0.7421191884586683]], "6": null, "7": null, "8": [[13, 0.9144123614807241], [49, 0.876679456969834], [5, 0.853247671552994], [9, 0.8425620500808685], [51, 0.8368103790266308]]}