{"0": [[13, 0.9582183240017653], [49, 0.9510340687309481], [5, 0.9256149419960386], [40, 0.8946086163053064], [15, 0.8850351451072612]], "1": [[51, 0.71663528453137], [13, 0.6941852745922477], [9, 0.6147612771453189], [34, 0.6085124846085644], [49, 0.5874888026318518]], "2": [[13, 0.9472615488458355], [49, 0.9401594421498195], [5, 0.9150309711551711], [40, 0.8843791881928498], [15, 0.8749151851282678]], "3": [[13, 0.9582183240017653], [49, 0.9510340687309481], [5, 0.9256149419960386], [40, 0.8946086163053064], [15, 0.8850351451072612]], "4": null, "5": null, "6": [[51, 0.7362452123481075], [9, 0.7041403340481206], [13, 0.6505772292480808], [52, 0.6189232554334394], [49, 0.6024178161550978]], "7": [[13, 0.9212319767570895], [49, 0.8573720570069541], [5, 0.8344563175055174], [40, 0.8065036309386061], [51, 0.7984443744570358]], "8": [[13, 0.9106283124205239], [49, 0.8327257673014579], [5, 0.8104687709325414], [51, 0.7954830464368705], [40, 0.7833196211797177]], "9": [[13, 0.841770782478399], [51, 0.7923804450232906], [49, 0.7501403317538504], [5, 0.7300906691931155], [9, 0.7224881098324221]], "10": [[11, 0.6038576879954624]], "11": null, "12": [[8, 0.6439185322541038]], "13": [[11, 0.6038576879954624]]}