{"0": null, "1": [[13, 0.9478407586380129], [49, 0.8880954600583695], [5, 0.8643585490536513], [40, 0.8354041950673898], [15, 0.8264642878784406]], "2": null, "3": [[13, 0.8832510316139006], [49, 0.8766288446650783], [5, 0.8531984120079671], [9, 0.8523365098624868], [40, 0.8246179012131795]], "4": [[13, 0.9582183240017653], [49, 0.9510340687309481], [5, 0.9256149419960386], [40, 0.8946086163053064], [15, 0.8850351451072612]], "5": [[8, 0.6084579505217783]], "6": null, "7": [[8, 0.6236543993069479]], "8": null, "9": [[9, 0.8618871292092087], [13, 0.8438537629737348], [49, 0.8375269575969345], [51, 0.8226446278548357], [5, 0.8151416355784837]], "10": null, "11": [[13, 0.8954673217214257], [49, 0.8122048735302794], [5, 0.7904963571965516], [51, 0.7850450848631398], [40, 0.7640162450067913]]}