{"0": null, "1": [[9, 0.8325580684900283], [13, 0.8101091016255515], [15, 0.8083900192689861], [49, 0.8040352973186328], [51, 0.7952159400433503]], "2": [[13, 0.9633440465158026], [49, 0.9398977748588532], [5, 0.9147762976767821], [40, 0.8841330457876506], [15, 0.8746716767656924]], "3": [[13, 0.9130816236208364], [49, 0.8361214735053394], [5, 0.8137737171003854], [51, 0.7971404465891098], [40, 0.7865138579881712]], "4": null, "5": [[13, 0.9686950648483929], [49, 0.9326082869155236], [5, 0.9076816423098621], [40, 0.8772760477715248], [15, 0.867888057511872]], "6": [[13, 0.7384596932872397], [51, 0.6677331280698949], [34, 0.6530655489319216], [49, 0.6215542713333454], [5, 0.6049414418721157]]}