{"0": [[13, 0.9582183240017653], [49, 0.9510340687309481], [5, 0.9256149419960386], [40, 0.8946086163053064], [15, 0.8850351451072612]], "1": [[13, 0.9657852288895813], [49, 0.9232166725198223], [5, 0.8985410458791516], [40, 0.8684416437941544], [15, 0.8591481931024064]], "2": null, "3": null, "4": null}