{"0": [[51, 0.7946221219432505], [13, 0.7657764852121121], [9, 0.7410467312790019], [49, 0.6935696458243445], [5, 0.6750319979036759]], "1": [[13, 0.8570565239015463], [49, 0.850630730640243], [5, 0.8278951725170669], [40, 0.8001622717262769], [15, 0.7915994987744907]], "2": [[13, 0.9444262826471492], [49, 0.9373454333990674], [5, 0.9122921748993446], [40, 0.8817321363599532], [15, 0.8722964601793517]], "3": [[51, 0.7995028568246287], [13, 0.7714281030499618], [9, 0.7508169008575568], [49, 0.702713864087809], [5, 0.6839318105768749]], "4": [[8, 0.7588970764966336], [35, 0.5322410966173304]], "5": null, "6": [[8, 0.6311750020733599]]}