{"0": [[13, 0.9695898007798739], [49, 0.9386888786543062], [5, 0.9135997127078083], [40, 0.8829958741590364], [15, 0.8735466743467585]], "1": null, "2": [[13, 0.9582183240017653], [49, 0.9510340687309481], [5, 0.9256149419960386], [40, 0.8946086163053064], [15, 0.8850351451072612]], "3": [[11, 0.6038576879954624]]}