{"0": [[13, 0.9657232439100196], [49, 0.9230527908487886], [5, 0.8983815444181465], [40, 0.8682874853262491], [15, 0.8589956843298264]], "1": null, "2": [[13, 0.9582183240017653], [49, 0.9510340687309481], [5, 0.9256149419960386], [40, 0.8946086163053064], [15, 0.8850351451072612]], "3": [[13, 0.9356744672597149], [49, 0.8962367002811059], [5, 0.8722821911652315], [9, 0.8649799712340505], [51, 0.8604201073790873]], "4": [[13, 0.9582183240017653], [49, 0.9510340687309481], [5, 0.9256149419960386], [40, 0.8946086163053064], [15, 0.8850351451072612]], "5": [[13, 0.9582183240017653], [49, 0.9510340687309481], [5, 0.9256149419960386], [40, 0.8946086163053064], [15, 0.8850351451072612]], "6": [[13, 0.9582183240017653], [49, 0.9510340687309481], [5, 0.9256149419960386], [40, 0.8946086163053064], [15, 0.8850351451072612]], "7": [[15, 0.8735133765991133], [13, 0.8451546735470021], [49, 0.8077354962757504], [34, 0.8018177265428718], [5, 0.786146436931624]], "8": [[15, 0.887587774558297], [13, 0.8198277384383552], [49, 0.8136810685161601], [5, 0.7919330966164697], [16, 0.7911570361623494]], "9": [[13, 0.9582183240017653], [49, 0.9510340687309481], [5, 0.9256149419960386], [40, 0.8946086163053064], [15, 0.8850351451072612]]}