{"0": [[51, 0.7860731464933844], [13, 0.7528498843391002], [9, 0.7274986949124309], [49, 0.6775409020725451], [5, 0.6594316685296832]], "1": null, "2": [[15, 0.7525981387848231], [47, 0.7205958330908849], [34, 0.696514876851662], [9, 0.6468411591325416], [16, 0.6405935309379108]], "3": [[13, 0.9243127036243931], [49, 0.9173826562160275], [5, 0.8928629604769676], [9, 0.8726675556652844], [40, 0.862953763365218]], "4": [[13, 0.9582183240017653], [49, 0.9510340687309481], [5, 0.9256149419960386], [40, 0.8946086163053064], [15, 0.8850351451072612]], "5": null, "6": [[13, 0.9582183240017653], [49, 0.9510340687309481], [5, 0.9256149419960386], [40, 0.8946086163053064], [15, 0.8850351451072612]], "7": [[8, 0.7652670608748995], [35, 0.5276410752674809]], "8": [[13, 0.9582183240017653], [49, 0.9510340687309481], [5, 0.9256149419960386], [40, 0.8946086163053064], [15, 0.8850351451072612]], "9": [[13, 0.9582183240017653], [49, 0.9510340687309481], [5, 0.9256149419960386], [40, 0.8946086163053064], [15, 0.8850351451072612]], "10": null, "11": null}