{"0": [[8, 0.6311750020733599]], "1": null, "2": [[8, 0.6311750020733599]], "3": [[13, 0.876496228312802], [49, 0.8699246855960964], [5, 0.8466734409140836], [40, 0.8183115041393125], [15, 0.8095545108876031]], "4": null, "5": [[8, 0.7021894703781926], [35, 0.5156346700396626]], "6": null, "7": [[13, 0.8588044510010783], [51, 0.8419585426056685], [9, 0.8153614493082317], [49, 0.8013286404538171], [5, 0.7799108227985688]], "8": [[13, 0.932565389964104], [49, 0.8641206291965714], [5, 0.8410245146513715], [40, 0.8128518060745885], [51, 0.8098686224436109]], "9": null, "10": [[34, 0.7809587736737191], [15, 0.7565321971334831], [13, 0.7077293439044571], [47, 0.6992542582044858], [49, 0.6569916725696417]], "11": null, "12": [[9, 0.6939871417094672], [13, 0.6854400984034376], [49, 0.6803010016898421], [5, 0.6621179965290331], [51, 0.6617182257047791]], "13": null}