{"0": null, "1": [[13, 0.9448509779498965], [49, 0.883187009835692], [5, 0.8595812913112273], [40, 0.8307869662989479], [15, 0.8218964694396376]], "2": null, "3": [[13, 0.9693189206588372], [49, 0.9359412757182948], [5, 0.9109255473799162], [40, 0.8804112882419182], [15, 0.8709897468473946]], "4": null, "5": [[13, 0.9582183240017653], [49, 0.9510340687309481], [5, 0.9256149419960386], [40, 0.8946086163053064], [15, 0.8850351451072612]], "6": [[13, 0.8811206887183145], [9, 0.8771116805951238], [49, 0.8745144740451133], [5, 0.8511405540372547], [51, 0.8346639321692431]], "7": [[13, 0.9582183240017653], [49, 0.9510340687309481], [5, 0.9256149419960386], [40, 0.8946086163053064], [15, 0.8850351451072612]], "8": null, "9": [[13, 0.9582183240017653], [49, 0.9510340687309481], [5, 0.9256149419960386], [40, 0.8946086163053064], [15, 0.8850351451072612]], "10": [[13, 0.9511534144417838], [49, 0.9440221284290915], [5, 0.9187904160098734], [40, 0.8880126988536531], [9, 0.8787746428473213]]}