{"0": null, "1": [[13, 0.942982596798356], [49, 0.880183191726898], [5, 0.8566577588995564], [40, 0.8279613666171963], [15, 0.8191011073351655]], "2": [[9, 0.8605070684036915], [13, 0.8408732498184749], [49, 0.8345687908806947], [51, 0.8215104435822629], [5, 0.8122625343943163]], "3": [[13, 0.9215080759706407], [49, 0.9145990562972905], [5, 0.8901537602894706], [9, 0.8682073856314945], [40, 0.8603353161891123]], "4": [[13, 0.6915823375242377], [49, 0.6375704017544794], [5, 0.6205294950430615], [51, 0.6019630558506879], [40, 0.5997429468240797]], "5": null, "6": null}