{"0": [[13, 0.9684230542761804], [49, 0.931471226355329], [5, 0.9065749729705871], [40, 0.8762064497330776], [15, 0.8668299055581461]], "1": [[13, 0.9582183240017653], [49, 0.9510340687309481], [5, 0.9256149419960386], [40, 0.8946086163053064], [15, 0.8850351451072612]], "2": [[13, 0.9582183240017653], [49, 0.9510340687309481], [5, 0.9256149419960386], [40, 0.8946086163053064], [15, 0.8850351451072612]], "3": null, "4": [[13, 0.9472789667831982], [49, 0.9401767294959534], [5, 0.9150477964471507], [40, 0.8843954498698107], [15, 0.8749312727842176]], "5": [[13, 0.9356868338679513], [49, 0.868828889976629], [5, 0.8456069335910533], [40, 0.8172807227665767], [51, 0.8118139462790801]], "6": null, "7": [[13, 0.7869168832526314], [15, 0.7779219128384498], [51, 0.7742396452009735], [34, 0.7512916591325778], [9, 0.7465344772163672]], "8": [[13, 0.9582183240017653], [49, 0.9510340687309481], [5, 0.9256149419960386], [40, 0.8946086163053064], [15, 0.8850351451072612]]}