{"0": null, "1": [[13, 0.9582183240017653], [49, 0.9510340687309481], [5, 0.9256149419960386], [40, 0.8946086163053064], [15, 0.8850351451072612]], "2": [[13, 0.9458299763057887], [49, 0.907683742973123], [5, 0.8834232786464994], [40, 0.8538302927754859], [15, 0.8446932024692654]], "3": [[8, 0.6311750020733599]], "4": [[8, 0.7649118221476139], [35, 0.5222180490908909]], "5": [[15, 0.8977835473554747], [13, 0.8417133391982131], [49, 0.8354025816785722], [5, 0.8130740397298128], [16, 0.806444710616006]], "6": null, "7": null}