{"0": null, "1": [[15, 0.7444308765711596], [47, 0.7242023132229691], [34, 0.7001870615884558], [54, 0.6329471323373435], [16, 0.6281405343740438]], "2": null, "3": null, "4": null, "5": null, "6": null, "7": [[13, 0.9445184404351797], [49, 0.9374369002327948], [15, 0.9148154987316146], [5, 0.9123811970182978], [40, 0.8818181764086214]], "8": [[11, 0.6038576879954624]], "9": [[13, 0.9185722057569311], [49, 0.8881551774028333], [5, 0.864416670279956], [40, 0.8354603693440606], [15, 0.8265198610175748]]}