{"0": [[13, 0.9582183240017653], [49, 0.9510340687309481], [5, 0.9256149419960386], [40, 0.8946086163053064], [15, 0.8850351451072612]], "1": [[13, 0.9582183240017653], [49, 0.9510340687309481], [5, 0.9256149419960386], [40, 0.8946086163053064], [15, 0.8850351451072612]], "2": [[13, 0.8562440032202712], [9, 0.845995403596126], [51, 0.8429710496334593], [49, 0.8218629643221862], [5, 0.799896307673691]], "3": [[13, 0.9352057647578393], [49, 0.8680980858059845], [5, 0.8448956622683295], [40, 0.8165932776693018], [51, 0.8115163207974304]], "4": null, "5": [[11, 0.6038576879954624]], "6": [[13, 0.9687768900254502], [49, 0.9329749649992679], [5, 0.9080385198649104], [40, 0.8776209706127913], [15, 0.8682292892318748]], "7": [[13, 0.9582183240017653], [49, 0.9510340687309481], [5, 0.9256149419960386], [40, 0.8946086163053064], [15, 0.8850351451072612]], "8": [[9, 0.8677435252056196], [13, 0.8570565239015462], [49, 0.8506307306402429], [5, 0.8278951725170668], [51, 0.8273953094454569]], "9": null, "10": [[8, 0.6311750020733599]]}