{"0": [[13, 0.9696041334256196], [49, 0.9390237751837822], [5, 0.9139256581622326], [40, 0.8833109010657377], [15, 0.8738583300574274]], "1": [[13, 0.9582183240017653], [49, 0.9510340687309481], [5, 0.9256149419960386], [40, 0.8946086163053064], [15, 0.8850351451072612]], "2": [[13, 0.8227030656970727], [49, 0.7656973028513766], [51, 0.7611540846243718], [5, 0.7452318353968518], [9, 0.7358989469899792]], "3": [[51, 0.7071903296146471], [13, 0.6732037415273564], [9, 0.6037695494154274], [34, 0.5951713200787707], [49, 0.5667382533643521]], "4": [[13, 0.8999551574185521], [49, 0.8932077310531474], [5, 0.8693341798705513], [40, 0.840213151792693], [15, 0.8312217825365746]], "5": [[13, 0.9582183240017653], [49, 0.9510340687309481], [5, 0.9256149419960386], [40, 0.8946086163053064], [15, 0.8850351451072612]], "6": [[15, 0.9042270967821493], [13, 0.8570565239015463], [49, 0.850630730640243], [5, 0.8278951725170669], [16, 0.8168580050963417]]}