{"0": null, "1": null, "2": null, "3": null, "4": [[8, 0.6311750020733599]], "5": [[9, 0.70917526962771], [13, 0.6830880321577241], [51, 0.67814961608929], [49, 0.677966570093665], [5, 0.6598459593459988]]}