{"0": [[13, 0.9319582454308862], [49, 0.9249708754660158], [5, 0.9002483626953166], [40, 0.870091768770757], [15, 0.860780659603952]], "1": null, "2": [[8, 0.7652073405935684], [35, 0.5278604175386885]], "3": [[13, 0.8957722845804091], [49, 0.8403388125050314], [5, 0.8178783355593082], [40, 0.7904809795993238], [15, 0.7820218090158225]], "4": null, "5": null, "6": null, "7": [[13, 0.9582183240017653], [49, 0.9510340687309481], [5, 0.9256149419960386], [40, 0.8946086163053064], [15, 0.8850351451072612]], "8": [[13, 0.9582183240017653], [49, 0.9510340687309481], [5, 0.9256149419960386], [40, 0.8946086163053064], [15, 0.8850351451072612]], "9": null, "10": null, "11": null, "12": null, "13": null, "14": [[13, 0.780208984212785], [51, 0.7795152241639076], [9, 0.7487240519916265], [49, 0.7235685184807871], [5, 0.7042290642200195]], "15": [[13, 0.9696192788732699], [49, 0.9398774618859593], [5, 0.9147565276266388], [40, 0.884113937996278], [15, 0.8746527734524424]]}