{"0": [[13, 0.9275458797675358], [49, 0.9205915915758685], [15, 0.9199149136253963], [5, 0.8959861277899236], [40, 0.8659723105618616]], "1": [[15, 0.9042270967821491], [13, 0.8570565239015462], [49, 0.8506307306402429], [5, 0.8278951725170668], [16, 0.8168580050963415]], "2": null, "3": [[8, 0.7621974411465375], [35, 0.531300995405907]], "4": [[13, 0.9545329999221972], [49, 0.9473763754201517], [5, 0.9220550110818603], [15, 0.90369773377948], [40, 0.8911679362505875]], "5": [[13, 0.9582183240017653], [49, 0.9510340687309481], [5, 0.9256149419960386], [40, 0.8946086163053064], [15, 0.8850351451072612]]}