{"0": null, "1": [[13, 0.9582183240017653], [49, 0.9510340687309481], [5, 0.9256149419960386], [40, 0.8946086163053064], [15, 0.8850351451072612]], "2": null, "3": null, "4": [[13, 0.9582183240017653], [49, 0.9510340687309481], [5, 0.9256149419960386], [40, 0.8946086163053064], [15, 0.8850351451072612]], "5": [[13, 0.9296083205321423], [49, 0.9226385691620294], [15, 0.9196910993878874], [5, 0.8979783939999132], [40, 0.8678978396739859]], "6": null}