{"0": [[13, 0.9280466635761403], [49, 0.9210886207508718], [15, 0.9015032912995229], [5, 0.8964698724275947], [9, 0.8704021333271565]], "1": [[15, 0.8888064608883084], [13, 0.8223314259364222], [49, 0.8161659845822329], [5, 0.7943515961381874], [16, 0.7929285271216201]], "2": [[13, 0.968925121422266], [49, 0.9336773892185127], [5, 0.9087221697722374], [40, 0.8782817195591214], [15, 0.8688829673084507]], "3": [[13, 0.966883641878424], [49, 0.9481153499109292], [5, 0.9227742343493612], [40, 0.8918630669177375], [15, 0.8823189766551155]], "4": null, "5": null, "6": null, "7": null, "8": [[15, 0.9042270967821491], [13, 0.8570565239015462], [49, 0.8506307306402429], [5, 0.8278951725170668], [16, 0.8168580050963415]], "9": [[13, 0.9213048084997059], [49, 0.8849719440544077], [15, 0.8821448044319734], [5, 0.8613185180180769], [40, 0.8324659992422493]], "10": [[13, 0.9582183240017653], [49, 0.9510340687309481], [5, 0.9256149419960386], [40, 0.8946086163053064], [15, 0.8850351451072612]]}