{"0": [[13, 0.9582183240017653], [49, 0.9510340687309481], [5, 0.9256149419960386], [40, 0.8946086163053064], [15, 0.8850351451072612]], "1": null, "2": null, "3": [[13, 0.8429603133098975], [49, 0.8366402065844336], [5, 0.8142785855427513], [40, 0.787001814305803], [15, 0.7785798752983492]], "4": null, "5": null, "6": null, "7": null, "8": [[15, 0.8835387484046932], [13, 0.8116823371966948], [49, 0.8055967375341028], [16, 0.7853573544382586], [5, 0.784064842682077]], "9": [[13, 0.9395479132363926], [49, 0.9003734198092015], [5, 0.876308344940313], [9, 0.8653339238207642], [51, 0.8599578326856347]]}