{"0": [[13, 0.9410305250421929], [49, 0.9339751355341941], [15, 0.9166461420023201], [5, 0.9090119579594121], [40, 0.8785618003976944]], "1": [[13, 0.8367572588250429], [15, 0.8225600396897791], [34, 0.7939181315376238], [49, 0.7771776050055014], [51, 0.7768482118096453]], "2": [[34, 0.7478361598633924], [15, 0.7101335422008417], [51, 0.7018228618142973], [13, 0.687092571420772], [9, 0.6617784288546705]], "3": [[13, 0.9695234884214429], [49, 0.9418028547017305], [5, 0.9166304587696815], [40, 0.8859250960392908], [15, 0.8764445497579625]], "4": [[13, 0.9582183240017653], [49, 0.9510340687309481], [5, 0.9256149419960386], [40, 0.8946086163053064], [15, 0.8850351451072612]], "5": [[13, 0.9518069297053693], [49, 0.9165162985385583], [15, 0.8997996272538907], [5, 0.8920197587056067], [40, 0.8621388072363587]], "6": [[8, 0.6421575588171281], [32, 0.5072189029984814]], "7": [[13, 0.8413652659541161], [51, 0.8302991923318339], [9, 0.7896083195335815], [49, 0.774036431565776], [5, 0.753348076859764]], "8": [[13, 0.9582183240017653], [49, 0.9510340687309481], [5, 0.9256149419960386], [40, 0.8946086163053064], [15, 0.8850351451072612]], "9": [[13, 0.9688448668850846], [49, 0.9449115475991673], [5, 0.9196560628889788], [40, 0.8888493482221859], [15, 0.8793375086540073]]}