{"0": [[13, 0.9496482230764517], [49, 0.942528222257049], [5, 0.9173364387862943], [15, 0.9107267779533581], [40, 0.8866074270790634]], "1": [[13, 0.9582183240017653], [49, 0.9510340687309481], [5, 0.9256149419960386], [40, 0.8946086163053064], [15, 0.8850351451072612]], "2": null, "3": null}