{"0": null, "1": null, "2": [[13, 0.8821148194651853], [49, 0.8755011512828212], [15, 0.8727042671432644], [5, 0.8521008594817994], [9, 0.8414296000760481]], "3": null, "4": [[13, 0.9582183240017653], [49, 0.9510340687309481], [5, 0.9256149419960386], [40, 0.8946086163053064], [15, 0.8850351451072612]], "5": null, "6": [[13, 0.9582183240017653], [49, 0.9510340687309481], [5, 0.9256149419960386], [40, 0.8946086163053064], [15, 0.8850351451072612]], "7": [[47, 0.6937571834586231], [34, 0.6721565274400172], [15, 0.623098646470159], [54, 0.5796413714106987]], "8": [[8, 0.6311750020733599]], "9": [[13, 0.9601467167129886], [49, 0.9384385001775822], [5, 0.9133560263175623], [40, 0.8827603507955951], [9, 0.8754424310029536]]}