{"0": [[15, 0.893405144455422], [13, 0.8320319481324997], [49, 0.825793776977626], [5, 0.8037220580307917], [16, 0.7997389648734575]], "1": null, "2": [[8, 0.7381907207492717]], "3": [[13, 0.9405609256044257], [49, 0.9335090569247719], [5, 0.9085583366442457], [9, 0.8849847238599373], [40, 0.8781233745267674]], "4": null, "5": [[8, 0.6631044224547413]], "6": null, "7": [[13, 0.8737611462408633], [49, 0.8132746172540745], [5, 0.791537508935913], [40, 0.765022520159292], [51, 0.7572658932245858]], "8": null, "9": null, "10": null, "11": [[13, 0.969617493869612], [49, 0.9401300965687187], [5, 0.9150024099193105], [40, 0.8843515837036244], [15, 0.8748878760428399]], "12": [[13, 0.8731685917233185], [49, 0.8666219980084306], [5, 0.8434590271718214], [9, 0.8401859475871234], [40, 0.8152047670937796]], "13": null}