{"0": null, "1": [[15, 0.9042270967821493], [13, 0.8570565239015463], [49, 0.850630730640243], [5, 0.8278951725170669], [16, 0.8168580050963417]], "2": [[13, 0.9582183240017653], [49, 0.9510340687309481], [5, 0.9256149419960386], [40, 0.8946086163053064], [15, 0.8850351451072612]], "3": [[13, 0.836865785458052], [49, 0.7694407713294266], [5, 0.7488752488897016], [51, 0.7292909187432582], [40, 0.7237893640197688]], "4": [[13, 0.8228960646277423], [49, 0.8167263898870768], [5, 0.7948970229959544], [40, 0.7682694969401883], [15, 0.7600480179970618]], "5": null, "6": [[13, 0.8429597526576202], [51, 0.7471710586044966], [49, 0.7452239009904228], [5, 0.7253056442128959], [40, 0.7010092959049322]], "7": [[8, 0.6311750020733599]]}