{"0": [[51, 0.7812389362697033], [13, 0.742808088457392], [9, 0.7223378055958475], [49, 0.667913655496239], [5, 0.6500617378675777]], "1": [[13, 0.9501802902015256], [49, 0.9430563002014196], [5, 0.9178504023254767], [40, 0.8871041738252078], [9, 0.8797102397286278]], "2": [[15, 0.9091936768354032], [13, 0.8702518932527723], [49, 0.8637271675254147], [5, 0.8406415693774852], [16, 0.8255651607898803]], "3": [[34, 0.7936516991876877], [47, 0.6898857253012731], [15, 0.6742393949631658], [54, 0.5926015877227322], [13, 0.5800950737826984]], "4": [[13, 0.9588515763278559], [49, 0.9078038195982454], [5, 0.8835401458777081], [40, 0.853943245178542], [15, 0.8448049461352741]], "5": [[15, 0.8874111861965215], [13, 0.8775528929506085], [49, 0.870973427876019], [5, 0.8476941525336943], [9, 0.844260308154875]], "6": [[9, 0.846982854551108], [13, 0.8134879445520926], [51, 0.8101909645091481], [49, 0.8073888073231287], [5, 0.7858090142405528]], "7": [[51, 0.8216710514762735], [13, 0.8105019792897165], [9, 0.7866666378298739], [49, 0.749892202735294], [5, 0.7298491721377839]], "8": null, "9": [[8, 0.6311750020733599]], "10": [[8, 0.7627110101140326], [35, 0.5310240461858429]]}