{"0": null, "1": [[8, 0.764667495591258], [35, 0.5291124178086778]], "2": [[13, 0.9582183240017653], [49, 0.9510340687309481], [5, 0.9256149419960386], [40, 0.8946086163053064], [15, 0.8850351451072612]], "3": null, "4": null, "5": [[8, 0.6311750020733599]], "6": null, "7": null, "8": [[8, 0.6311750020733599]], "9": [[13, 0.9582183240017653], [49, 0.9510340687309481], [5, 0.9256149419960386], [40, 0.8946086163053064], [15, 0.8850351451072612]]}