{"0": [[13, 0.9331384210474085], [49, 0.9261422026993658], [15, 0.9191127273029835], [5, 0.9013883828321371], [40, 0.871193600418982]], "1": [[13, 0.952893912515296], [49, 0.9457495770939822], [5, 0.9204716936300197], [15, 0.9066294890909259], [40, 0.8896376568973733]], "2": [[13, 0.9481451071679281], [49, 0.9410363759810485], [5, 0.915884466402098], [15, 0.9014848237869737], [40, 0.8852040929855813]], "3": [[9, 0.8455531318831463], [13, 0.8280144231409422], [49, 0.8218063734358189], [51, 0.8070371552735127], [5, 0.7998412293418787]], "4": [[8, 0.6311750020733599]], "5": [[34, 0.7644929401082241], [47, 0.6934544911758178], [15, 0.6514970270752067], [54, 0.5878895384508334], [13, 0.5220573937458792]], "6": [[13, 0.9582183240017653], [49, 0.9510340687309481], [5, 0.9256149419960386], [40, 0.8946086163053064], [15, 0.8850351451072612]], "7": null}