{"0": null, "1": null, "2": [[9, 0.8677435252056196], [13, 0.8570565239015462], [49, 0.8506307306402429], [5, 0.8278951725170668], [51, 0.8273953094454569]], "3": [[15, 0.9199260714867639], [13, 0.9153539160294136], [49, 0.9084910372561985], [5, 0.8842089956629253], [40, 0.8545896897784734]], "4": null, "5": null}