{"0": [[13, 0.9296083205321423], [49, 0.9226385691620294], [5, 0.8979783939999132], [9, 0.8867325886747541], [40, 0.8678978396739859]], "1": [[13, 0.9215935743434581], [15, 0.9201695875964951], [49, 0.9146839136448635], [5, 0.8902363495798378], [40, 0.8604151388966171]], "2": [[13, 0.8401417898136708], [51, 0.7450858332287367], [49, 0.7417539990814008], [5, 0.7219284854339921], [40, 0.6977452654694216]], "3": [[13, 0.9522816751991824], [49, 0.9451419300356994], [5, 0.9198802876908433], [15, 0.9075423320894483], [40, 0.8890660619231389]], "4": [[9, 0.8677435252056196], [13, 0.8570565239015462], [49, 0.8506307306402429], [5, 0.8278951725170668], [51, 0.8273953094454569]], "5": [[34, 0.8220771251249355], [15, 0.8156106626249149], [13, 0.8153032855101914], [49, 0.7502759167918622], [5, 0.730222630330178]]}