{"0": [[13, 0.9517382107830029], [49, 0.9220387321813717], [15, 0.9061874015345927], [5, 0.8973945893915257], [40, 0.8673335914005343]], "1": [[13, 0.9482026951664321], [49, 0.8886991380776812], [5, 0.8649460920378634], [40, 0.8359720564882441], [15, 0.827026072446403]], "2": [[13, 0.911439038184671], [49, 0.8801746857726788], [15, 0.87971790014716], [5, 0.8566494802914812], [9, 0.8480212963874919]], "3": [[13, 0.7318816706940832], [51, 0.6569453440572249], [34, 0.6278773327299313], [49, 0.6274994712242128], [5, 0.6107277391595337]], "4": null, "5": null, "6": [[13, 0.9582183240017653], [49, 0.9510340687309481], [5, 0.9256149419960386], [40, 0.8946086163053064], [15, 0.8850351451072612]], "7": [[15, 0.8875882891913314], [13, 0.840227169133514], [49, 0.8339275541946954], [5, 0.8116384366070425], [16, 0.8013005465680585]], "8": [[15, 0.9042270967821491], [13, 0.8570565239015462], [49, 0.8506307306402429], [5, 0.8278951725170668], [16, 0.8168580050963415]]}