{"0": [[13, 0.9536237971405143], [49, 0.9259143583030841], [5, 0.9011666282340818], [40, 0.8709792741747472], [15, 0.8616586675503185]], "1": [[51, 0.7314963550121615], [9, 0.7045876734613419], [13, 0.6646737631451639], [49, 0.6190440951835897], [52, 0.6183143228157431]], "2": null, "3": null, "4": null, "5": [[13, 0.8997979639929483], [49, 0.8930517161874482], [15, 0.8923056032581387], [5, 0.8691823349518331], [9, 0.8601758785720558]], "6": [[13, 0.7870851844720484], [49, 0.7122356803263881], [5, 0.6931991288309202], [51, 0.6907294885728069], [40, 0.6699782872240274]], "7": [[13, 0.9283361337932744], [49, 0.9213759206610089], [15, 0.9015608466162784], [5, 0.8967494934195239], [40, 0.8667101049066235]], "8": [[13, 0.9680449791540556], [49, 0.9300426988579638], [5, 0.9051846269881578], [40, 0.8748626776750721], [15, 0.8655005136020751]], "9": null, "10": null, "11": null, "12": null}