{"0": null, "1": null, "2": [[13, 0.9681613206954642], [49, 0.9304671567476901], [5, 0.9055977400173294], [40, 0.8752619522099104], [15, 0.8658955153821135]], "3": [[13, 0.9582183240017653], [49, 0.9510340687309481], [5, 0.9256149419960386], [40, 0.8946086163053064], [15, 0.8850351451072612]]}