{"0": [[13, 0.8770116831093431], [51, 0.8330189960307606], [49, 0.803668480105742], [9, 0.7884655207438932], [5, 0.782188123491473]], "1": null, "2": [[11, 0.6038576879954624]], "3": null, "4": [[13, 0.9694755527247145], [49, 0.9372085526136148], [5, 0.9121589526474266], [40, 0.8816033767980209], [15, 0.8721690785115456]], "5": null, "6": [[13, 0.9286566866136744], [49, 0.9216940701321598], [5, 0.8970591394290285], [40, 0.8670093783685556], [15, 0.8577312547724223]], "7": null, "8": null, "9": null, "10": [[13, 0.8142895882783762], [49, 0.7502566002412615], [5, 0.7302038300700698], [51, 0.7089536938099054], [40, 0.7057434019281595]]}