{"0": [[13, 0.92669842661386], [15, 0.9199850486197847], [49, 0.9197504922140516], [5, 0.8951675092329251], [40, 0.8651811141568219]], "1": [[13, 0.9420227552327028], [49, 0.9349599264649889], [5, 0.9099704275140331], [15, 0.9049933925851938], [40, 0.8794881630601004]], "2": [[34, 0.8178359006640232], [15, 0.7933681362581182], [47, 0.7397472682101163], [13, 0.7327001067017093], [16, 0.6848694930601361]], "3": [[13, 0.9122540245074778], [15, 0.906670732714411], [49, 0.8826294583227275], [5, 0.859038641969526], [16, 0.8339449012230504]], "4": [[13, 0.8461447782859486], [51, 0.8135491732491509], [9, 0.7968736959837667], [49, 0.7961113726947159], [5, 0.7748330015585134]], "5": [[34, 0.7882862148036561], [13, 0.7287727625628242], [15, 0.6775916464022442], [51, 0.6531315192103712], [49, 0.6272614735256467]], "6": null, "7": [[15, 0.8737691311357904], [13, 0.8616831784607378], [49, 0.855222696792241], [9, 0.8409149368769857], [5, 0.8323644051378302]], "8": [[13, 0.9495914231556204], [49, 0.9424718481944176], [5, 0.9172815714829786], [40, 0.8865543977252006], [15, 0.877067117100546]], "9": [[13, 0.9582183240017653], [49, 0.9510340687309481], [5, 0.9256149419960386], [40, 0.8946086163053064], [15, 0.8850351451072612]], "10": [[11, 0.6038576879954624]], "11": null, "12": [[15, 0.9168047431193025], [13, 0.9135571917748697], [49, 0.9067077839668538], [5, 0.8824734049577642], [40, 0.852912238033941]]}