{"0": [[13, 0.9582183240017653], [49, 0.9510340687309481], [5, 0.9256149419960386], [40, 0.8946086163053064], [15, 0.8850351451072612]], "1": [[8, 0.7654448496666617], [35, 0.5265801855995742]], "2": [[8, 0.6311750020733599]], "3": [[13, 0.9582183240017653], [49, 0.9510340687309481], [5, 0.9256149419960386], [40, 0.8946086163053064], [15, 0.8850351451072612]], "4": [[13, 0.7655762261008939], [51, 0.7576729278701622], [9, 0.7236274721873559], [15, 0.7080036160803035], [49, 0.7067091299166329]], "5": [[13, 0.9415831835447253], [49, 0.8779616534085751], [5, 0.8544955975961236], [40, 0.8258716335714854], [15, 0.8170337371403819]], "6": [[13, 0.8894666802476839], [49, 0.8827978913863952], [5, 0.8592025731740778], [40, 0.8304209344932012], [15, 0.8215343546484221]], "7": [[13, 0.9582183240017653], [49, 0.9510340687309481], [5, 0.9256149419960386], [40, 0.8946086163053064], [15, 0.8850351451072612]]}