{"0": [[13, 0.8278455812334993], [49, 0.7589367601641731], [5, 0.738651987699463], [51, 0.7223619970213314], [40, 0.7139085624763055]], "1": [[13, 0.9685087321953892], [49, 0.931817513626476], [5, 0.9069120047162789], [40, 0.8765321915615468], [15, 0.8671521615270383]], "2": [[13, 0.9447649152317209], [49, 0.9376815270811055], [5, 0.9126192855089782], [40, 0.8820482893913986], [15, 0.8726092299637709]], "3": null, "4": [[13, 0.9582183240017653], [49, 0.9510340687309481], [5, 0.9256149419960386], [40, 0.8946086163053064], [15, 0.8850351451072612]], "5": [[13, 0.9582183240017653], [49, 0.9510340687309481], [5, 0.9256149419960386], [40, 0.8946086163053064], [15, 0.8850351451072612]], "6": [[15, 0.7243479640250907], [13, 0.7146233739529777], [49, 0.6814135962847414], [5, 0.6632008538264557], [34, 0.6578424703525405]], "7": [[13, 0.9254201727948642], [49, 0.9184818221209213], [5, 0.8939327480048317], [9, 0.8867688413318271], [40, 0.8639877150622156]]}