{"0": null, "1": null, "2": null, "3": [[8, 0.6311750020733599]], "4": [[8, 0.7615275076083613], [35, 0.5315917377441456]], "5": [[13, 0.9582183240017653], [49, 0.9510340687309481], [5, 0.9256149419960386], [40, 0.8946086163053064], [15, 0.8850351451072612]], "6": null, "7": [[13, 0.8789514528914398], [9, 0.8763498021205746], [49, 0.8723615020941555], [5, 0.8490451264673843], [51, 0.834096638183742]], "8": null, "9": null, "10": [[8, 0.6311750020733599]], "11": null, "12": [[13, 0.9582183240017653], [49, 0.9510340687309481], [5, 0.9256149419960386], [40, 0.8946086163053064], [15, 0.8850351451072612]], "13": [[13, 0.9582183240017653], [49, 0.9510340687309481], [5, 0.9256149419960386], [40, 0.8946086163053064], [15, 0.8850351451072612]], "14": [[13, 0.9435191355113505], [49, 0.9364450876115924], [15, 0.915401353842081], [5, 0.9114158934481847], [40, 0.880885208657138]]}