{"0": [[8, 0.6311750020733599]], "1": [[13, 0.9582183240017653], [49, 0.9510340687309481], [5, 0.9256149419960386], [40, 0.8946086163053064], [15, 0.8850351451072612]], "2": [[11, 0.6038576879954624]], "3": [[13, 0.9582183240017653], [49, 0.9510340687309481], [5, 0.9256149419960386], [40, 0.8946086163053064], [15, 0.8850351451072612]], "4": null, "5": [[13, 0.8693324653754618], [49, 0.8628146330714589], [5, 0.8397534250370887], [40, 0.8116232955250705], [15, 0.8029378747703927]], "6": null, "7": [[13, 0.9351622385245436], [49, 0.8981259757201453], [5, 0.87412097027254], [9, 0.868079879980583], [51, 0.8604645043887545]], "8": [[13, 0.8835975195254833], [49, 0.8769727347787033], [5, 0.8535331106670812], [40, 0.8249413881089978], [15, 0.8161134465095154]], "9": null}