{"0": [[13, 0.9582183240017653], [49, 0.9510340687309481], [5, 0.9256149419960386], [40, 0.8946086163053064], [15, 0.8850351451072612]], "1": [[15, 0.8755223367710638], [13, 0.7962132127546853], [49, 0.7902435930687057], [47, 0.7781031337372748], [16, 0.7742018326341392]], "2": null, "3": [[9, 0.8572863210666938], [13, 0.8340743810485904], [49, 0.8278208967243949], [51, 0.818845881831805], [5, 0.8056949971593848]], "4": [[8, 0.6311750020733599]], "5": [[13, 0.8521225397535761], [49, 0.7920925312271847], [5, 0.7709215752130577], [40, 0.7450971806851109], [51, 0.7389512552023677]], "6": [[13, 0.8395982680976936], [51, 0.8343985313127027], [9, 0.8040614841821041], [49, 0.7805941093592746], [5, 0.7597304818124673]], "7": [[9, 0.7467022490156442], [51, 0.7218523000873489], [52, 0.6559673668021476], [13, 0.6496479184015943], [49, 0.6447771740575908]], "8": [[8, 0.7586829080248194], [35, 0.5322697702576734]]}