{"0": [[11, 0.6038576879954624]], "1": [[13, 0.9356945962345423], [49, 0.8956765994627619], [5, 0.871737060655685], [9, 0.8641870697206401], [51, 0.8603753350039508]], "2": null}