{"0": [[15, 0.9192577986509395], [13, 0.9090457198664305], [49, 0.9022301368820749], [5, 0.8781154358976369], [16, 0.8492032939113597]], "1": [[8, 0.6093554790181555]], "2": [[13, 0.9296083205321422], [49, 0.9226385691620292], [5, 0.8979783939999131], [9, 0.886732588674754], [40, 0.8678978396739858]], "3": null}