{"0": [[13, 0.9451807324999617], [49, 0.9380942267535686], [5, 0.9130209545931346], [40, 0.882436503331436], [15, 0.8729932895117021]], "1": [[13, 0.9243592586088999], [49, 0.9174288621538876], [5, 0.8929079314279549], [9, 0.886737003582031], [40, 0.862997227875579]], "2": [[15, 0.8770608298448002], [13, 0.7991227849803124], [49, 0.7931313507359237], [47, 0.7779104639997556], [16, 0.776313326043553]], "3": [[13, 0.9466499315080987], [49, 0.8861242648127852], [5, 0.8624400396827525], [40, 0.8335499520816755], [15, 0.8246298876949242]], "4": [[8, 0.6737496807754969]], "5": [[13, 0.9582183240017653], [49, 0.9510340687309481], [5, 0.9256149419960386], [40, 0.8946086163053064], [15, 0.8850351451072612]], "6": [[8, 0.6311750020733599]], "7": [[9, 0.8614755480327133], [13, 0.8429603133098975], [49, 0.8366402065844336], [51, 0.8223068876114281], [5, 0.8142785855427513]], "8": [[13, 0.6758759817406439], [49, 0.6209679438398528], [5, 0.6043707856709093], [51, 0.5891867943978891], [40, 0.5841255232315783]], "9": [[13, 0.9594784453705815], [49, 0.9350718073511779], [5, 0.9100793180610547], [15, 0.905440290425194], [40, 0.8795934059825943]]}