{"0": null, "1": [[13, 0.9417175257257429], [49, 0.8781739258703342], [5, 0.8547021964644907], [40, 0.8260713117739155], [15, 0.8172312785273542]], "2": [[9, 0.7917225613544483], [13, 0.7731227765817732], [49, 0.7673262777635809], [51, 0.7559032728671357], [5, 0.7468172712591916]], "3": [[13, 0.9582183240017653], [49, 0.9510340687309481], [5, 0.9256149419960386], [40, 0.8946086163053064], [15, 0.8850351451072612]], "4": [[13, 0.9582183240017653], [49, 0.9510340687309481], [5, 0.9256149419960386], [40, 0.8946086163053064], [15, 0.8850351451072612]], "5": [[9, 0.860006404549611], [13, 0.8398024406757261], [49, 0.8335060101444532], [51, 0.821097803217347], [5, 0.8112281595365961]]}