{"0": [[13, 0.9582183240017653], [49, 0.9510340687309481], [5, 0.9256149419960386], [40, 0.8946086163053064], [15, 0.8850351451072612]], "1": [[13, 0.8837630629379568], [9, 0.8780140347347848], [49, 0.8771370370271291], [5, 0.8536930214643351], [51, 0.8353276038094629]], "2": [[34, 0.7320984994311326], [47, 0.6615894871328043], [15, 0.6451280166931991], [54, 0.5678635550590079], [51, 0.5580424583015899]], "3": [[13, 0.8207827670127091], [49, 0.8146289367504357], [5, 0.7928556303400615], [40, 0.7662964870238984], [15, 0.7580961218429947]], "4": [[13, 0.9582183240017653], [49, 0.9510340687309481], [5, 0.9256149419960386], [40, 0.8946086163053064], [15, 0.8850351451072612]], "5": null, "6": [[11, 0.6038576879954624]], "7": null}