{"0": [[15, 0.9103684643114421], [13, 0.8736387580323423], [49, 0.867088639238984], [5, 0.8439131960704477], [16, 0.8277568294991807]], "1": [[13, 0.8925921309171354], [49, 0.808390819313785], [5, 0.7867842445725728], [51, 0.7830328743643694], [40, 0.7604284810377419]], "2": null, "3": [[13, 0.9582183240017653], [49, 0.9510340687309481], [5, 0.9256149419960386], [40, 0.8946086163053064], [15, 0.8850351451072612]], "4": [[51, 0.7271557774506372], [9, 0.7027167606716286], [13, 0.6363745019948607], [52, 0.6180570542532606], [49, 0.5949580258835564]], "5": [[13, 0.9384192832508919], [49, 0.9042246761748575], [15, 0.9041565121657338], [5, 0.880056665378786], [40, 0.8505764545967619]]}