{"0": null, "1": [[13, 0.96930411295463], [49, 0.9432534433273814], [5, 0.9180422762331544], [40, 0.8872896203248964], [15, 0.8777944718659128]], "2": [[13, 0.9531574480988002], [49, 0.9224453740450729], [15, 0.9045717577010063], [5, 0.8977903625793204], [40, 0.8677161069454328]], "3": [[15, 0.8930325548808259], [13, 0.8312297058675634], [49, 0.8249975495352787], [5, 0.8029471120618765], [16, 0.7991790735041902]], "4": [[13, 0.9582183240017653], [49, 0.9510340687309481], [5, 0.9256149419960386], [40, 0.8946086163053064], [15, 0.8850351451072612]], "5": null, "6": [[13, 0.966746072116646], [49, 0.9482526950436012], [5, 0.922907908537481], [40, 0.8919922632768753], [15, 0.8824467904458312]], "7": [[13, 0.9426947105995498], [49, 0.9192623923129096], [15, 0.9136272362211355], [5, 0.8946924552085338], [40, 0.864721973531332]], "8": [[9, 0.8331195470910602], [51, 0.7983259687185347], [13, 0.7877455325651922], [49, 0.7818393994297297], [5, 0.7609424879163817]], "9": null}