{"0": [[15, 0.8866366717138204], [13, 0.8178912744763249], [49, 0.8117591232197381], [5, 0.7900625208478844], [16, 0.7897832060325362]], "1": [[15, 0.7431994068620968], [47, 0.6960712343644717], [34, 0.6725568116538805], [9, 0.6494369527583297], [13, 0.6414385830103133]], "2": [[13, 0.9239536093626814], [49, 0.9170262542685597], [5, 0.892516084398834], [9, 0.8867208139743085], [40, 0.8626185069705672]], "3": null}