{"0": null, "1": null, "2": null, "3": [[13, 0.9263599796798373], [49, 0.9194145827906449], [15, 0.9043039213234482], [5, 0.8948405779570798], [9, 0.8669390039695838]], "4": [[15, 0.8902971980161991], [13, 0.8254302570325754], [49, 0.819241582148951], [5, 0.7973449894948731], [16, 0.7951134919573927]], "5": null, "6": [[8, 0.6311750020733599]], "7": null, "8": [[8, 0.6311750020733599]], "9": null, "10": [[8, 0.6311750020733599]], "11": null, "12": [[13, 0.9582183240017653], [49, 0.9510340687309481], [5, 0.9256149419960386], [40, 0.8946086163053064], [15, 0.8850351451072612]], "13": [[8, 0.6311750020733599]]}