{"0": null, "1": null, "2": [[15, 0.8112316690071845], [13, 0.7872496663977455], [49, 0.7813472510258008], [9, 0.7798143977028502], [5, 0.76046349359711]], "3": [[8, 0.6421170120453292], [32, 0.5014055151340716]], "4": [[9, 0.8677435252056197], [13, 0.8570565239015463], [49, 0.850630730640243], [5, 0.8278951725170669], [51, 0.827395309445457]], "5": [[15, 0.896937177526571], [13, 0.8398024406757261], [49, 0.8335060101444532], [5, 0.8112281595365961], [16, 0.8051288457643868]]}