{"0": [[9, 0.7970181633763761], [13, 0.7782939700511886], [49, 0.7724587001377161], [51, 0.7609592900827231], [5, 0.7518125148517514]], "1": [[13, 0.7982496735627397], [51, 0.7083665376004052], [49, 0.7037404874802871], [5, 0.6849309945000633], [40, 0.6619871195391113]], "2": [[13, 0.9093398461777515], [49, 0.8716966971996688], [5, 0.8483980903999275], [9, 0.8466189633703156], [51, 0.8416271872945509]], "3": [[13, 0.926276655744613], [49, 0.919331883577789], [15, 0.9037090051601032], [5, 0.8947600891190587], [40, 0.8647873418355422]], "4": [[9, 0.6962937717827921], [13, 0.6706803843011537], [51, 0.6658316698885265], [49, 0.665651948750238], [5, 0.6478604817534773]], "5": null}