{"0": null, "1": null, "2": null, "3": null, "4": [[15, 0.8918833044149208], [13, 0.8287742642075823], [49, 0.8225605175834465], [5, 0.8005752168134258], [16, 0.7974615740135197]], "5": [[13, 0.9582183240017653], [49, 0.9510340687309481], [5, 0.9256149419960386], [40, 0.8946086163053064], [15, 0.8850351451072612]], "6": [[13, 0.9461897695419307], [49, 0.9390956985262188], [5, 0.9139956591460316], [40, 0.8833785571508064], [15, 0.8739252621347344]], "7": [[13, 0.8870687028543944], [49, 0.8804178928621125], [5, 0.8568861869704328], [40, 0.8281821427857091], [15, 0.8193195209126503]]}