{"0": null, "1": [[13, 0.9695321328205004], [49, 0.9417168408559627], [5, 0.9165467438918671], [40, 0.8858441854493598], [15, 0.8763645050161669]], "2": null, "3": [[13, 0.9436921860672391], [49, 0.9044538429950378], [5, 0.8802797070551498], [40, 0.8507920248046497], [15, 0.8416874479019226]], "4": null}