{"0": null, "1": null, "2": [[13, 0.9308956334820843], [49, 0.9058293416295565], [5, 0.8816184415239418], [40, 0.8520859142357597], [9, 0.846604068846706]], "3": null, "4": null, "5": null, "6": [[11, 0.6038576879954624]], "7": [[13, 0.8568035486901752], [51, 0.8418428130293619], [9, 0.8168265342236912], [49, 0.8007178750753483], [5, 0.7793163818853017]], "8": [[13, 0.9667591004281733], [49, 0.9259185137671176], [5, 0.9011706726313613], [40, 0.870983183092473], [15, 0.8616625346375604]], "9": null}