{"0": null, "1": [[8, 0.6526391646152202]], "2": [[13, 0.9546430304093532], [49, 0.947485580952193], [5, 0.9221612977812852], [15, 0.9034680774352689], [40, 0.8912706625493865]], "3": [[13, 0.9582183240017653], [49, 0.9510340687309481], [5, 0.9256149419960386], [40, 0.8946086163053064], [15, 0.8850351451072612]], "4": [[8, 0.6100374219225164]], "5": [[13, 0.9582183240017653], [49, 0.9510340687309481], [5, 0.9256149419960386], [40, 0.8946086163053064], [15, 0.8850351451072612]], "6": [[13, 0.9644920956868488], [49, 0.9199476853595662], [5, 0.8953594318232388], [40, 0.8653666077083717], [15, 0.8561060638865817]], "7": [[8, 0.6311750020733599]], "8": [[8, 0.6311750020733599]], "9": [[8, 0.6311750020733599]]}