{"0": null, "1": [[15, 0.9149852525536848], [13, 0.8886386854742946], [49, 0.8819761045153868], [5, 0.8584027509259047], [16, 0.8372101337832019]], "2": [[9, 0.8588010108715395], [13, 0.8372459662437588], [49, 0.8309687029152544], [51, 0.8201019079769137], [5, 0.8087586691565986]], "3": [[13, 0.9123066443982589], [49, 0.9054666125866697], [15, 0.9025740005050852], [5, 0.8812654074602515], [9, 0.8599013199099311]], "4": [[13, 0.9506527413024488], [49, 0.9170815946967513], [5, 0.8925699456945697], [9, 0.8709318077361549], [40, 0.8626705640161747]]}