{"0": null, "1": null, "2": [[8, 0.6311750020733599]], "3": null, "4": null, "5": [[9, 0.809752275038159], [51, 0.7779703419907613], [13, 0.747529753822643], [49, 0.7419251390501299], [5, 0.7220950511937653]], "6": null}