{"0": [[13, 0.947707326924672], [49, 0.9132170239243667], [5, 0.8888086667152649], [9, 0.8705027073489608], [40, 0.8590352806704264]], "1": [[8, 0.6160015199315656]], "2": [[13, 0.9685443995166056], [49, 0.9456548021302149], [5, 0.9203794518003371], [40, 0.8895485049921115], [15, 0.8800291835407072]], "3": [[9, 0.8605070684036917], [13, 0.8408732498184749], [49, 0.8345687908806948], [51, 0.821510443582263], [5, 0.8122625343943164]], "4": [[9, 0.7427304474400808], [51, 0.7182797732183139], [52, 0.6526237750662292], [13, 0.643814835749139], [49, 0.6389878250238122]], "5": [[9, 0.8677435252056196], [13, 0.8570565239015462], [49, 0.8506307306402429], [5, 0.8278951725170668], [51, 0.8273953094454569]], "6": [[13, 0.9582183240017653], [49, 0.9510340687309481], [5, 0.9256149419960386], [40, 0.8946086163053064], [15, 0.8850351451072612]]}