{"0": [[13, 0.9582183240017653], [49, 0.9510340687309481], [5, 0.9256149419960386], [40, 0.8946086163053064], [15, 0.8850351451072612]], "1": null, "2": [[13, 0.9425733395233019], [49, 0.9150646948610925], [15, 0.893292012051034], [5, 0.8906069533205044], [9, 0.8626449582225549]], "3": [[13, 0.926775573853515], [49, 0.9198270610411994], [5, 0.8952420315374664], [9, 0.8867864571414373], [40, 0.8652531401070576]], "4": null}