{"0": [[13, 0.9566370780130522], [49, 0.9494646781561259], [5, 0.9240874979079192], [15, 0.8980368222611382], [40, 0.8931323386652659]], "1": null, "2": null, "3": [[9, 0.8720968985635371], [13, 0.8676405515419412], [49, 0.8611354043855417], [5, 0.8381190785779893], [51, 0.8308402759053906]], "4": null, "5": [[13, 0.9582183240017653], [49, 0.9510340687309481], [5, 0.9256149419960386], [40, 0.8946086163053064], [15, 0.8850351451072612]], "6": [[34, 0.6810477946261482], [51, 0.5962180302379179], [13, 0.5882233731146265]], "7": null, "8": [[13, 0.886025043411266], [49, 0.8793820582702391], [5, 0.8558780380437033], [40, 0.8272077649149], [15, 0.8183555701474068]], "9": null, "10": null, "11": [[8, 0.6311750020733599]], "12": [[11, 0.6038576879954624]], "13": null, "14": [[9, 0.7812457359209269], [13, 0.7660753893797692], [49, 0.7603317284455781], [51, 0.7455428246526485], [5, 0.7400096714327092]], "15": null, "16": [[11, 0.6038576879954624]], "17": null, "18": null, "19": [[8, 0.6311750020733599]], "20": [[13, 0.9444552688376637], [49, 0.8825470162147587], [5, 0.8589584033645226], [40, 0.8301849439040705], [15, 0.821300889464331]], "21": [[13, 0.9582183240017653], [49, 0.9510340687309481], [5, 0.9256149419960386], [40, 0.8946086163053064], [15, 0.8850351451072612]]}