{"0": null, "1": [[51, 0.7112473893066], [9, 0.6761211299010284], [13, 0.6110370537801296], [8, 0.6014040794787828], [52, 0.5952544387152089]], "2": [[15, 0.8038942212427862], [47, 0.769710681199303], [34, 0.7439883991937046], [16, 0.6842555291433354], [13, 0.6775626747588566]], "3": [[13, 0.9042765018234805], [49, 0.8974966761180293], [15, 0.8889668186180562], [5, 0.8735084905161754], [9, 0.8663378997914476]], "4": [[51, 0.7410445255045061], [13, 0.6935537120354968], [9, 0.6770682448227688], [49, 0.6172482215833188], [5, 0.6007504837133596]], "5": [[8, 0.6311750020733599]], "6": [[13, 0.9582183240017653], [49, 0.9510340687309481], [5, 0.9256149419960386], [40, 0.8946086163053064], [15, 0.8850351451072612]], "7": [[13, 0.9375455362826368], [49, 0.9305162755265491], [15, 0.917971605147573], [5, 0.905645545955244], [40, 0.8753081567405728]], "8": [[13, 0.9442605485717233], [49, 0.9163045585839946], [15, 0.8931568020751239], [5, 0.8918136781116451], [9, 0.862613913824762]]}