{"0": [[13, 0.9582183240017653], [49, 0.9510340687309481], [5, 0.9256149419960386], [40, 0.8946086163053064], [15, 0.8850351451072612]], "1": null, "2": [[15, 0.8863545051887907], [13, 0.8173196215266942], [49, 0.8111917562460834], [5, 0.7895103183919717], [16, 0.7893770416762677]], "3": [[13, 0.9582183240017653], [49, 0.9510340687309481], [5, 0.9256149419960386], [40, 0.8946086163053064], [15, 0.8850351451072612]], "4": [[8, 0.7558880946208623], [35, 0.5324271936503496]], "5": [[15, 0.8156407923176118], [13, 0.7647007309392153], [49, 0.7589673765258867], [5, 0.7386817857506617], [16, 0.732659007468695]], "6": [[13, 0.9582183240017653], [49, 0.9510340687309481], [5, 0.9256149419960386], [40, 0.8946086163053064], [15, 0.8850351451072612]], "7": null}