{"0": [[15, 0.7722627132652083], [9, 0.7392199784961881], [51, 0.70759160786716], [13, 0.7056923315532024], [49, 0.7004013934386365]], "1": [[13, 0.9399075088862789], [49, 0.8997593679568608], [15, 0.8960124843200845], [5, 0.875710705393661], [40, 0.8463760759377627]], "2": null, "3": [[13, 0.9582183240017653], [49, 0.9510340687309481], [5, 0.9256149419960386], [40, 0.8946086163053064], [15, 0.8850351451072612]], "4": [[13, 0.921534251762398], [49, 0.8648560129612725], [5, 0.8417402431653005], [51, 0.8370845798643208], [9, 0.819048814959354]], "5": [[15, 0.9088509519786688], [13, 0.8692867856682656], [49, 0.8627692958485056], [5, 0.8397092995820982], [16, 0.8249371912801713]], "6": [[15, 0.8148967272805405], [9, 0.7816031482887333], [13, 0.7666052740040925], [49, 0.760857640252528], [51, 0.7458637478077903]]}