{"0": [[13, 0.9582183240017653], [49, 0.9510340687309481], [5, 0.9256149419960386], [40, 0.8946086163053064], [15, 0.8850351451072612]], "1": [[13, 0.8911678803123827], [15, 0.8885488965903582], [49, 0.8844863366798426], [5, 0.8608458899003053], [9, 0.8562074525053809]], "2": [[13, 0.8162164841056653], [49, 0.8100968896132797], [5, 0.7884447152257589], [40, 0.7620333291079978], [15, 0.7538785852398969]], "3": null, "4": [[13, 0.9066263200591264], [49, 0.8998288765586258], [5, 0.8757783561776931], [40, 0.8464414605502499], [15, 0.8373834403213865]], "5": [[13, 0.9582183240017653], [49, 0.9510340687309481], [5, 0.9256149419960386], [40, 0.8946086163053064], [15, 0.8850351451072612]], "6": [[8, 0.6311750020733599]], "7": [[9, 0.7726377861830077], [51, 0.7433006801251755], [15, 0.7123854211614405], [13, 0.7044714974976841], [49, 0.6991897126035049]], "8": [[13, 0.9582183240017653], [49, 0.9510340687309481], [5, 0.9256149419960386], [40, 0.8946086163053064], [15, 0.8850351451072612]]}