{"0": [[13, 0.9582183240017653], [49, 0.9510340687309481], [5, 0.9256149419960386], [40, 0.8946086163053064], [15, 0.8850351451072612]], "1": null, "2": null, "3": null, "4": [[8, 0.75628250091141], [35, 0.5324256715303288]], "5": null, "6": [[13, 0.9350914647734336], [49, 0.9280806034527704], [5, 0.9032749742381861], [9, 0.8862159012134129], [40, 0.8730169946304663]], "7": null, "8": [[15, 0.884038250140552], [13, 0.8690738973401186], [49, 0.8316385400383026], [5, 0.8094106029518036], [16, 0.7986198644217934]]}