{"0": [[13, 0.9316410517519724], [49, 0.8627409185606195], [5, 0.8396816807590253], [40, 0.8115539545427526], [51, 0.8092864409203737]], "1": null, "2": [[13, 0.9526246260202141], [49, 0.9454823095781593], [5, 0.9202115696089255], [15, 0.9070410212674731], [40, 0.8893862465321981]], "3": [[15, 0.8761181203022456], [13, 0.8519417695268694], [49, 0.8208402240702612], [5, 0.7989009031029318], [16, 0.7897878680658341]], "4": [[13, 0.9679311515026222], [49, 0.9296384022803763], [5, 0.9047911364019455], [40, 0.87448236826898], [15, 0.8651242739993352]], "5": [[13, 0.9187434049508084], [49, 0.8957545804606996], [9, 0.8793500662302722], [5, 0.8718129573866814], [51, 0.8550662834320379]], "6": null, "7": null, "8": [[11, 0.6038576879954624]], "9": [[13, 0.7959943337429638], [51, 0.7119412500839986], [49, 0.6885234631796379], [34, 0.6726636303485929], [5, 0.6701206890351993]], "10": [[13, 0.9582183240017653], [49, 0.9510340687309481], [5, 0.9256149419960386], [40, 0.8946086163053064], [15, 0.8850351451072612]], "11": null, "12": [[13, 0.8907429676922942], [15, 0.888355930364328], [49, 0.8840646098480593], [5, 0.8604354349336814], [9, 0.8560049282354895]], "13": [[8, 0.6311750020733599]], "14": null, "15": [[13, 0.9582183240017653], [49, 0.9510340687309481], [5, 0.9256149419960386], [40, 0.8946086163053064], [15, 0.8850351451072612]], "16": null}