{"0": [[13, 0.9639627448335634], [49, 0.9456492352524251], [5, 0.9203740337134022], [15, 0.8988962674388501], [40, 0.8895432684006996]], "1": [[13, 0.9425003508897262], [49, 0.9354339413419015], [5, 0.910431772977066], [15, 0.9026399874645321], [40, 0.8799340543347512]]}