{"0": [[15, 0.8038942212427862], [47, 0.769710681199303], [34, 0.7439883991937046], [16, 0.6842555291433354], [13, 0.6775626747588566]], "1": [[13, 0.9582183240017653], [49, 0.9510340687309481], [5, 0.9256149419960386], [40, 0.8946086163053064], [15, 0.8850351451072612]], "2": [[13, 0.9269823285969286], [49, 0.920032265638036], [5, 0.8954417514499735], [40, 0.8654461697854584], [15, 0.8561847745463677]], "3": null, "4": null, "5": null}