{"0": [[13, 0.9489786128230164], [49, 0.9418636324158436], [5, 0.9166896120242001], [40, 0.8859822677732092], [15, 0.8765011096802595]], "1": [[13, 0.9116040047092636], [49, 0.8340734229787745], [5, 0.8117804066274168], [51, 0.7961433948751149], [40, 0.7845873195938754]], "2": [[13, 0.9582183240017653], [49, 0.9510340687309481], [5, 0.9256149419960386], [40, 0.8946086163053064], [15, 0.8850351451072612]], "3": [[13, 0.7387812194687922], [51, 0.6623411707289449], [49, 0.6353064737255112], [34, 0.6306053331869451], [5, 0.6183260770161838]], "4": [[9, 0.7765181323123659], [51, 0.7432894360931664], [13, 0.7413387029851082], [49, 0.7357805057027405], [5, 0.716114650883795]], "5": null, "6": null, "7": [[13, 0.9582183240017653], [49, 0.9510340687309481], [5, 0.9256149419960386], [40, 0.8946086163053064], [15, 0.8850351451072612]], "8": null, "9": [[13, 0.8038247966409569], [49, 0.7312784537024193], [5, 0.7117329291998379], [51, 0.7037779995353293], [40, 0.6878912408191382]], "10": null, "11": [[8, 0.6311750020733599]], "12": [[13, 0.9582183240017653], [49, 0.9510340687309481], [5, 0.9256149419960386], [40, 0.8946086163053064], [15, 0.8850351451072612]], "13": [[15, 0.8493027827046918], [13, 0.8317216997746404], [49, 0.7908619226469663], [34, 0.7841770935763125], [5, 0.7697238581942357]]}