{"0": null, "1": [[47, 0.6963897645815628], [34, 0.6746651287813431], [15, 0.6281553723453797], [54, 0.5826392108454144]], "2": [[13, 0.8429063870481276], [49, 0.7765160654646033], [5, 0.755761435395381], [51, 0.7339137490267551], [40, 0.7304448764817667]], "3": [[13, 0.9695859891736145], [49, 0.9410245649881083], [5, 0.915872971091988], [40, 0.8851929827463177], [15, 0.8757202710257082]], "4": [[15, 0.8038942212427862], [47, 0.769710681199303], [34, 0.7439883991937046], [16, 0.6842555291433354], [13, 0.6775626747588566]], "5": [[13, 0.9582183240017653], [49, 0.9510340687309481], [5, 0.9256149419960386], [40, 0.8946086163053064], [15, 0.8850351451072612]], "6": [[13, 0.9287520789115657], [49, 0.881415433781122], [51, 0.8590799278131003], [5, 0.8578570657330831], [9, 0.8526699519504332]]}