{"0": [[8, 0.6311750020733599]], "1": [[8, 0.6311750020733599]], "2": [[51, 0.760646057139889], [9, 0.7303748490435321], [13, 0.6908886768976102], [49, 0.6417004648262714], [52, 0.6409439835492378]], "3": [[13, 0.9296083205321423], [49, 0.9226385691620294], [15, 0.9196910993878874], [5, 0.8979783939999132], [40, 0.8678978396739859]]}