{"0": [[13, 0.9582183240017653], [49, 0.9510340687309481], [5, 0.9256149419960386], [40, 0.8946086163053064], [15, 0.8850351451072612]], "1": null, "2": null, "3": null, "4": [[13, 0.8902048846719187], [51, 0.840547896680115], [49, 0.821567463906387], [9, 0.8031675715860769], [5, 0.7996087053582506]], "5": [[13, 0.9582183240017653], [49, 0.9510340687309481], [5, 0.9256149419960386], [40, 0.8946086163053064], [15, 0.8850351451072612]], "6": null, "7": null, "8": [[13, 0.9582183240017653], [49, 0.9510340687309481], [5, 0.9256149419960386], [40, 0.8946086163053064], [15, 0.8850351451072612]], "9": [[13, 0.9305423768981432], [49, 0.9235656224273772], [5, 0.8988806690946184], [40, 0.8687698902831305], [15, 0.859472926928693]], "10": [[13, 0.9102857782572066], [49, 0.8428813923366377], [51, 0.8414855479117815], [5, 0.8203529576162162], [9, 0.8079637044400981]], "11": [[34, 0.8255077530373804], [15, 0.7837632001590046], [13, 0.7719934221748957], [49, 0.7024504242304984], [47, 0.7017275144760086]], "12": null, "13": [[13, 0.9582183240017653], [49, 0.9510340687309481], [5, 0.9256149419960386], [40, 0.8946086163053064], [15, 0.8850351451072612]], "14": [[13, 0.9582183240017653], [49, 0.9510340687309481], [5, 0.9256149419960386], [40, 0.8946086163053064], [15, 0.8850351451072612]], "15": null, "16": null, "17": null, "18": null, "19": [[8, 0.6311750020733599]]}