{"0": [[13, 0.8837588920426603], [49, 0.8771328974031785], [5, 0.8536889924837665], [40, 0.8250920481837274], [15, 0.816262494326259]], "1": [[15, 0.8705117139819463], [13, 0.8309974893096678], [49, 0.82476707402427], [5, 0.802722796673219], [9, 0.7936161322230781]], "2": [[13, 0.9696012610544638], [49, 0.9407209952495157], [5, 0.9155775151296647], [40, 0.8849074239921956], [15, 0.8754377681202087]], "3": [[13, 0.9397486288768513], [49, 0.9033136446696249], [15, 0.8834928740913945], [5, 0.8791699838164762], [9, 0.8530583145428616]], "4": [[34, 0.7848769949834298], [15, 0.7439504289826817], [47, 0.701381522370783], [13, 0.6841086205050387], [51, 0.6621578051406216]], "5": [[13, 0.9552213489921367], [49, 0.9195537721770223], [15, 0.8975602173304847], [5, 0.8949760471059086], [40, 0.8649960656439319]], "6": [[9, 0.8559101878718359], [13, 0.8312297058675635], [49, 0.8249975495352788], [51, 0.8177006181007677], [5, 0.8029471120618766]], "7": [[13, 0.9352561391273663], [49, 0.8681745189462977], [5, 0.844970052512658], [40, 0.8166651759830885], [51, 0.8115475248734424]], "8": null, "9": [[15, 0.8245404168579478], [34, 0.8218275043069457], [13, 0.8172584044481843], [49, 0.7564529550587161], [5, 0.7362345694447364]]}