{"0": [[47, 0.7126876309110819], [15, 0.6980953684484201], [34, 0.6895925706893977], [54, 0.6126539671606436], [16, 0.5728851049456448]], "1": null, "2": null, "3": null, "4": [[8, 0.6311750020733599]], "5": null, "6": [[13, 0.9582183240017653], [49, 0.9510340687309481], [5, 0.9256149419960386], [40, 0.8946086163053064], [15, 0.8850351451072612]], "7": [[13, 0.9582183240017653], [49, 0.9510340687309481], [5, 0.9256149419960386], [40, 0.8946086163053064], [15, 0.8850351451072612]], "8": [[51, 0.8135811615009716], [13, 0.7955234562473252], [9, 0.7734113692215161], [49, 0.7318870423795234], [5, 0.7123252515903583]], "9": [[13, 0.9582183240017653], [49, 0.9510340687309481], [5, 0.9256149419960386], [40, 0.8946086163053064], [15, 0.8850351451072612]], "10": [[8, 0.6311750020733599]]}