{"0": [[13, 0.968008909238688], [49, 0.946667898996763], [5, 0.9213654707329897], [40, 0.8905014941812109], [15, 0.8809719745108453]], "1": null, "2": [[13, 0.9414913212213606], [49, 0.9344324768875709], [15, 0.9164365641815257], [5, 0.9094570755468854], [40, 0.8789920073995]]}