{"0": [[13, 0.968270451943711], [49, 0.9308768531572572], [5, 0.9059964861094473], [40, 0.8756473410725377], [15, 0.866276780084623]], "1": null, "2": [[13, 0.8528440042572274], [49, 0.7882345780590303], [5, 0.7671667369634357], [51, 0.7414857715310069], [40, 0.7414681223169509]], "3": [[13, 0.9695250263113013], [49, 0.937732632981227], [5, 0.912669025456612], [40, 0.8820963631461629], [15, 0.8726567892670777]], "4": null, "5": null, "6": null, "7": null, "8": null, "9": [[9, 0.8621991567848664], [13, 0.844533773059684], [49, 0.8382018692977643], [51, 0.8229003753898458], [5, 0.8157985083187522]], "10": [[15, 0.8706983855654431], [13, 0.8477708801583977], [49, 0.8155551504746992], [5, 0.7937570883328376], [16, 0.7847983276338653]], "11": [[13, 0.9582183240017653], [49, 0.9510340687309481], [5, 0.9256149419960386], [40, 0.8946086163053064], [15, 0.8850351451072612]], "12": null, "13": null}