{"0": null, "1": [[8, 0.6311750020733599]], "2": [[13, 0.924619410580008], [49, 0.9176870636319578], [5, 0.8931592317272872], [9, 0.8867462307000209], [40, 0.8632401100967518]], "3": null, "4": [[13, 0.9582183240017653], [49, 0.9510340687309481], [5, 0.9256149419960386], [40, 0.8946086163053064], [15, 0.8850351451072612]], "5": [[8, 0.6311750020733599]], "6": [[8, 0.6311750020733599]], "7": [[13, 0.9582183240017653], [49, 0.9510340687309481], [5, 0.9256149419960386], [40, 0.8946086163053064], [15, 0.8850351451072612]]}