{"0": null, "1": [[13, 0.9522156300181883], [49, 0.8955552752056797], [5, 0.8716189791390767], [40, 0.8424214146668241], [15, 0.833406414137054]], "2": [[13, 0.938451232989242], [49, 0.9314151817594437], [15, 0.9176677642859101], [5, 0.9065204263280691], [40, 0.8761537302984908]], "3": [[13, 0.9582183240017653], [49, 0.9510340687309481], [5, 0.9256149419960386], [40, 0.8946086163053064], [15, 0.8850351451072612]], "4": [[13, 0.9208787077498536], [15, 0.9201658481469754], [49, 0.9139744067735314], [5, 0.8895458063247154], [40, 0.8597477275164249]]}