{"0": [[13, 0.8591385907929528], [49, 0.8526971872060439], [5, 0.8299063970748197], [40, 0.8021061241178669], [15, 0.7935225494271472]], "1": null, "2": [[13, 0.9383221680175143], [49, 0.895063642998934], [5, 0.8711404872201306], [40, 0.8419589513096547], [15, 0.8329488997369472]], "3": [[13, 0.9070119969404511], [49, 0.9002116618221447], [5, 0.8761509104017093], [40, 0.8468015349221343], [15, 0.8377396614309998]], "4": [[13, 0.8329135255426241], [49, 0.826668744748802], [5, 0.8045736397662874], [40, 0.7776219656036224], [15, 0.7693004031292756]], "5": null}