{"0": [[13, 0.9319514113181213], [49, 0.9249640925921069], [5, 0.9002417611132637], [9, 0.8865846898560783], [40, 0.8700853883290444]], "1": [[15, 0.8532025410529285], [47, 0.7784839241357234], [13, 0.7563401095842549], [34, 0.7518419947794361], [49, 0.7506694390463357]], "2": [[13, 0.9582183240017653], [49, 0.9510340687309481], [5, 0.9256149419960386], [40, 0.8946086163053064], [15, 0.8850351451072612]], "3": [[13, 0.9582183240017653], [49, 0.9510340687309481], [5, 0.9256149419960386], [40, 0.8946086163053064], [15, 0.8850351451072612]], "4": [[8, 0.6311750020733599]], "5": [[13, 0.9528316331647391], [49, 0.9456877646837263], [5, 0.9204115333345951], [40, 0.8895795118564881], [15, 0.8800598585914644]]}