{"0": [[8, 0.6311750020733599]], "1": [[13, 0.9582183240017653], [49, 0.9510340687309481], [5, 0.9256149419960386], [40, 0.8946086163053064], [15, 0.8850351451072612]], "2": [[13, 0.8476537981651621], [51, 0.840117676460443], [9, 0.8217916916349096], [49, 0.7974543303279442], [5, 0.7761400647780704]], "3": [[13, 0.8505379967106333], [49, 0.8441610761980097], [5, 0.8215984382378492], [40, 0.7940764659714283], [15, 0.7855788190256398]], "4": null, "5": [[13, 0.941508666289456], [49, 0.9124523187946865], [15, 0.8916994760709255], [5, 0.8880644005343514], [9, 0.8610362229176467]], "6": [[13, 0.9097023319544195], [15, 0.9064309992377939], [49, 0.880403350844923], [5, 0.8568720336305685], [16, 0.8327260589312163]], "7": [[9, 0.8677435252056196], [13, 0.8570565239015462], [49, 0.8506307306402429], [5, 0.8278951725170668], [51, 0.8273953094454569]]}