{"0": [[15, 0.8792172250542508], [13, 0.803245842643435], [49, 0.7972234957166165], [16, 0.7792951900597871], [47, 0.7775940203337006]], "1": [[13, 0.6503473583509538], [49, 0.6454713699461586], [5, 0.6282192870861715], [40, 0.6071751455789174], [15, 0.6006775848999524]], "2": [[13, 0.922081858241124], [49, 0.915168536627185], [5, 0.8907080196160859], [9, 0.8866186752501196], [40, 0.860871008891078]], "3": null, "4": [[11, 0.6038576879954624]], "5": [[13, 0.9391163668203353], [49, 0.8740989189789611], [5, 0.8507361058780358], [40, 0.8222380776171303], [51, 0.8139103632920215]], "6": [[15, 0.9042270967821491], [13, 0.8570565239015462], [49, 0.8506307306402429], [5, 0.8278951725170668], [16, 0.8168580050963415]], "7": [[13, 0.9582183240017653], [49, 0.9510340687309481], [5, 0.9256149419960386], [40, 0.8946086163053064], [15, 0.8850351451072612]], "8": [[13, 0.9429652639970202], [49, 0.9358953687566787], [15, 0.9157035002733555], [5, 0.9108808674141708], [40, 0.8803681049693515]], "9": null, "10": [[13, 0.9582183240017653], [49, 0.9510340687309481], [5, 0.9256149419960386], [40, 0.8946086163053064], [15, 0.8850351451072612]], "11": null, "12": null, "13": [[8, 0.6311750020733599]], "14": [[51, 0.7472585326581088], [34, 0.746178575642201], [13, 0.7430230043051489], [15, 0.7418070875804188], [9, 0.710867965157478]], "15": [[13, 0.9317787546913409], [49, 0.9247927304607977], [5, 0.9000749791288457], [9, 0.8865990697939333], [40, 0.8699241932213]], "16": [[11, 0.6038576879954624]], "17": [[13, 0.9582183240017653], [49, 0.9510340687309481], [5, 0.9256149419960386], [40, 0.8946086163053064], [15, 0.8850351451072612]]}