{"0": [[13, 0.9582183240017653], [49, 0.9510340687309481], [5, 0.9256149419960386], [40, 0.8946086163053064], [15, 0.8850351451072612]], "1": null, "2": null, "3": [[13, 0.9582183240017653], [49, 0.9510340687309481], [5, 0.9256149419960386], [40, 0.8946086163053064], [15, 0.8850351451072612]], "4": [[15, 0.8331506722292361], [13, 0.7749052548757649], [49, 0.7690953919016615], [5, 0.7485391007226607], [16, 0.7452987505447943]], "5": null, "6": [[13, 0.9682020073066393], [49, 0.9306185227927316], [5, 0.9057450603685216], [40, 0.8754043376118243], [15, 0.8660363770757608]], "7": [[8, 0.6937094585616674]], "8": [[13, 0.9322961291922061], [49, 0.9253062259391147], [15, 0.9062712059062514], [5, 0.9005747499604122], [40, 0.8704072226883193]]}