{"0": [[15, 0.9097593332840069], [13, 0.8718667973891917], [49, 0.8653299638955104], [5, 0.8422015263947111], [16, 0.8266125559399325]], "1": [[13, 0.8081651207573044], [51, 0.7944500198330336], [9, 0.769090762250695], [49, 0.7539235016094743], [5, 0.733772722929789]], "2": [[13, 0.8330767322509843], [51, 0.7398398337188314], [49, 0.733097194935951], [5, 0.7135030593315876], [40, 0.6896020749856979]], "3": null, "4": null, "5": [[8, 0.6311750020733599]], "6": [[8, 0.6311750020733599]], "7": [[13, 0.9246194105800081], [15, 0.9201073387169911], [49, 0.917687063631958], [5, 0.8931592317272873], [40, 0.863240110096752]]}