{"0": [[8, 0.6311750020733599]], "1": [[9, 0.8677435252056197], [13, 0.8570565239015463], [49, 0.850630730640243], [5, 0.8278951725170669], [51, 0.827395309445457]], "2": [[13, 0.9444262826471493], [49, 0.9373454333990675], [5, 0.9122921748993447], [9, 0.8834970511932083], [40, 0.8817321363599533]], "3": [[13, 0.9693080314866802], [49, 0.9432341273247099], [5, 0.9180234765063304], [40, 0.8872714503528727], [15, 0.8777764963361296]], "4": null, "5": null, "6": [[8, 0.6311750020733599]]}