{"0": [[15, 0.8835387484046932], [13, 0.8116823371966948], [49, 0.8055967375341028], [16, 0.7853573544382586], [5, 0.784064842682077]], "1": [[13, 0.9516468661106986], [49, 0.8945635335496337], [5, 0.8706537446373717], [40, 0.8414885136700896], [15, 0.8324834963895974]], "2": [[15, 0.8038942212427862], [47, 0.769710681199303], [34, 0.7439883991937046], [16, 0.6842555291433354], [13, 0.6775626747588566]], "3": [[8, 0.6311750020733599]], "4": null, "5": null, "6": [[8, 0.6683701508458557]], "7": null, "8": [[13, 0.7160052618238804], [51, 0.6502472376918569], [34, 0.6444863530465778], [49, 0.5959693094300366], [5, 0.58004031182143]], "9": null}