{"0": [[13, 0.9582183240017653], [49, 0.9510340687309481], [5, 0.9256149419960386], [40, 0.8946086163053064], [15, 0.8850351451072612]], "1": [[13, 0.9609719986814501], [49, 0.93055618454484], [5, 0.9056843882899879], [15, 0.8995004184416916], [40, 0.8753456979315829]], "2": [[11, 0.6038576879954624]]}