{"0": null, "1": [[51, 0.7390917875550658], [9, 0.7143336962847892], [13, 0.6553624967280164], [52, 0.627794627040478], [49, 0.6125708480315822]], "2": [[13, 0.9434938762765773], [49, 0.9364200177582849], [15, 0.9154154713169482], [5, 0.9113914936589679], [40, 0.8808616262140733]], "3": [[13, 0.9371398603514502], [49, 0.9301136411563241], [5, 0.9052536731491113], [40, 0.8749294109220296], [15, 0.8655665327168345]]}