{"0": [[8, 0.7641461215609364], [35, 0.5298375800711351]], "1": [[13, 0.9674659341701585], [49, 0.9280786452883355], [5, 0.90327306841134], [40, 0.8730151526451652], [15, 0.8636727594835356]], "2": null, "3": [[8, 0.6311750020733599]], "4": [[8, 0.6311750020733599]], "5": [[11, 0.6038576879954624]], "6": null}