{"0": [[13, 0.8776573557285939], [49, 0.8710771074428671], [5, 0.8477950609652738], [40, 0.8193955520694938], [15, 0.810626958100501]], "1": [[13, 0.9648226488221132], [49, 0.9207562820807634], [5, 0.8961464164663736], [40, 0.866127229875004], [15, 0.8568585464106127]], "2": [[9, 0.7497964463235142], [51, 0.718211945326113], [13, 0.7113704662452496], [49, 0.7060369562365046], [5, 0.6871660835094596]], "3": [[13, 0.9582183240017653], [49, 0.9510340687309481], [5, 0.9256149419960386], [40, 0.8946086163053064], [15, 0.8850351451072612]], "4": [[13, 0.9381320941339748], [49, 0.9310984356522024], [5, 0.9062121461735285], [9, 0.8856373467800438], [40, 0.8758557769380003]]}