{"0": [[13, 0.9506802717870121], [49, 0.943552533167984], [5, 0.9183333720356742], [15, 0.9020382449698094], [40, 0.887570964976208]], "1": null, "2": [[15, 0.9183086855257738], [13, 0.9030966288364753], [49, 0.8963256492452275], [5, 0.8723687627119017], [16, 0.8458351093843165]], "3": [[13, 0.9582183240017653], [49, 0.9510340687309481], [5, 0.9256149419960386], [40, 0.8946086163053064], [15, 0.8850351451072612]], "4": [[13, 0.9685824805445036], [49, 0.9455694342371733], [5, 0.9202963656103005], [40, 0.8894682020301233], [15, 0.8799497399244482]], "5": null, "6": [[13, 0.7638585962168125], [49, 0.7581315557203301], [5, 0.7378683046652923], [40, 0.7131511313210678], [15, 0.705519490298257]], "7": [[8, 0.7507123461230243]], "8": [[13, 0.9582183240017653], [49, 0.9510340687309481], [5, 0.9256149419960386], [40, 0.8946086163053064], [15, 0.8850351451072612]], "9": [[11, 0.6038576879954624]], "10": [[8, 0.6311750020733599]]}