{"0": [[13, 0.9582183240017653], [49, 0.9510340687309481], [5, 0.9256149419960386], [40, 0.8946086163053064], [15, 0.8850351451072612]], "1": [[9, 0.8677435252056195], [13, 0.8570565239015461], [49, 0.8506307306402427], [5, 0.8278951725170667], [51, 0.8273953094454569]], "2": [[13, 0.9582183240017653], [49, 0.9510340687309481], [5, 0.9256149419960386], [40, 0.8946086163053064], [15, 0.8850351451072612]], "3": [[13, 0.9582183240017653], [49, 0.9510340687309481], [5, 0.9256149419960386], [40, 0.8946086163053064], [15, 0.8850351451072612]], "4": null, "5": null, "6": null, "7": null}