{"0": [[13, 0.9582183240017653], [49, 0.9510340687309481], [5, 0.9256149419960386], [40, 0.8946086163053064], [15, 0.8850351451072612]], "1": null, "2": [[8, 0.6311750020733599]], "3": null, "4": [[9, 0.85262484558706], [13, 0.824566737359447], [49, 0.8183845367266356], [51, 0.8149520303670046], [5, 0.7965108510818054]], "5": [[15, 0.9042270967821491], [13, 0.8570565239015462], [49, 0.8506307306402429], [5, 0.8278951725170668], [16, 0.8168580050963415]], "6": [[8, 0.6311750020733599]], "7": null, "8": [[13, 0.9582183240017653], [49, 0.9510340687309481], [5, 0.9256149419960386], [40, 0.8946086163053064], [15, 0.8850351451072612]]}