{"0": [[15, 0.8811019119608671], [13, 0.806895216024548], [49, 0.8008455078698217], [16, 0.7819241218723461], [5, 0.7794406033254556]], "1": [[13, 0.9392145416393083], [49, 0.8742514310021516], [5, 0.850884541577808], [40, 0.8223815410055855], [51, 0.8139696801794123]], "2": [[8, 0.6311750020733599]], "3": [[13, 0.90402613211026], [49, 0.8972481835552314], [9, 0.8838150165215691], [5, 0.87326663963337], [40, 0.8440138816939466]], "4": [[13, 0.9378542489497319], [49, 0.9308226736161099], [5, 0.9059437546727035], [9, 0.8857004939315065], [40, 0.8755963760378124]], "5": [[8, 0.6311750020733599]], "6": [[13, 0.9107368090074056], [49, 0.9039085470585905], [5, 0.8797489857243577], [40, 0.8502790816207813], [15, 0.8411799938746615]], "7": null}