{"0": [[13, 0.9582183240017653], [49, 0.9510340687309481], [5, 0.9256149419960386], [40, 0.8946086163053064], [15, 0.8850351451072612]], "1": [[13, 0.9146302448127467], [49, 0.8746216158968364], [5, 0.8512448322141662], [9, 0.8405146472000554], [51, 0.8377486577314031]], "2": [[13, 0.9686292467477252], [49, 0.9323224726409983], [5, 0.9074034672456509], [40, 0.8770071910385641], [15, 0.8676220778942694]], "3": [[13, 0.8765788782321667], [49, 0.870006715846536], [5, 0.8467532786696372], [40, 0.8183886674831441], [15, 0.8096308484836872]], "4": [[13, 0.8095977775238108], [51, 0.7957035443138115], [9, 0.7709880072489798], [49, 0.7557833309855704], [5, 0.7355828430050612]], "5": [[13, 0.9582183240017653], [49, 0.9510340687309481], [5, 0.9256149419960386], [40, 0.8946086163053064], [15, 0.8850351451072612]], "6": null, "7": [[11, 0.6038576879954624]], "8": null, "9": null}