{"0": null, "1": [[9, 0.8115231954235002], [13, 0.8097851031894029], [49, 0.8037137280652856], [5, 0.7822321620688757], [51, 0.7728615560558708]], "2": null, "3": [[13, 0.9514908953661295], [49, 0.9242717229026505], [5, 0.8995678969994354], [15, 0.8943174698811753], [40, 0.8694340973708952]], "4": [[13, 0.969615081412757], [49, 0.9394188972262282], [5, 0.9143102194291997], [40, 0.8836825802676574], [15, 0.8742260318103603]], "5": [[13, 0.9582183240017653], [49, 0.9510340687309481], [5, 0.9256149419960386], [40, 0.8946086163053064], [15, 0.8850351451072612]], "6": [[15, 0.7754954489308313], [9, 0.7424245130287872], [51, 0.7104982224423875], [13, 0.7101829644184093], [49, 0.704858357721201]], "7": null}