{"0": [[13, 0.9053026122962715], [51, 0.8388506496200678], [49, 0.8358586676979125], [5, 0.81351793553567], [9, 0.8022665283696928]], "1": [[13, 0.8789514528914398], [9, 0.8763498021205746], [49, 0.8723615020941555], [5, 0.8490451264673843], [51, 0.834096638183742]], "2": [[13, 0.9582183240017653], [49, 0.9510340687309481], [5, 0.9256149419960386], [40, 0.8946086163053064], [15, 0.8850351451072612]], "3": [[13, 0.849074617629203], [49, 0.7527888954782296], [51, 0.7516809710581492], [5, 0.7326684424177755], [40, 0.7081254544881098]], "4": [[8, 0.6311750020733599]], "5": null, "6": [[13, 0.9684843767015852], [49, 0.9317180705033868], [5, 0.9068152194972878], [40, 0.8764386484618064], [15, 0.8670596194596542]], "7": null, "8": [[13, 0.9582183240017653], [49, 0.9510340687309481], [5, 0.9256149419960386], [40, 0.8946086163053064], [15, 0.8850351451072612]], "9": [[13, 0.9582183240017653], [49, 0.9510340687309481], [5, 0.9256149419960386], [40, 0.8946086163053064], [15, 0.8850351451072612]], "10": null, "11": null, "12": [[13, 0.9582183240017653], [49, 0.9510340687309481], [5, 0.9256149419960386], [40, 0.8946086163053064], [15, 0.8850351451072612]], "13": [[13, 0.7876707339643728], [51, 0.77459669402781], [9, 0.7399350494295068], [49, 0.7271563912979006], [5, 0.7077210407944582]], "14": null}