{"0": [[13, 0.8804753973022712], [9, 0.8768869888599062], [49, 0.8738740207104768], [5, 0.8505172186640206], [51, 0.8344972498012659]], "1": null, "2": null, "3": null, "4": [[11, 0.6038576879954624]], "5": [[11, 0.6038576879954624]], "6": [[13, 0.9582183240017653], [49, 0.9510340687309481], [5, 0.9256149419960386], [40, 0.8946086163053064], [15, 0.8850351451072612]], "7": [[8, 0.6311750020733599]], "8": [[13, 0.90247233575976], [49, 0.8957060368145764], [5, 0.8717657112094225], [40, 0.842563231494172], [15, 0.8335467133406194]], "9": [[8, 0.6311750020733599]], "10": [[13, 0.8729208792185114], [49, 0.8122575147600987], [5, 0.7905475914377716], [40, 0.7640657629991721], [51, 0.7566367132878261]], "11": [[8, 0.7569588273307704], [35, 0.5324088316403606]]}