{"0": null, "1": null, "2": [[13, 0.865324971234418], [49, 0.8588371851737235], [5, 0.8358822858989639], [40, 0.8078818321251656], [15, 0.799236449876092]], "3": null, "4": null, "5": [[13, 0.8879754596444143], [49, 0.8813178512304314], [5, 0.8577620913573304], [40, 0.8290287060551917], [15, 0.8201570248583906]], "6": null, "7": [[15, 0.9192577986509396], [13, 0.9090457198664306], [49, 0.9022301368820749], [5, 0.878115435897637], [16, 0.8492032939113598]], "8": [[13, 0.9582183240017653], [49, 0.9510340687309481], [5, 0.9256149419960386], [40, 0.8946086163053064], [15, 0.8850351451072612]], "9": null, "10": [[13, 0.9301864564902618], [49, 0.8806894138129283], [51, 0.8579280448490837], [5, 0.8571504507412098], [9, 0.8489488851421664]], "11": [[13, 0.9508135794905668], [49, 0.8931232984536881], [5, 0.8692520039756799], [40, 0.8401337286327275], [15, 0.8311432093073169]], "12": [[13, 0.7932389349640123], [49, 0.78729161496732], [5, 0.7662489772783357], [40, 0.7405811058214982], [15, 0.7326559285348321]], "13": [[13, 0.9499953209802829], [49, 0.8917229323724427], [5, 0.8678890667143525], [40, 0.8388164471562232], [15, 0.8298400244492055]], "14": [[13, 0.9267451699927521], [49, 0.9197968851338074], [5, 0.8952126621681781], [40, 0.8652247545553247], [15, 0.855965728746049]], "15": [[9, 0.8626478798297755], [13, 0.8455158175989149], [49, 0.8391765509443427], [51, 0.8232676987870056], [5, 0.8167471387889165]], "16": [[13, 0.9618010499420964], [49, 0.9138447896968729], [5, 0.8894196536380372], [40, 0.8596258007028529], [15, 0.850426690953482]], "17": [[15, 0.8800421729794842], [13, 0.8735887702446655], [49, 0.8670390262354438], [9, 0.8473619829026703], [5, 0.843864909117431]]}