{"0": [[13, 0.9464410567248502], [49, 0.9393451016799739], [5, 0.9142383962816263], [15, 0.9135210905322848], [40, 0.8836131630578069]], "1": null, "2": [[13, 0.9582183240017653], [49, 0.9510340687309481], [5, 0.9256149419960386], [40, 0.8946086163053064], [15, 0.8850351451072612]], "3": [[13, 0.620731826646021], [34, 0.6037782940500406], [51, 0.5749791158266124]], "4": [[15, 0.9042270967821493], [13, 0.8570565239015463], [49, 0.850630730640243], [5, 0.8278951725170669], [16, 0.8168580050963417]], "5": [[13, 0.9582183240017653], [49, 0.9510340687309481], [5, 0.9256149419960386], [40, 0.8946086163053064], [15, 0.8850351451072612]], "6": [[8, 0.7567782011232165], [35, 0.5324151764317807]], "7": null, "8": [[13, 0.9582183240017653], [49, 0.9510340687309481], [5, 0.9256149419960386], [40, 0.8946086163053064], [15, 0.8850351451072612]], "9": null, "10": [[13, 0.9582183240017653], [49, 0.9510340687309481], [5, 0.9256149419960386], [40, 0.8946086163053064], [15, 0.8850351451072612]], "11": null, "12": [[13, 0.9439253547618156], [49, 0.9368482612275522], [15, 0.9151697322727085], [5, 0.9118082910871557], [40, 0.8812644617276256]]}