{"0": [[13, 0.9582183240017653], [49, 0.9510340687309481], [5, 0.9256149419960386], [40, 0.8946086163053064], [15, 0.8850351451072612]], "1": [[13, 0.9582183240017653], [49, 0.9510340687309481], [5, 0.9256149419960386], [40, 0.8946086163053064], [15, 0.8850351451072612]], "2": null, "3": [[13, 0.93619521253144], [49, 0.8696033389286123], [5, 0.8463606831625333], [40, 0.8180092231727265], [51, 0.8121275578074033]], "4": [[13, 0.8241120762049899], [49, 0.7546091864030899], [5, 0.7344400808208864], [51, 0.7194856171409972], [40, 0.7098377464018322]]}