{"0": [[13, 0.9205393975462203], [49, 0.9136376405528901], [5, 0.8892180411520112], [40, 0.8594309418485169], [15, 0.8502339173413354]], "1": [[15, 0.6648896097638605], [13, 0.6242980908764795], [49, 0.6196174072184906], [5, 0.603056346033522], [16, 0.5977091501953755]], "2": [[8, 0.7620896351323028], [35, 0.5313526742618735]], "3": [[13, 0.8839612165024685], [49, 0.8773337049325226], [5, 0.853884432853084], [40, 0.8252809416754295], [15, 0.8164493664128804]], "4": [[13, 0.9221272646989741], [49, 0.9152136026494831], [5, 0.8907518811190405], [9, 0.8866216703349554], [40, 0.8609134011177879]], "5": [[13, 0.9582183240017653], [49, 0.9510340687309481], [5, 0.9256149419960386], [40, 0.8946086163053064], [15, 0.8850351451072612]], "6": [[8, 0.6098369438930463]], "7": [[13, 0.924400841566238], [49, 0.8521329871554608], [5, 0.8293572768968313], [51, 0.8046423523386766], [40, 0.8015753984129034]], "8": [[9, 0.8677435252056196], [13, 0.8570565239015462], [49, 0.8506307306402429], [5, 0.8278951725170668], [51, 0.8273953094454569]], "9": null, "10": null, "11": null}