{"0": [[11, 0.6038576879954624]], "1": [[13, 0.9582183240017653], [49, 0.9510340687309481], [5, 0.9256149419960386], [40, 0.8946086163053064], [15, 0.8850351451072612]], "2": [[15, 0.8627271846310229], [47, 0.7788037410528976], [13, 0.7728883687642137], [49, 0.7670936274219083], [16, 0.7570753720486446]], "3": [[9, 0.6658497998213146], [13, 0.6576492918690124], [49, 0.6527185571156552], [5, 0.6352727722893664], [51, 0.6348892099619027]], "4": [[8, 0.6311750020733599]], "5": [[13, 0.9492756835650547], [49, 0.9421584758658432], [5, 0.9169765749331455], [40, 0.8862596179749563], [9, 0.880482938667889]], "6": [[13, 0.8806858181993236], [49, 0.8740828639739139], [5, 0.8507204799892752], [40, 0.8222229751656805], [15, 0.8134241241065115]], "7": null, "8": null}