{"0": [[13, 0.9088137197039243], [49, 0.8630136857876557], [51, 0.8516619555499413], [9, 0.8453974617562204], [5, 0.8399471574956983]], "1": null, "2": null, "3": [[13, 0.885922278064716], [15, 0.8536870091976703], [49, 0.8502612726435311], [5, 0.8275355893502381], [9, 0.8226489431380815]], "4": [[13, 0.9582183240017653], [49, 0.9510340687309481], [5, 0.9256149419960386], [40, 0.8946086163053064], [15, 0.8850351451072612]], "5": [[13, 0.9582183240017653], [49, 0.9510340687309481], [5, 0.9256149419960386], [40, 0.8946086163053064], [15, 0.8850351451072612]], "6": [[9, 0.8677435252056195], [13, 0.8570565239015461], [49, 0.8506307306402427], [5, 0.8278951725170667], [51, 0.8273953094454569]], "7": [[13, 0.9582183240017653], [49, 0.9510340687309481], [5, 0.9256149419960386], [40, 0.8946086163053064], [15, 0.8850351451072612]], "8": [[9, 0.765410706346582], [51, 0.7386307200022049], [13, 0.6775626747588566], [49, 0.6724826391390866], [52, 0.6716898696874132]], "9": [[13, 0.9582183240017653], [49, 0.9510340687309481], [5, 0.9256149419960386], [40, 0.8946086163053064], [15, 0.8850351451072612]], "10": [[13, 0.9496307905557917], [49, 0.9425109204369563], [5, 0.9173195994072141], [40, 0.8865911517868927], [9, 0.8801897471177978]]}