{"0": null, "1": [[13, 0.9582183240017653], [49, 0.9510340687309481], [5, 0.9256149419960386], [40, 0.8946086163053064], [15, 0.8850351451072612]], "2": [[13, 0.9582183240017653], [49, 0.9510340687309481], [5, 0.9256149419960386], [40, 0.8946086163053064], [15, 0.8850351451072612]], "3": null, "4": [[13, 0.8193133711821747], [49, 0.8131705577356686], [5, 0.7914362307080764], [40, 0.764924634557887], [15, 0.7567389499756628]], "5": [[15, 0.8898837825765649], [13, 0.824566737359447], [49, 0.8183845367266356], [5, 0.7965108510818054], [16, 0.7945054912537445]], "6": [[13, 0.898506783424628], [49, 0.891770216263477], [5, 0.8679350868071084], [9, 0.86424592370369], [40, 0.8388609256641153]], "7": [[13, 0.9582183240017653], [49, 0.9510340687309481], [5, 0.9256149419960386], [40, 0.8946086163053064], [15, 0.8850351451072612]], "8": [[13, 0.826231197008178], [49, 0.7570641069084784], [5, 0.7368293864997378], [51, 0.7211188238860324], [40, 0.7121470149219343]]}