{"0": [[8, 0.6311750020733599]], "1": [[11, 0.6038576879954624]], "2": null, "3": [[8, 0.6311750020733599]], "4": [[8, 0.6311750020733599]], "5": [[13, 0.893266920226707], [51, 0.8556364211923061], [9, 0.8516001005521017], [49, 0.8507494862037227], [5, 0.8280107539958133]], "6": [[9, 0.765410706346582], [51, 0.7386307200022049], [13, 0.6775626747588566], [49, 0.6724826391390866], [52, 0.6716898696874132]], "7": [[34, 0.7880192146349786], [13, 0.7704914832470308], [51, 0.7260046736920494], [15, 0.7232959424120288], [49, 0.6804239312807255]]}