{"0": null, "1": [[13, 0.943338313468122], [49, 0.880751640469781], [5, 0.8572110142112968], [40, 0.8284960889368601], [15, 0.8196301074332533]], "2": null, "3": null, "4": [[13, 0.9626280657069325], [49, 0.9400581744756217], [5, 0.9149324101514588], [40, 0.8842839287937712], [15, 0.874820945128172]], "5": [[13, 0.8661558548531326], [49, 0.8596618392308991], [5, 0.8366848986994894], [40, 0.8086575589358832], [15, 0.8000038754049477]], "6": null, "7": null, "8": [[8, 0.6311750020733599]], "9": null, "10": [[8, 0.6311750020733599]], "11": [[15, 0.7829244303132902], [34, 0.7750793076931715], [47, 0.7496325768487124], [13, 0.6818023618884934], [16, 0.6664065447753361]], "12": null, "13": [[15, 0.9042270967821491], [13, 0.8570565239015462], [49, 0.8506307306402429], [5, 0.8278951725170668], [16, 0.8168580050963415]], "14": null, "15": null}