{"0": null, "1": [[13, 0.9672440916910504], [49, 0.9273775042041692], [5, 0.9025906673436078], [40, 0.8723556107046984], [15, 0.8630202754962966]], "2": null, "3": null, "4": [[13, 0.9582183240017653], [49, 0.9510340687309481], [5, 0.9256149419960386], [40, 0.8946086163053064], [15, 0.8850351451072612]], "5": null}