{"0": null, "1": null, "2": [[8, 0.6311750020733599]], "3": [[13, 0.9582183240017653], [49, 0.9510340687309481], [5, 0.9256149419960386], [40, 0.8946086163053064], [15, 0.8850351451072612]], "4": [[13, 0.9582183240017653], [49, 0.9510340687309481], [5, 0.9256149419960386], [40, 0.8946086163053064], [15, 0.8850351451072612]], "5": [[13, 0.9362493498838145], [49, 0.9292298073033601], [15, 0.9183624331231679], [5, 0.9043934623034189], [40, 0.874098015490214]]}