{"0": [[13, 0.9582183240017653], [49, 0.9510340687309481], [5, 0.9256149419960386], [40, 0.8946086163053064], [15, 0.8850351451072612]], "1": [[13, 0.9273617667052337], [49, 0.9204088589038232], [15, 0.9199311928869024], [5, 0.895808279175245], [40, 0.8658004195347501]], "2": [[13, 0.9582183240017653], [49, 0.9510340687309481], [5, 0.9256149419960386], [40, 0.8946086163053064], [15, 0.8850351451072612]], "3": [[13, 0.9582183240017653], [49, 0.9510340687309481], [5, 0.9256149419960386], [40, 0.8946086163053064], [15, 0.8850351451072612]], "4": [[13, 0.940527287622061], [49, 0.9042274141791377], [5, 0.8800593302020099], [40, 0.8505790301535175], [15, 0.8414767325695013]], "5": [[13, 0.8993061983334616], [49, 0.8925636375478635], [15, 0.8921004224087746], [5, 0.8687073016207227], [9, 0.8599576711947852]], "6": null, "7": [[11, 0.6038576879954624]], "8": [[8, 0.6311750020733599]]}