{"0": null, "1": [[8, 0.7642189184003092], [35, 0.520164040928424]], "2": [[13, 0.9273617667052337], [49, 0.9204088589038232], [15, 0.9199311928869024], [5, 0.895808279175245], [40, 0.8658004195347501]], "3": [[13, 0.9277993902007037], [49, 0.920843201311022], [5, 0.8962310125296687], [9, 0.8867816855113703], [40, 0.8662089921323917]], "4": null, "5": [[15, 0.9042270967821493], [13, 0.8570565239015463], [49, 0.850630730640243], [5, 0.8278951725170669], [16, 0.8168580050963417]], "6": null, "7": [[13, 0.8902608895140214], [49, 0.883586146057663], [9, 0.8801038264867592], [5, 0.859969759467201], [51, 0.8368221280332091]], "8": [[8, 0.6311750020733599]]}