{"0": [[13, 0.9034168996784754], [49, 0.8966435188521154], [15, 0.8937790931080266], [5, 0.8726781363373223], [9, 0.8617491780256894]], "1": null, "2": [[13, 0.7641562107905648], [49, 0.7584269389246578], [5, 0.7381557929020758], [40, 0.7134289892531775], [15, 0.7057943747905164]], "3": [[11, 0.6038576879954624]], "4": [[11, 0.6038576879954624]], "5": null, "6": null, "7": [[13, 0.9177882580423767], [49, 0.8750856444592858], [51, 0.8599623828491046], [9, 0.858250314714191], [5, 0.8516964582757743]]}