{"0": null, "1": null, "2": [[11, 0.6038576879954624]], "3": null, "4": null, "5": [[15, 0.8850766038428509], [13, 0.8657868574521757], [49, 0.8592956083931108], [5, 0.8363284564364599], [16, 0.8129244349005662]], "6": null}