{"0": [[13, 0.9400145604590883], [49, 0.9329667881597447], [5, 0.9080305615749921], [15, 0.9027683102639137], [40, 0.8776132789103254]], "1": [[13, 0.9263571738188328], [49, 0.9194117979666225], [15, 0.9011468226816818], [5, 0.8948378675655063], [9, 0.8699631840398395]], "2": [[13, 0.8567170957581955], [51, 0.8417829730514952], [9, 0.8166575520607355], [49, 0.8005522254144003], [5, 0.779155159689009]], "3": [[8, 0.6948901604538317]]}