{"0": null, "1": [[13, 0.9582183240017653], [49, 0.9510340687309481], [5, 0.9256149419960386], [40, 0.8946086163053064], [15, 0.8850351451072612]], "2": [[13, 0.9386962799571836], [49, 0.9316583914843198], [15, 0.9175809447332977], [5, 0.9067571355720233], [40, 0.8763825102366624]], "3": [[9, 0.8677435252056196], [13, 0.8570565239015462], [49, 0.8506307306402429], [5, 0.8278951725170668], [51, 0.8273953094454569]], "4": [[13, 0.9582183240017653], [49, 0.9510340687309481], [5, 0.9256149419960386], [40, 0.8946086163053064], [15, 0.8850351451072612]], "5": [[51, 0.6677382361973959], [13, 0.6461833510658781], [34, 0.5719936901142236], [9, 0.5685918066971073], [49, 0.5435697682635825]]}