{"0": [[13, 0.9582594240329355], [49, 0.9066469862874262], [5, 0.8824142322715617], [40, 0.8528550475192628], [15, 0.8437283936007556]], "1": [[13, 0.9379096747524114], [49, 0.9308776838630595], [5, 0.9059972946122425], [40, 0.8756481224920397], [15, 0.866277553141924]], "2": null, "3": null, "4": [[11, 0.6038576879954624]], "5": null, "6": [[8, 0.6311750020733599]], "7": [[8, 0.7278455756615746]], "8": [[8, 0.6712479394202286]], "9": null, "10": null, "11": null, "12": [[13, 0.8566109720021394], [51, 0.8417094051360785], [9, 0.8164505086605298], [49, 0.8003492651229369], [5, 0.778957624096345]], "13": [[13, 0.8843423657964472], [9, 0.8782079605931955], [49, 0.877711996554345], [5, 0.8542526135409304], [51, 0.8354689503842728]], "14": [[8, 0.6311750020733599]], "15": null, "16": null, "17": null, "18": null, "19": null, "20": [[11, 0.6038576879954624]], "21": null, "22": null, "23": null, "24": [[13, 0.9582183240017653], [49, 0.9510340687309481], [5, 0.9256149419960386], [40, 0.8946086163053064], [15, 0.8850351451072612]], "25": [[8, 0.6797184790105888]], "26": [[13, 0.9051789717120631], [51, 0.8549358857495315], [49, 0.8512167968328835], [9, 0.8374593803240024], [5, 0.8284655744014398]], "27": [[8, 0.7616018706021619], [35, 0.5315628083507489]], "28": [[8, 0.6311750020733599]], "29": null, "30": [[13, 0.9550509876403144], [49, 0.9238827117941496], [5, 0.8991892833340898], [9, 0.872065424679618], [40, 0.8690681665373471]], "31": null, "32": null, "33": [[8, 0.6311750020733599]], "34": null, "35": null, "36": null, "37": null, "38": [[9, 0.8528450005222712], [13, 0.8250079502893227], [49, 0.8188224416564057], [51, 0.8151368099778858], [5, 0.7969370517401161]], "39": null, "40": null, "41": null, "42": null, "43": [[8, 0.7014341254648473]], "44": null, "45": null, "46": null, "47": [[8, 0.7597085304763977], [35, 0.5321046459182611]], "48": null, "49": null, "50": null, "51": [[11, 0.6038576879954624]], "52": [[8, 0.7120226675256164]], "53": null, "54": null, "55": null, "56": null, "57": null, "58": [[13, 0.9582183240017653], [49, 0.9510340687309481], [5, 0.9256149419960386], [40, 0.8946086163053064], [15, 0.8850351451072612]], "59": [[8, 0.6311750020733599]], "60": null, "61": null, "62": [[13, 0.8764717823438085], [49, 0.7873750178869918], [51, 0.7715956833129678], [5, 0.7663301510145798], [40, 0.7406595603932287]], "63": [[13, 0.8707864357732568], [49, 0.864257702305884], [5, 0.8411579240867401], [40, 0.8129807465496847], [15, 0.8042807993104077]], "64": null, "65": [[8, 0.6262383553369575]]}