{"0": null, "1": null, "2": [[13, 0.9542729459251459], [49, 0.9471182711815763], [5, 0.921803805423017], [40, 0.8909251454996289], [15, 0.8813910922112977]], "3": null, "4": [[13, 0.9582183240017653], [49, 0.9510340687309481], [5, 0.9256149419960386], [40, 0.8946086163053064], [15, 0.8850351451072612]], "5": [[8, 0.7652149740030175], [35, 0.5278341066970765]], "6": [[13, 0.9582183240017653], [49, 0.9510340687309481], [5, 0.9256149419960386], [40, 0.8946086163053064], [15, 0.8850351451072612]]}