{"0": [[13, 0.9582183240017653], [49, 0.9510340687309481], [5, 0.9256149419960386], [40, 0.8946086163053064], [15, 0.8850351451072612]], "1": null, "2": [[8, 0.6311750020733599]], "3": [[13, 0.9582183240017653], [49, 0.9510340687309481], [5, 0.9256149419960386], [40, 0.8946086163053064], [15, 0.8850351451072612]], "4": [[13, 0.9582183240017653], [49, 0.9510340687309481], [5, 0.9256149419960386], [40, 0.8946086163053064], [15, 0.8850351451072612]], "5": [[13, 0.8937515411409469], [49, 0.8870506264752501], [5, 0.8633416416596554], [40, 0.8344213521211734], [15, 0.8254919626250636]], "6": [[13, 0.9107955511720043], [49, 0.8766474047143744], [15, 0.8764215174626979], [5, 0.8532164759864486], [9, 0.8448271350462213]]}