{"0": [[8, 0.6311750020733599]], "1": [[13, 0.8806520749958795], [49, 0.874049373760609], [5, 0.8506878848984527], [40, 0.8221914719478994], [15, 0.8133929580139745]], "2": [[13, 0.9582183240017653], [49, 0.9510340687309481], [5, 0.9256149419960386], [40, 0.8946086163053064], [15, 0.8850351451072612]], "3": [[13, 0.9402658208923832], [49, 0.8758907548078648], [5, 0.8524800497296482], [40, 0.823923602693725], [15, 0.8151065527167705]], "4": [[13, 0.868981211243458], [49, 0.8624660124722169], [5, 0.8394141223282209], [40, 0.811295358806337], [15, 0.8026134473994055]], "5": [[9, 0.7566957465401429], [51, 0.7277396249671726], [13, 0.6919328599488287], [49, 0.6867450836648408], [5, 0.6683898418389129]]}