{"0": [[13, 0.9582183240017653], [49, 0.9510340687309481], [5, 0.9256149419960386], [40, 0.8946086163053064], [15, 0.8850351451072612]], "1": null, "2": null, "3": [[15, 0.9183042821350187], [13, 0.9030725266762816], [49, 0.8963017277913164], [5, 0.8723454806277973], [16, 0.8458212223468023]], "4": [[13, 0.8531036456754554], [49, 0.7938488906952758], [5, 0.7726309909118567], [40, 0.7467493342358037], [51, 0.7394461446109469]], "5": null, "6": null}