{"0": [[13, 0.9582183240017653], [49, 0.9510340687309481], [5, 0.9256149419960386], [40, 0.8946086163053064], [15, 0.8850351451072612]], "1": [[13, 0.9065700362728323], [49, 0.827158397625082], [5, 0.8050502052580798], [51, 0.7927203694485223], [40, 0.7780825670652538]], "2": null, "3": null, "4": [[8, 0.6311750020733599]], "5": [[13, 0.9582183240017653], [49, 0.9510340687309481], [5, 0.9256149419960386], [40, 0.8946086163053064], [15, 0.8850351451072612]], "6": null, "7": null, "8": null, "9": [[9, 0.8386748404798189], [51, 0.8031046512292499], [13, 0.7978460330549917], [49, 0.7918641712759997], [5, 0.7706993188397899]], "10": [[13, 0.9582183240017653], [49, 0.9510340687309481], [5, 0.9256149419960386], [40, 0.8946086163053064], [15, 0.8850351451072612]]}