{"0": null, "1": null, "2": null, "3": null, "4": null, "5": [[11, 0.6038576879954624]], "6": [[13, 0.9582183240017653], [49, 0.9510340687309481], [5, 0.9256149419960386], [40, 0.8946086163053064], [15, 0.8850351451072612]], "7": [[13, 0.9694495633243035], [49, 0.9424077825978397], [5, 0.9172192182241311], [40, 0.8864941331809623], [15, 0.8770074974650062]], "8": null, "9": [[13, 0.9477167721708913], [49, 0.8878891620681149], [5, 0.864157764971817], [40, 0.8352101368672935], [15, 0.8262723063524959]]}