{"0": [[13, 0.9582183240017653], [49, 0.9510340687309481], [5, 0.9256149419960386], [40, 0.8946086163053064], [15, 0.8850351451072612]], "1": null, "2": [[15, 0.8538779952131937], [13, 0.8388437743825415], [49, 0.803265977684826], [5, 0.7817963791079237], [16, 0.7713737823691401]], "3": [[13, 0.8971904843736583], [51, 0.8479541264245232], [49, 0.8348016631821493], [9, 0.819041462828906], [5, 0.8124891825122864]], "4": [[15, 0.8769020616417845], [13, 0.8536217932863474], [49, 0.8157799580743373], [34, 0.8004594173980921], [5, 0.793975887301393]]}