{"0": [[8, 0.6311750020733599]], "1": [[9, 0.8095675090582412], [13, 0.7995969949907454], [49, 0.7936020053501787], [5, 0.7723907042892264], [51, 0.7719243534724254]], "2": null, "3": [[13, 0.9582183240017653], [49, 0.9510340687309481], [5, 0.9256149419960386], [40, 0.8946086163053064], [15, 0.8850351451072612]], "4": [[13, 0.9582183240017653], [49, 0.9510340687309481], [5, 0.9256149419960386], [40, 0.8946086163053064], [15, 0.8850351451072612]], "5": [[9, 0.8515039767345571], [13, 0.8223314259364222], [49, 0.8161659845822329], [51, 0.8140100284908504], [5, 0.7943515961381874]], "6": [[9, 0.8515039767345569], [13, 0.8223314259364221], [49, 0.8161659845822328], [51, 0.8140100284908502], [5, 0.7943515961381873]], "7": [[13, 0.9296083205321423], [49, 0.9226385691620294], [5, 0.8979783939999132], [9, 0.8867325886747541], [40, 0.8678978396739859]], "8": [[13, 0.9582183240017653], [49, 0.9510340687309481], [5, 0.9256149419960386], [40, 0.8946086163053064], [15, 0.8850351451072612]], "9": [[13, 0.9582183240017653], [49, 0.9510340687309481], [5, 0.9256149419960386], [40, 0.8946086163053064], [15, 0.8850351451072612]], "10": [[11, 0.6038576879954624]]}