{"0": [[15, 0.8899048551855466], [13, 0.8479371985443369], [49, 0.8415797775522991], [5, 0.8190861322387463], [16, 0.8061351814089501]], "1": [[13, 0.9312137427096855], [49, 0.9242319546643681], [5, 0.8995291916819486], [9, 0.8866421419135222], [40, 0.8693966886073268]], "2": [[34, 0.7634333289918971], [15, 0.6032111553188129], [47, 0.5876118731799167], [13, 0.5834350951700852], [51, 0.5259228657140952]], "3": null, "4": [[15, 0.8905121255896686], [13, 0.825880477449547], [49, 0.8196884270320567], [5, 0.7977798911604979], [16, 0.795430223187955]], "5": [[15, 0.8254426300249835], [9, 0.7921378381402843], [13, 0.7823819853297374], [49, 0.7765160654646032], [5, 0.755761435395381]], "6": null, "7": [[8, 0.6311750020733599]]}