{"0": [[51, 0.764492435291099], [13, 0.7639032196185171], [9, 0.6802340925792654], [49, 0.6668191768299186], [5, 0.6489965122983256]], "1": null, "2": [[13, 0.92814689911815], [15, 0.9014369136831042], [49, 0.8917514483729422], [5, 0.8679168205425446], [40, 0.8388432712843887]], "3": null, "4": [[13, 0.9582183240017653], [49, 0.9510340687309481], [5, 0.9256149419960386], [40, 0.8946086163053064], [15, 0.8850351451072612]], "5": [[13, 0.9582183240017653], [49, 0.9510340687309481], [5, 0.9256149419960386], [40, 0.8946086163053064], [15, 0.8850351451072612]], "6": null, "7": [[13, 0.9582183240017653], [49, 0.9510340687309481], [5, 0.9256149419960386], [40, 0.8946086163053064], [15, 0.8850351451072612]], "8": [[13, 0.9391349188230197], [49, 0.897759110644035], [5, 0.8737639107230358], [40, 0.8444944951556257], [15, 0.8354573099788613]], "9": [[13, 0.9261038033419091], [15, 0.9200270854233235], [49, 0.9191603271383891], [5, 0.8945931180199937], [40, 0.864625963948129]], "10": [[13, 0.9582183240017653], [49, 0.9510340687309481], [5, 0.9256149419960386], [40, 0.8946086163053064], [15, 0.8850351451072612]], "11": [[9, 0.8413337448259505], [13, 0.8239243943582955], [49, 0.8177470097011089], [51, 0.8030052662410359], [5, 0.7958903638036354]], "12": [[11, 0.6038576879954624]]}