{"0": [[13, 0.9543390618859058], [49, 0.9471838914369967], [5, 0.9218676717879684], [15, 0.9040906328178773], [40, 0.890986872463818]], "1": [[13, 0.9695270316019428], [49, 0.941768136568657], [5, 0.9165966685787855], [40, 0.8858924377549972], [15, 0.8764122409596209]], "2": [[13, 0.9263384028830434], [15, 0.9200111938457842], [49, 0.9193931677661864], [5, 0.8948197353108763], [40, 0.8648449899943055]], "3": [[8, 0.7638775698302616], [35, 0.5301267821835034]], "4": [[13, 0.9582183240017653], [49, 0.9510340687309481], [5, 0.9256149419960386], [40, 0.8946086163053064], [15, 0.8850351451072612]], "5": null, "6": null, "7": [[13, 0.9463666304746682], [49, 0.8856585647524239], [5, 0.8619867867988321], [40, 0.8331118823002542], [15, 0.8241965058277022]], "8": [[8, 0.7646942504762877], [35, 0.5290668228861465]], "9": null, "10": [[15, 0.8118500036324667], [13, 0.7534664105772161], [49, 0.7478172856377486], [5, 0.7278297131803841], [16, 0.7254349903330558]], "11": [[9, 0.840203165055527], [51, 0.804414056461926], [13, 0.8006716604798638], [49, 0.7946686135197789], [5, 0.7734288042811167]], "12": null, "13": [[8, 0.6441466629524057]], "14": null, "15": null}