{"0": [[13, 0.9582183240017653], [49, 0.9510340687309481], [5, 0.9256149419960386], [40, 0.8946086163053064], [15, 0.8850351451072612]], "1": [[9, 0.7301021661233003], [51, 0.7068992746707622], [52, 0.6419810468962257], [13, 0.6254618452666393], [49, 0.6207724363438523]], "2": [[11, 0.6038576879954624]], "3": null, "4": null, "5": [[13, 0.9696160962946413], [49, 0.9394750646657323], [5, 0.9143648856319868], [40, 0.8837354152574736], [15, 0.8742783013973354]], "6": [[8, 0.6311750020733599]], "7": null}