{"0": [[13, 0.9605013645431383], [49, 0.9353990597931414], [5, 0.9103978237382386], [40, 0.8799012423303271], [9, 0.8737455872556632]], "1": [[13, 0.9391207883872021], [49, 0.9320797171564537], [15, 0.9174257074102288], [5, 0.9071672001011458], [40, 0.8767788383903579]], "2": [[9, 0.8677435252056196], [13, 0.8570565239015462], [49, 0.8506307306402429], [5, 0.8278951725170668], [51, 0.8273953094454569]], "3": [[13, 0.9064683739552418], [49, 0.8996721146578616], [15, 0.8949684480033049], [5, 0.8756257841905754], [9, 0.8630284399590665]], "4": [[9, 0.7899063105086334], [51, 0.7898711746927689], [13, 0.7466759332229204], [49, 0.717244829306696], [5, 0.6980743938664243]]}