{"0": null, "1": null, "2": [[15, 0.9014838203965546], [13, 0.8503324216040093], [49, 0.8439570423936196], [5, 0.8213998578249857], [16, 0.8123292326378487]], "3": [[13, 0.9582183240017653], [49, 0.9510340687309481], [5, 0.9256149419960386], [40, 0.8946086163053064], [15, 0.8850351451072612]], "4": [[8, 0.6311750020733599]], "5": [[13, 0.9257610000840122], [49, 0.9188200940527074], [5, 0.8942619786442102], [9, 0.8867757572008605], [40, 0.8643059171064745]], "6": null, "7": null, "8": [[13, 0.9582183240017653], [49, 0.9510340687309481], [5, 0.9256149419960386], [40, 0.8946086163053064], [15, 0.8850351451072612]], "9": null}