{"0": [[15, 0.8977835473554747], [13, 0.8417133391982131], [49, 0.8354025816785722], [5, 0.8130740397298128], [16, 0.806444710616006]], "1": [[13, 0.9694144602814697], [49, 0.9366643060674115], [5, 0.9116292526588996], [40, 0.8810914207434101], [15, 0.87166260104998]], "2": [[13, 0.917190796133686], [49, 0.9103141453262273], [5, 0.88598337591488], [9, 0.867117192718289], [40, 0.8563046316943608]], "3": [[13, 0.8944992487284786], [15, 0.8747360803113181], [49, 0.8443992198849537], [5, 0.8218302168483373], [16, 0.800993535824899]], "4": null, "5": null, "6": [[13, 0.9192849567028502], [49, 0.8831104686281467], [5, 0.859506795888075], [9, 0.850942228404975], [51, 0.8429795923955498]], "7": [[8, 0.6156883915607378]]}