{"0": null, "1": null, "2": null, "3": [[13, 0.9403360224201427], [49, 0.8760006357278619], [5, 0.852586993765339], [40, 0.8240269643092852], [15, 0.8152088082291349]], "4": null, "5": [[13, 0.9615191065996411], [49, 0.9132435257008583], [5, 0.8888344601553915], [40, 0.8590602100797675], [15, 0.8498671528828105]], "6": [[9, 0.7985900415078141], [51, 0.7660461189857675], [13, 0.7479078074693349], [49, 0.7423003582343243], [5, 0.7224602415637351]], "7": [[8, 0.6311750020733599]], "8": [[51, 0.6210228191702142], [13, 0.6173801581216303], [34, 0.5876732620197526]], "9": null, "10": null, "11": null}