{"0": null, "1": [[13, 0.762439807134919], [15, 0.7552866648770583], [34, 0.7502718297196262], [49, 0.7031985923406796], [5, 0.6844035830700133]], "2": [[13, 0.9582183240017653], [49, 0.9510340687309481], [5, 0.9256149419960386], [40, 0.8946086163053064], [15, 0.8850351451072612]], "3": null, "4": [[13, 0.9519444391407985], [49, 0.9448072224093745], [5, 0.9195545260905889], [15, 0.9080123411995794], [40, 0.8887512127118452]], "5": [[13, 0.9582183240017653], [49, 0.9510340687309481], [5, 0.9256149419960386], [40, 0.8946086163053064], [15, 0.8850351451072612]], "6": [[8, 0.6507123766557988]], "7": [[13, 0.9582183240017653], [49, 0.9510340687309481], [5, 0.9256149419960386], [40, 0.8946086163053064], [15, 0.8850351451072612]], "8": [[13, 0.9614217927307195], [49, 0.943056870392634], [5, 0.9178509572766873], [40, 0.8871047101866171], [15, 0.877611540505672]], "9": null, "10": [[13, 0.8857339728078215], [49, 0.8289152277600017], [51, 0.817835872956589], [5, 0.8067600790437797], [9, 0.796656643533908]], "11": [[13, 0.9231872510986091], [49, 0.9162656417862786], [5, 0.8917758014775212], [9, 0.880332266090155], [40, 0.8619030221076264]], "12": [[13, 0.9616347091533185], [49, 0.9134893460094458], [5, 0.8890737102076827], [40, 0.8592914457140689], [15, 0.8500959139962492]], "13": [[13, 0.9582183240017653], [49, 0.9510340687309481], [5, 0.9256149419960386], [40, 0.8946086163053064], [15, 0.8850351451072612]], "14": [[51, 0.7350106365465465], [13, 0.7212720757919218], [9, 0.6392567477713362], [34, 0.6198900523146778], [49, 0.6177423483261052]], "15": null, "16": [[8, 0.6311750020733599]], "17": [[15, 0.8948775496764999], [13, 0.8352335570507726], [49, 0.8289713817883068], [5, 0.8068147321938206], [16, 0.801967113433054]], "18": null, "19": [[13, 0.9205485394338343], [15, 0.8884070222263375], [49, 0.886580761272178], [5, 0.8628843349584687], [40, 0.8339793643175911]], "20": null, "21": [[13, 0.9165031372547282], [49, 0.9096316421793212], [9, 0.8860731614371079], [5, 0.885319114631813], [40, 0.8556626218905559]], "22": [[8, 0.6311750020733599]], "23": null, "24": [[8, 0.6311750020733599]], "25": null, "26": [[13, 0.7438664131882753], [49, 0.7382892643633464], [5, 0.7185563557379834], [40, 0.6944860956521725], [15, 0.6870541946923677]], "27": [[13, 0.9084514832724505], [49, 0.9016403555852598], [9, 0.8847570273590295], [5, 0.8775414182059571], [40, 0.8481454633812376]], "28": null, "29": null, "30": null, "31": [[11, 0.6038576879954624]], "32": [[8, 0.6311750020733599]], "33": [[13, 0.8781042809211702], [49, 0.8715206818075684], [5, 0.8482267795265255], [40, 0.8198128088867637], [15, 0.8110397497292522]], "34": [[9, 0.7766026536433922], [13, 0.7503253592765728], [49, 0.7446997844131135], [51, 0.742369831134725], [5, 0.7247955361618218]], "35": [[9, 0.8568516642131129], [13, 0.8331722172834541], [49, 0.8269254969446913], [51, 0.8184845574068478], [5, 0.8048235295196823]], "36": [[13, 0.9533280227453679], [49, 0.9168612939864432], [5, 0.8923555331557365], [15, 0.882869988356606], [40, 0.8624633338862565]], "37": [[13, 0.9678317433056307], [49, 0.9292933539091022], [5, 0.9044553104429566], [40, 0.8741577918356709], [15, 0.8648031709543653]], "38": [[13, 0.9375507789056695], [49, 0.871679590197288], [5, 0.8483814406314945], [40, 0.8199622891412788], [51, 0.8129590571921838]], "39": [[8, 0.6311750020733599]], "40": [[9, 0.8677435252056196], [13, 0.8570565239015462], [49, 0.8506307306402429], [5, 0.8278951725170668], [51, 0.8273953094454569]], "41": [[13, 0.8844835168759927], [49, 0.8778520893516996], [5, 0.854388961954474], [40, 0.8257685700193573], [15, 0.8169317765017847]], "42": null, "43": [[13, 0.8980969123587811], [49, 0.8913634182116724], [9, 0.8823490268574051], [5, 0.8675391616057877], [40, 0.8384782631978525]], "44": [[9, 0.8638330005662764], [13, 0.8481338743625096], [49, 0.8417749787907775], [51, 0.8242350960384882], [5, 0.819276116161481]]}