{"0": null, "1": [[13, 0.771629094816224], [34, 0.7570238785781881], [15, 0.7479192771989024], [49, 0.7035877640558054], [5, 0.6847823530493089]], "2": null, "3": null, "4": null, "5": [[13, 0.9582183240017653], [49, 0.9510340687309481], [5, 0.9256149419960386], [40, 0.8946086163053064], [15, 0.8850351451072612]], "6": [[8, 0.7617218278826889], [35, 0.5315144937115339]]}