{"0": [[13, 0.9493107624039889], [49, 0.9421932917006925], [5, 0.9170104602144559], [15, 0.9110673390458781], [40, 0.8862923681643177]], "1": null, "2": [[13, 0.9598718807386157], [49, 0.9319204556892952], [5, 0.9070121953557503], [40, 0.8766290260067114], [15, 0.8672479597181866]], "3": null, "4": null, "5": [[15, 0.8824526447722154], [13, 0.8095387523832643], [49, 0.8034692242777576], [16, 0.7838222053618819], [5, 0.7819941933498238]], "6": [[13, 0.9582183240017653], [49, 0.9510340687309481], [5, 0.9256149419960386], [40, 0.8946086163053064], [15, 0.8850351451072612]], "7": [[13, 0.9289674628438638], [49, 0.8827351452109949], [51, 0.8594872644218391], [5, 0.8591415040710738], [9, 0.8545109088075389]], "8": null, "9": [[13, 0.7287849786308077], [49, 0.7233209030721659], [9, 0.7094052983632531], [5, 0.7039880670469171], [40, 0.6804058166975714]], "10": null, "11": null, "12": null, "13": null, "14": [[13, 0.9582183240017653], [49, 0.9510340687309481], [5, 0.9256149419960386], [40, 0.8946086163053064], [15, 0.8850351451072612]], "15": [[34, 0.8039727702720234], [15, 0.742626622773622], [47, 0.7283394642257232], [13, 0.652443054235806], [54, 0.6347670075204698]]}