{"0": [[13, 0.9582183240017653], [49, 0.9510340687309481], [5, 0.9256149419960386], [40, 0.8946086163053064], [15, 0.8850351451072612]], "1": null, "2": [[13, 0.9654814492481937], [49, 0.9224212454876768], [5, 0.8977668789271686], [40, 0.8676934099505982], [15, 0.8584079663303449]], "3": null, "4": null, "5": [[13, 0.9582183240017653], [49, 0.9510340687309481], [5, 0.9256149419960386], [40, 0.8946086163053064], [15, 0.8850351451072612]], "6": [[11, 0.6038576879954624]]}