{"0": [[13, 0.9582183240017653], [49, 0.9510340687309481], [5, 0.9256149419960386], [40, 0.8946086163053064], [15, 0.8850351451072612]], "1": [[15, 0.9201328515611868], [13, 0.9192505543848014], [49, 0.9123584605110795], [5, 0.8879730508839098], [40, 0.8582276563671287]], "2": null, "3": null, "4": null, "5": [[13, 0.9582183240017653], [49, 0.9510340687309481], [5, 0.9256149419960386], [40, 0.8946086163053064], [15, 0.8850351451072612]], "6": null, "7": [[13, 0.9582183240017653], [49, 0.9510340687309481], [5, 0.9256149419960386], [40, 0.8946086163053064], [15, 0.8850351451072612]], "8": null, "9": [[15, 0.9201328515611868], [13, 0.9192505543848014], [49, 0.9123584605110795], [5, 0.8879730508839098], [40, 0.8582276563671287]], "10": [[13, 0.9582183240017653], [49, 0.9510340687309481], [5, 0.9256149419960386], [40, 0.8946086163053064], [15, 0.8850351451072612]], "11": [[13, 0.857092870400549], [15, 0.8517608201327331], [34, 0.812194735514794], [49, 0.8012742941885068], [5, 0.7798579290938459]]}