{"0": [[13, 0.9582183240017653], [49, 0.9510340687309481], [5, 0.9256149419960386], [40, 0.8946086163053064], [15, 0.8850351451072612]], "1": [[13, 0.9426206157413793], [49, 0.9028580926010662], [5, 0.878726607690027], [40, 0.8492909512901913], [15, 0.8402024378187737]], "2": null, "3": null, "4": [[15, 0.8091938182441425], [9, 0.7759162502008481], [13, 0.7582125038248587], [49, 0.7525277949849626], [51, 0.7407531283475163]], "5": [[8, 0.6311750020733599]], "6": [[13, 0.9582183240017653], [49, 0.9510340687309481], [5, 0.9256149419960386], [40, 0.8946086163053064], [15, 0.8850351451072612]]}