{"0": [[13, 0.9582183240017653], [49, 0.9510340687309481], [5, 0.9256149419960386], [40, 0.8946086163053064], [15, 0.8850351451072612]], "1": null, "2": null, "3": null, "4": [[8, 0.6845985060792305]], "5": [[13, 0.810163349920325], [49, 0.8040891388860584], [5, 0.7825975389533841], [9, 0.7727967022853481], [40, 0.7563820220287902]], "6": [[13, 0.9582183240017653], [49, 0.9510340687309481], [5, 0.9256149419960386], [40, 0.8946086163053064], [15, 0.8850351451072612]]}