{"0": [[13, 0.9582183240017653], [49, 0.9510340687309481], [5, 0.9256149419960386], [40, 0.8946086163053064], [15, 0.8850351451072612]], "1": [[13, 0.9684790992254503], [49, 0.9457962428307346], [5, 0.9205171120904487], [40, 0.8896815539264677], [15, 0.8801608086790954]], "2": [[13, 0.9582183240017653], [49, 0.9510340687309481], [5, 0.9256149419960386], [40, 0.8946086163053064], [15, 0.8850351451072612]], "3": [[13, 0.9582183240017653], [49, 0.9510340687309481], [5, 0.9256149419960386], [40, 0.8946086163053064], [15, 0.8850351451072612]], "4": [[13, 0.934200763472253], [49, 0.9271965801970388], [5, 0.902414579052061], [9, 0.8863421796599584], [40, 0.8721854210332691]], "5": [[8, 0.6311750020733599]]}