{"0": [[13, 0.92683428195876], [15, 0.8969106197623198], [49, 0.8871095047088347], [5, 0.8633989462027376], [40, 0.8344767370719438]], "1": [[13, 0.9669568061781655], [49, 0.9265022394344241], [5, 0.901738796547686], [40, 0.871532275946978], [15, 0.8622057514871491]], "2": [[13, 0.6437100255324599], [49, 0.5871162386600578], [5, 0.5714238648857536], [51, 0.5629585609449359], [40, 0.552282261117023]], "3": [[13, 0.9582183240017653], [49, 0.9510340687309481], [5, 0.9256149419960386], [40, 0.8946086163053064], [15, 0.8850351451072612]], "4": [[13, 0.9257597653598844], [49, 0.9188188685859411], [5, 0.8942607859315754], [40, 0.8643047643474261], [15, 0.8550555836252616]], "5": [[11, 0.6038576879954624]], "6": null, "7": [[13, 0.9582183240017653], [49, 0.9510340687309481], [5, 0.9256149419960386], [40, 0.8946086163053064], [15, 0.8850351451072612]], "8": [[13, 0.8558408546325154], [49, 0.8494241758685398], [5, 0.8267208663993952], [40, 0.7990273026118158], [15, 0.7904766752999552]], "9": null, "10": null, "11": null, "12": null, "13": [[13, 0.8989011279290076], [49, 0.8921616041644258], [5, 0.8683160137382732], [9, 0.8651385552939566], [40, 0.8392290922735132]], "14": [[13, 0.9375029601960192], [49, 0.9304740186547357], [5, 0.9056044185201305], [40, 0.8752684069956737], [15, 0.8659019010933068]], "15": [[13, 0.9243745188276921], [49, 0.9174440079589761], [5, 0.8929226724177463], [9, 0.8867375699200957], [40, 0.8630114750704783]], "16": [[15, 0.8471489736847042], [13, 0.7844008000716076], [49, 0.7785197441147428], [9, 0.7706333544050676], [5, 0.7577115599582186]], "17": [[13, 0.9606260638719296], [49, 0.9374929833531943], [5, 0.9124357811556514], [15, 0.9048344392959189], [40, 0.8818709320820387]]}