{"0": null, "1": [[13, 0.9296083205321424], [49, 0.9226385691620295], [15, 0.9196910993878875], [5, 0.8979783939999133], [40, 0.8678978396739859]], "2": [[8, 0.6311750020733599]], "3": [[13, 0.9603492058309895], [49, 0.9380626489474111], [5, 0.9129902207948661], [40, 0.8824067990564775], [9, 0.8750957999855122]], "4": [[15, 0.9170517600104146], [13, 0.8969374979384019], [49, 0.8902126965171074], [5, 0.866419196265335], [16, 0.8422294856532485]], "5": [[13, 0.9582183240017653], [49, 0.9510340687309481], [5, 0.9256149419960386], [40, 0.8946086163053064], [15, 0.8850351451072612]], "6": [[13, 0.9296083205321424], [49, 0.9226385691620295], [15, 0.9196910993878875], [5, 0.8979783939999133], [40, 0.8678978396739859]]}