{"0": [[13, 0.9582183240017653], [49, 0.9510340687309481], [5, 0.9256149419960386], [40, 0.8946086163053064], [15, 0.8850351451072612]], "1": [[13, 0.9525511279438514], [49, 0.9454093625546509], [5, 0.920140572304882], [40, 0.8893176275017027], [15, 0.8798007767385575]], "2": [[13, 0.9202362292229236], [49, 0.9133367452383326], [15, 0.8995948616485155], [5, 0.888925188132032], [9, 0.8681406037667314]]}