{"0": [[13, 0.9679962912644615], [49, 0.9298685057897762], [5, 0.9050150897318093], [40, 0.8746988195917236], [15, 0.8653384090125037]], "1": null, "2": [[13, 0.9079259582527786], [49, 0.9011187706967647], [15, 0.8784787638589596], [5, 0.8770337741770164], [9, 0.8535954557463172]], "3": [[13, 0.9582183240017653], [49, 0.9510340687309481], [5, 0.9256149419960386], [40, 0.8946086163053064], [15, 0.8850351451072612]], "4": null, "5": null, "6": [[13, 0.9331950441046597], [49, 0.8650641530356324], [5, 0.841942820096233], [40, 0.8137393500478972], [51, 0.8102636533061958]], "7": [[8, 0.6311750020733599]], "8": [[13, 0.9582183240017653], [49, 0.9510340687309481], [5, 0.9256149419960386], [40, 0.8946086163053064], [15, 0.8850351451072612]], "9": [[13, 0.9694869193614466], [49, 0.937320596015546], [5, 0.9122680013664887], [40, 0.8817087725940953], [15, 0.8722733464360571]], "10": [[13, 0.8453008923449218], [49, 0.8389632370954441], [5, 0.8165395263674826], [40, 0.7891870179482584], [15, 0.7807416944308059]], "11": [[13, 0.9313224420654732], [49, 0.8622667970888005], [5, 0.8392202315501421], [40, 0.8111079629975384], [51, 0.8090851577268591]], "12": [[15, 0.9012076740846263], [13, 0.8496727284177439], [49, 0.8433022952662342], [5, 0.8207626107018142], [16, 0.8118818929203995]], "13": [[15, 0.8491271875166237], [13, 0.7981008366509645], [49, 0.7921170644784521], [5, 0.7709454527424706], [16, 0.7637355480794353]], "14": null, "15": [[15, 0.8993493602390719], [13, 0.8453050230879114], [49, 0.8389673368681305], [5, 0.8165435165619268], [16, 0.8089071774581826]], "16": null}