{"0": [[13, 0.9281863986789406], [49, 0.9212273081877869], [15, 0.9198536635235278], [5, 0.8966048530430073], [40, 0.8665703097053723]], "1": [[8, 0.6311750020733599]], "2": [[13, 0.9404724493483712], [49, 0.876214324461519], [5, 0.8527949710516555], [40, 0.8242279747553065], [15, 0.8154076676029661]], "3": [[15, 0.8962994944861805], [13, 0.8383759338455157], [49, 0.8320901985691311], [5, 0.8098501896065411], [16, 0.8041440067267625]], "4": [[13, 0.9384066551699098], [49, 0.9313709381629348], [15, 0.9176833424209418], [5, 0.906477365269204], [40, 0.8761121117025281]]}