{"0": [[13, 0.9582183240017653], [49, 0.9510340687309481], [5, 0.9256149419960386], [40, 0.8946086163053064], [15, 0.8850351451072612]], "1": null, "2": [[13, 0.902593370295725], [15, 0.9006755499907124], [49, 0.8958261638924171], [5, 0.8718826275448551], [40, 0.8426762313565546]], "3": [[13, 0.9435097890538828], [49, 0.8810262283925292], [5, 0.8574782629803409], [40, 0.8287543853845907], [15, 0.8198856397743591]], "4": [[13, 0.883049118333438], [49, 0.824590083126009], [5, 0.8025505363668703], [40, 0.7756666322887862], [15, 0.7673659944141257]], "5": null, "6": null, "7": null, "8": null, "9": null, "10": [[8, 0.6924533091122973]], "11": null}