{"0": [[13, 0.9681556818968914], [49, 0.946419593758167], [5, 0.9211238021676069], [40, 0.8902679210493691], [15, 0.880740900914118]], "1": null, "2": [[13, 0.9582183240017653], [49, 0.9510340687309481], [5, 0.9256149419960386], [40, 0.8946086163053064], [15, 0.8850351451072612]], "3": [[13, 0.925190453137561], [15, 0.9200805431650728], [49, 0.918253824789958], [5, 0.8937108445597148], [40, 0.8637732449570105]], "4": null, "5": [[8, 0.6311750020733599]], "6": [[13, 0.9183662147842404], [49, 0.9114807512590282], [5, 0.8871188009415171], [9, 0.8862926663956796], [40, 0.8574020221597823]], "7": [[15, 0.9148253504177806], [13, 0.8880542963080506], [49, 0.8813960968150807], [5, 0.8578382456031959], [16, 0.8368504648191696]], "8": null, "9": [[9, 0.8677435252056196], [13, 0.8570565239015462], [49, 0.8506307306402429], [5, 0.8278951725170668], [51, 0.8273953094454569]], "10": [[13, 0.9627050288978702], [49, 0.9389616481743502], [5, 0.9138651916762018], [40, 0.8832524600910445], [15, 0.8738005144768761]]}