{"0": [[9, 0.8309774769739477], [51, 0.7964760078328199], [13, 0.7839162514708679], [49, 0.7780388284239064], [5, 0.7572434981254048]], "1": null, "2": [[13, 0.9582183240017653], [49, 0.9510340687309481], [5, 0.9256149419960386], [40, 0.8946086163053064], [15, 0.8850351451072612]], "3": null, "4": [[13, 0.9582183240017653], [49, 0.9510340687309481], [5, 0.9256149419960386], [40, 0.8946086163053064], [15, 0.8850351451072612]], "5": [[13, 0.9166000834395126], [49, 0.9097278615087309], [9, 0.8860854457653308], [5, 0.8854127622223028], [40, 0.8557531324663336]], "6": [[13, 0.9159315210560364], [49, 0.8400969130607038], [5, 0.8176429015748781], [51, 0.7990527861318086], [40, 0.7902534322019275]], "7": [[15, 0.8022072392262152], [13, 0.7348262207026554], [49, 0.7293168508471817], [16, 0.7119999892229296], [5, 0.7098237558350048]], "8": [[15, 0.9042270967821491], [13, 0.8570565239015462], [49, 0.8506307306402429], [5, 0.8278951725170668], [16, 0.8168580050963415]], "9": [[8, 0.7635790810517711], [35, 0.5304034876389474]], "10": null, "11": [[8, 0.6311750020733599]]}