{"0": null, "1": [[8, 0.6311750020733599]], "2": null, "3": null, "4": [[9, 0.8305221828590019], [51, 0.7960823123519454], [13, 0.7831066938600172], [49, 0.7772353404825527], [5, 0.7564614857152471]], "5": null, "6": [[13, 0.9582183240017653], [49, 0.9510340687309481], [5, 0.9256149419960386], [40, 0.8946086163053064], [15, 0.8850351451072612]], "7": [[8, 0.6311750020733599]], "8": [[13, 0.9582183240017653], [49, 0.9510340687309481], [5, 0.9256149419960386], [40, 0.8946086163053064], [15, 0.8850351451072612]], "9": null, "10": null, "11": null, "12": null, "13": [[13, 0.9213930176525494], [15, 0.8943457420770189], [49, 0.8802310522917444], [5, 0.8567043402528547], [40, 0.8280063875844788]], "14": null}