{"0": [[13, 0.8173637977821243], [49, 0.760460436005214], [5, 0.7401349389118288], [40, 0.7153418376666152], [51, 0.7085230809136355]], "1": [[8, 0.6311750020733599]], "2": [[13, 0.8516693077758062], [51, 0.8381681494157919], [9, 0.8072079832340167], [49, 0.791289011801366], [5, 0.7701395321599478]], "3": [[13, 0.9582183240017653], [49, 0.9510340687309481], [5, 0.9256149419960386], [40, 0.8946086163053064], [15, 0.8850351451072612]], "4": null, "5": [[13, 0.9460823718429052], [49, 0.9389891060429422], [5, 0.9138919156541114], [40, 0.8832782888669374], [15, 0.8738260668514046]], "6": null, "7": null, "8": null, "9": [[13, 0.9582183240017653], [49, 0.9510340687309481], [5, 0.9256149419960386], [40, 0.8946086163053064], [15, 0.8850351451072612]], "10": null, "11": [[13, 0.9353867310659013], [49, 0.868372765975229], [5, 0.8451630008183165], [40, 0.8168516608904858], [51, 0.8116283772199434]], "12": [[13, 0.9582183240017653], [49, 0.9510340687309481], [5, 0.9256149419960386], [40, 0.8946086163053064], [15, 0.8850351451072612]], "13": null, "14": null, "15": null, "16": null, "17": [[11, 0.6038576879954624]]}