{"0": [[13, 0.9582183240017653], [49, 0.9510340687309481], [5, 0.9256149419960386], [40, 0.8946086163053064], [15, 0.8850351451072612]], "1": [[9, 0.8677435252056196], [13, 0.8570565239015462], [49, 0.8506307306402429], [5, 0.8278951725170668], [51, 0.8273953094454569]], "2": [[13, 0.9582183240017653], [49, 0.9510340687309481], [5, 0.9256149419960386], [40, 0.8946086163053064], [15, 0.8850351451072612]], "3": [[11, 0.6038576879954624]], "4": [[11, 0.6038576879954624]], "5": null, "6": null, "7": null, "8": [[51, 0.7370611083371795], [9, 0.6704916549102632], [13, 0.6650450720789925], [8, 0.5998581300115216], [49, 0.5890876543483052]]}