{"0": [[13, 0.9106272610445737], [49, 0.8695547128914722], [5, 0.8463133567963949], [9, 0.8373721167891354], [51, 0.8363647574553734]], "1": null, "2": [[13, 0.8728530190939064], [49, 0.8121754184919407], [5, 0.7904676894290135], [40, 0.7639885375544953], [51, 0.7565858815764809]], "3": null, "4": [[13, 0.9194526527449922], [49, 0.8450581395467104], [5, 0.8224715249828722], [51, 0.8013946917555612], [40, 0.7949203059846365]], "5": [[13, 0.937456912131], [49, 0.9092303411499375], [5, 0.8849285395291443], [9, 0.8607262704287133], [40, 0.8552851303048992]], "6": [[15, 0.8835387484046932], [13, 0.8116823371966948], [49, 0.8055967375341028], [16, 0.7853573544382586], [5, 0.784064842682077]], "7": [[13, 0.9179024031428475], [49, 0.9110204170518963], [5, 0.886670770492932], [9, 0.8862413404902997], [40, 0.8569689998721268]], "8": [[8, 0.7555877511529846], [35, 0.5324245439846029]], "9": [[13, 0.9582183240017653], [49, 0.9510340687309481], [5, 0.9256149419960386], [40, 0.8946086163053064], [15, 0.8850351451072612]]}