{"0": [[13, 0.9582183240017653], [49, 0.9510340687309481], [5, 0.9256149419960386], [40, 0.8946086163053064], [15, 0.8850351451072612]], "1": [[13, 0.9678316486358016], [49, 0.9292930286596839], [5, 0.9044549938867665], [40, 0.8741574858835063], [15, 0.8648028682762852]], "2": null, "3": null, "4": null, "5": [[9, 0.6839401534152327], [51, 0.6633001174872647], [52, 0.6019879203225901], [33, 0.5923378214275359], [13, 0.5761616169776483]], "6": [[13, 0.9432529959698558], [49, 0.8806151567756276], [5, 0.8570781784372685], [40, 0.8283677029065493], [15, 0.8195030952997964]], "7": null, "8": [[15, 0.8117663347143895], [9, 0.7784807428841295], [13, 0.7619872025522701], [49, 0.7562741928559316], [51, 0.7430588730532062]], "9": null, "10": [[8, 0.6311750020733599]]}