{"0": [[13, 0.9582183240017653], [49, 0.9510340687309481], [5, 0.9256149419960386], [40, 0.8946086163053064], [15, 0.8850351451072612]], "1": [[9, 0.7207478889057555], [51, 0.6968170430476863], [15, 0.6435131747041676], [52, 0.6331969982749328], [13, 0.6265743195340404]], "2": [[11, 0.6038576879954624]], "3": [[8, 0.7311036797643573], [35, 0.5269818774852375]], "4": [[8, 0.7419118275273007], [35, 0.5302192817721322]], "5": null, "6": null, "7": [[34, 0.8016908291724458], [15, 0.6443628993892931], [47, 0.6287148563331593], [13, 0.6158219909229596], [51, 0.552876801386495]]}