{"0": null, "1": [[13, 0.8441527146562782], [51, 0.8363294698567086], [9, 0.8070387708361858], [49, 0.7856402867277356], [5, 0.7646417855457209]], "2": [[13, 0.9582183240017653], [49, 0.9510340687309481], [5, 0.9256149419960386], [40, 0.8946086163053064], [15, 0.8850351451072612]], "3": [[15, 0.9030536453598621], [13, 0.8541403124102309], [49, 0.847736383485324], [5, 0.8250781851324913], [16, 0.8149009384320389]], "4": null, "5": null, "6": [[11, 0.6038576879954624]], "7": null, "8": null, "9": null, "10": null, "11": [[13, 0.9675210432370377], [49, 0.9282566689993667], [5, 0.9034463339255607], [40, 0.8731826140968959], [15, 0.8638384288807794]], "12": [[15, 0.760328292501266], [9, 0.7274001838503356], [51, 0.696855851093736], [13, 0.689260803616258], [49, 0.684093061111953]], "13": [[13, 0.9582183240017653], [49, 0.9510340687309481], [5, 0.9256149419960386], [40, 0.8946086163053064], [15, 0.8850351451072612]], "14": null, "15": [[9, 0.8677435252056196], [13, 0.8570565239015462], [49, 0.8506307306402429], [5, 0.8278951725170668], [51, 0.8273953094454569]], "16": null, "17": null, "18": [[11, 0.6038576879954624]], "19": [[11, 0.6038576879954624]], "20": null, "21": null, "22": [[15, 0.8355010719984448], [13, 0.7732493032831331], [49, 0.7674518558292297], [5, 0.7469394928890714], [9, 0.746365939909745]], "23": null, "24": [[13, 0.9519880428163818], [49, 0.944850499165791], [5, 0.9195966461509497], [40, 0.8887919218309491], [15, 0.8792806967995551]]}