{"0": null, "1": [[13, 0.9358019262075185], [49, 0.9287857381923278], [5, 0.9039612622193578], [40, 0.8736802932802256], [15, 0.8643307822520829]], "2": [[11, 0.6038576879954624]], "3": [[11, 0.6038576879954624]], "4": [[51, 0.7406492944147902], [13, 0.73024639775159], [9, 0.646825217371308], [49, 0.6276694882761356], [34, 0.623822234876004]], "5": [[13, 0.9308630792179898], [49, 0.8615845018904259], [5, 0.8385561726575828], [40, 0.8104661488045473], [51, 0.8087944133660683]], "6": [[9, 0.860898078654207], [13, 0.8417133391982131], [49, 0.8354025816785722], [51, 0.8218322814712637], [5, 0.8130740397298128]], "7": [[13, 0.9395505984822785], [49, 0.8747742251756646], [5, 0.8513933625701388], [40, 0.8228733174703371], [51, 0.814172413224767]]}