{"0": [[13, 0.9582183240017653], [49, 0.9510340687309481], [5, 0.9256149419960386], [40, 0.8946086163053064], [15, 0.8850351451072612]], "1": [[13, 0.920122787043135], [49, 0.8460089571534318], [5, 0.8233969292484299], [51, 0.8018376130824199], [40, 0.7958147109817602]], "2": [[13, 0.9582183240017653], [49, 0.9510340687309481], [5, 0.9256149419960386], [40, 0.8946086163053064], [15, 0.8850351451072612]], "3": [[13, 0.9696007363465885], [49, 0.9407332962593341], [5, 0.9155894873595394], [40, 0.8849189951753264], [15, 0.875449215476689]], "4": [[13, 0.9582183240017653], [49, 0.9510340687309481], [5, 0.9256149419960386], [40, 0.8946086163053064], [15, 0.8850351451072612]], "5": [[34, 0.7182992568901793], [51, 0.6679166406219144], [15, 0.6402322912688692], [13, 0.6245978415210753], [9, 0.6110956655403902]]}