{"0": [[13, 0.9582183240017653], [49, 0.9510340687309481], [5, 0.9256149419960386], [40, 0.8946086163053064], [15, 0.8850351451072612]], "1": null, "2": [[13, 0.9643253363171858], [49, 0.9195457804489047], [5, 0.8949682689797602], [40, 0.864988548070095], [15, 0.855732049976227]], "3": [[13, 0.735950628382432], [51, 0.654881230830876], [49, 0.6445497929076374], [5, 0.6273223418503462], [34, 0.6084883582693612]], "4": null, "5": [[13, 0.9659038498112579], [49, 0.9235326742871381], [5, 0.8988486015883966], [40, 0.8687388969768777], [15, 0.8594422652909703]], "6": [[13, 0.9582183240017653], [49, 0.9510340687309481], [5, 0.9256149419960386], [40, 0.8946086163053064], [15, 0.8850351451072612]], "7": [[9, 0.8677435252056196], [13, 0.8570565239015462], [49, 0.8506307306402429], [5, 0.8278951725170668], [51, 0.8273953094454569]]}