{"0": null, "1": null, "2": [[8, 0.7639724304437101], [35, 0.5195469652583131]], "3": null, "4": null, "5": [[13, 0.9328974678293185], [49, 0.9259030560313946], [5, 0.9011556280481806], [40, 0.8709686424739809], [15, 0.8616481496225241]], "6": [[13, 0.8210676477109178], [49, 0.8149116815516296], [5, 0.7931308179714635], [40, 0.7665624563973207], [15, 0.7583592449995467]], "7": [[11, 0.6038576879954624]], "8": [[13, 0.9461039969177526], [49, 0.9125962349459767], [5, 0.8882044701116765], [9, 0.8718799314430914], [40, 0.8584513234945115]], "9": [[13, 0.9582183240017653], [49, 0.9510340687309481], [5, 0.9256149419960386], [40, 0.8946086163053064], [15, 0.8850351451072612]], "10": null, "11": [[8, 0.7612922384508329], [35, 0.5316783866030536]], "12": [[11, 0.6038576879954624]], "13": null, "14": [[13, 0.9344170168266863], [49, 0.9274112121889261], [5, 0.9026234743853127], [40, 0.8723873187734136], [15, 0.8630516442475973]], "15": null, "16": [[13, 0.9582183240017653], [49, 0.9510340687309481], [5, 0.9256149419960386], [40, 0.8946086163053064], [15, 0.8850351451072612]], "17": null}