{"0": null, "1": [[13, 0.9239846535471022], [49, 0.9170570656987741], [5, 0.8925460723047655], [9, 0.8867221298398613], [40, 0.8626474903391518]], "2": null, "3": [[13, 0.9432613913693546], [49, 0.936189275909902], [15, 0.915543875591952], [5, 0.9111669190515702], [40, 0.8806445744254018]], "4": [[9, 0.721636134467271], [51, 0.696387721208348], [15, 0.673971085167389], [13, 0.6388122160011769], [49, 0.6340227124872987]], "5": [[13, 0.9025953779527139], [15, 0.8676876878324842], [49, 0.8639732882785142], [5, 0.8408811118440429], [9, 0.8361238032923302]]}