{"0": [[13, 0.9582183240017653], [49, 0.9510340687309481], [5, 0.9256149419960386], [40, 0.8946086163053064], [15, 0.8850351451072612]], "1": [[13, 0.956438328740269], [49, 0.9301061146897036], [15, 0.9066097022048415], [5, 0.9052463478490055], [40, 0.8749223310054309]], "2": null, "3": [[11, 0.6038576879954624]], "4": null, "5": null, "6": [[13, 0.9620783279625172], [49, 0.9409202517983696], [5, 0.9157714459729159], [15, 0.9034109529387644], [40, 0.8850948585240603]]}