{"0": [[13, 0.9582183240017653], [49, 0.9510340687309481], [5, 0.9256149419960386], [40, 0.8946086163053064], [15, 0.8850351451072612]], "1": [[13, 0.9042927457465764], [49, 0.8975127982520849], [9, 0.8838756557671953], [5, 0.8735241817397281], [40, 0.8442627966335786]], "2": [[13, 0.9461485470727204], [49, 0.9206377080775183], [5, 0.8960310116951413], [15, 0.8812262353069223], [9, 0.8741156957139473]], "3": [[13, 0.9465224205998469], [49, 0.939425855528181], [5, 0.9143169917504763], [15, 0.9134608692858228], [40, 0.8836891257291571]]}