{"0": null, "1": [[8, 0.7602012405202436], [35, 0.5319974617983549]], "2": [[8, 0.6311750020733599]], "3": null, "4": [[11, 0.6038576879954624]], "5": [[11, 0.6038576879954624]], "6": [[9, 0.7739594629530684], [13, 0.7479947091877915], [49, 0.7423866084059326], [51, 0.7398180889379121], [5, 0.722544186450901]], "7": null, "8": [[11, 0.6038576879954624]], "9": [[8, 0.6311750020733599]], "10": null, "11": [[9, 0.8618871292092087], [13, 0.8438537629737348], [49, 0.8375269575969345], [51, 0.8226446278548357], [5, 0.8151416355784837]]}