{"0": null, "1": [[13, 0.963400713033783], [49, 0.9173816221180604], [5, 0.8928619540182492], [40, 0.8629527906209368], [15, 0.8537180777691853]], "2": null, "3": null, "4": [[11, 0.6038576879954624]], "5": null, "6": [[13, 0.9582183240017653], [49, 0.9510340687309481], [5, 0.9256149419960386], [40, 0.8946086163053064], [15, 0.8850351451072612]], "7": [[9, 0.8677435252056197], [13, 0.8570565239015463], [49, 0.850630730640243], [5, 0.8278951725170669], [51, 0.827395309445457]]}