{"0": null, "1": null, "2": [[15, 0.7202682688961224], [47, 0.706963524137884], [34, 0.6836204583660528], [54, 0.6159703468628466], [9, 0.6117293855674383]], "3": [[8, 0.6311750020733599]], "4": [[13, 0.9582183240017653], [49, 0.9510340687309481], [5, 0.9256149419960386], [40, 0.8946086163053064], [15, 0.8850351451072612]], "5": [[11, 0.6038576879954624]], "6": [[15, 0.8150959666431905], [9, 0.7570245242510325], [13, 0.748780713008417], [49, 0.7431667191519323], [16, 0.7245076257130456]], "7": [[13, 0.9582183240017653], [49, 0.9510340687309481], [5, 0.9256149419960386], [40, 0.8946086163053064], [15, 0.8850351451072612]], "8": [[13, 0.8240010718557943], [15, 0.823735660620826], [49, 0.7749102734720758], [34, 0.7742002952651252], [5, 0.7541985628223675]], "9": [[9, 0.7654107063465818], [51, 0.7386307200022048], [13, 0.6775626747588566], [49, 0.6724826391390865], [52, 0.6716898696874131]], "10": [[13, 0.9427070620629809], [49, 0.9356391026952471], [5, 0.910631450801889], [9, 0.8842364511967871], [40, 0.8801270433353249]], "11": [[15, 0.8942601927091994], [13, 0.8766823569265492], [49, 0.8701094187079618], [5, 0.846853236501062], [16, 0.8223101119719879]], "12": null, "13": [[13, 0.9582183240017653], [49, 0.9510340687309481], [5, 0.9256149419960386], [40, 0.8946086163053064], [15, 0.8850351451072612]], "14": [[13, 0.9582183240017653], [49, 0.9510340687309481], [5, 0.9256149419960386], [40, 0.8946086163053064], [15, 0.8850351451072612]], "15": [[13, 0.9133561704253114], [15, 0.9118740880281153], [49, 0.9065082697776721], [5, 0.8822792233603654], [40, 0.852724561147712]], "16": [[9, 0.825937468974826], [51, 0.7905542217634622], [13, 0.7888734467164835], [49, 0.7829588570289143], [5, 0.7620320247845184]], "17": [[15, 0.8038942212427862], [47, 0.769710681199303], [34, 0.7439883991937046], [16, 0.6842555291433354], [13, 0.6775626747588566]]}