{"0": [[13, 0.9383830365271805], [49, 0.9313474966013092], [15, 0.9176915694795421], [5, 0.9064545502508805], [40, 0.8760900609435707]], "1": [[9, 0.8547094026704689], [13, 0.8287742642075823], [49, 0.8225605175834465], [51, 0.8166982782255751], [5, 0.8005752168134258]], "2": [[13, 0.9582183240017653], [49, 0.9510340687309481], [5, 0.9256149419960386], [40, 0.8946086163053064], [15, 0.8850351451072612]], "3": [[9, 0.8285470628642646], [51, 0.7943725073189429], [13, 0.7796117138283085], [49, 0.7737665641124578], [5, 0.7530854223919982]], "4": null, "5": null, "6": [[9, 0.8187928578751328], [13, 0.808708725771924], [49, 0.8026454208025314], [5, 0.7811924083969934], [51, 0.7807207433242375]], "7": [[9, 0.8677435252056197], [13, 0.8570565239015463], [49, 0.850630730640243], [5, 0.8278951725170669], [51, 0.827395309445457]]}