{"lix": 0.52, "ttr": 1.0, "sent_properties": [0.0, 0.0, 0.0, 0.0, 0.0, 1.0, 0.0], "sentences_map": [{"spec_sentence_features": {"negation": 0, "coreference": 0, "vozvr_verb": 0, "total_vozvr": 0, "prich": 0, "total_prich": 0, "deepr": 0, "total_deepr": 0, "case_complexity": 1.0, "total_case": 1.414213562373095, "mean_depend_length": 0}, "syntax_prop": {"distances_list": [], "sent_vocab_imp": 1.414213562373095}, "sentence_words": [{"word": "Время", "lemma": "время", "vocabulary_prop": {"tf_idf": 0.7071067811865475, "nominal_index": "1"}, "grammar_prop": {"pos": "NOUN", "case": "Nom"}, "lex_vector": [0.06635353714227676, -0.05374864861369133, -0.028870809823274612, 0.04813671484589577, 0.0518203042447567, -0.016587022691965103, -0.02480127662420273, -0.044576335698366165, -0.0693366676568985, 0.01610792800784111, 0.04484653100371361, 0.007454244419932365, -0.009266432374715805, 0.028240619227290154, 0.09694765508174896, -0.08521391451358795, 0.053720489144325256, -0.014966011978685856, -0.025702808052301407, -0.04505608230829239, -0.03505726903676987, -0.006090953946113586, -0.0337054543197155, -0.043055616319179535, -0.026213321834802628, 0.07129615545272827, -0.023376084864139557, 0.013624598272144794, 0.03772735595703125, 0.032229162752628326, 0.0378478467464447, 0.07455049455165863, 0.007906627841293812, -0.0056740902364254, 0.06959514319896698, 0.025068167597055435, 0.04316108673810959, 0.047986287623643875, 0.02759561873972416, 0.01165352389216423, 0.09300951659679413, -0.014965208247303963, -0.021625502035021782, -0.050700411200523376, 0.04780006408691406, -0.06759478896856308, -0.003971196711063385, -0.038972288370132446, -0.004668649286031723, -0.09264075756072998, 0.014754466712474823, 0.001436662976630032, -0.02274908684194088, 0.019199904054403305, -0.019391583278775215, 0.02236582525074482, 0.05027392879128456, 0.0628187283873558, 0.05897701159119606, -0.007815565913915634, 0.022040657699108124, -0.020514313131570816, -0.05377914756536484, 0.010074440389871597, 0.047967590391635895, 0.04954221472144127, -0.012119202874600887, -0.005632524378597736, -0.03032740391790867, -0.03817632421851158, 0.06159823387861252, 0.0251367948949337, 0.007789576426148415, 0.02544815093278885, 0.010944057255983353, 0.0627962127327919, 0.030560137704014778, 0.09860323369503021, -0.03248198330402374, -0.016502130776643753, -5.20758330821991e-05, -0.045614928007125854, 0.028776314109563828, -0.04800838604569435, -0.02190987579524517, 0.014974995516240597, -0.043970681726932526, -0.009495364502072334, 0.06929536163806915, -0.01885158382356167, -0.005503129214048386, -0.021835407242178917, -0.012411266565322876, -0.08412783592939377, -0.02090289257466793, 0.01826266385614872, 0.013091197237372398, -0.00033992156386375427, -0.024669669568538666, 0.008064037188887596, 0.019841667264699936, 0.04445895552635193, -0.03867229446768761, 0.0717325508594513, 0.03655264526605606, -0.07645775377750397, -0.03758280724287033, 0.01815863884985447, -0.012136965058743954, -0.09610235691070557, -0.028169754892587662, 0.028920164331793785, -0.04836653918027878, -0.029877642169594765, 0.012592660263180733, -0.05991426855325699, 0.004859378561377525, 0.017797809094190598, -0.008044702932238579, 0.03417696803808212, -0.05239018052816391, -0.03130120411515236, -0.0019262433052062988, 0.03285649046301842, -0.053037989884614944, 0.0477139987051487, -0.05899711325764656, 0.011480885557830334, -0.015863295644521713, 0.06151976436376572, 0.062230534851551056, -0.01208416372537613, 0.033539317548274994, 0.025094127282500267, -0.015255168080329895, -0.023978441953659058, 0.0858430415391922, -0.002730265026912093, 0.06702902913093567, -0.0581231415271759, -0.03548278659582138, 0.04928030073642731, -0.008816443383693695, 0.02966630831360817, 0.02979944832623005, 0.010377021506428719, 0.035537682473659515, 0.019136913120746613, 0.09171086549758911, -0.020132428035140038, -0.027161043137311935, -0.0338052473962307, -0.049517177045345306, 0.016713272780179977, 0.015709999948740005, -0.0439438633620739, -0.015541676431894302, 0.014551232568919659, -0.03790277615189552, -0.03715937212109566, -0.0531155988574028, 0.01085636392235756, 0.04632376506924629, -0.00405802670866251, 0.008163035847246647, 0.008939472958445549, -0.009667817503213882, 0.0034529641270637512, 0.017132453620433807, -0.0077714454382658005, 0.03025594726204872, 0.03477885574102402, 0.02179151400923729, -0.07233532518148422, -0.03736644238233566, 0.05232900381088257, -0.03209942579269409, -0.010775206610560417, 0.031109824776649475, 0.07030808925628662, 0.039837464690208435, -0.05165567249059677, 0.028865767642855644, -0.031581684947013855, -0.034996166825294495, -0.05894453823566437, 0.07408682256937027, -0.04258478060364723, 0.0008228383958339691, 0.01217882614582777, 0.024793917313218117, 0.016307441517710686, 0.035255901515483856, -0.01878427527844906, -0.028885215520858765, 0.0023892857134342194, 0.08892825245857239, -0.003306986764073372, -0.03434474393725395, 0.06388432532548904, -0.05990391969680786, -0.0492081493139267, -0.03872785344719887, -0.002329263836145401, 0.04667817801237106, 0.03711503744125366, -0.017132405191659927, -0.04130849242210388, -0.008109692484140396, 0.028273459523916245, -0.026751648634672165, -0.02276420034468174, -0.015711341053247452, -0.010899793356657028, -0.05265714228153229, 0.017813023179769516, 0.059505645185709, -0.025780554860830307, 0.011159403249621391, -0.004622694104909897, -0.019804572686553, -0.03336571902036667, -0.06473491340875626, 0.03382613882422447, -0.058470044285058975, 0.026471581310033798, -0.028563518077135086, 0.08739513903856277, -0.05402173101902008, -0.030483409762382507, -0.05626499652862549, -0.032367900013923645, -0.01710638403892517, -0.0051809269934892654, 0.03988579660654068, 0.02661282569169998, 0.012513495981693268, 0.02208465151488781, 0.05902799591422081, 0.032701119780540466, -0.023669656366109848, 0.01497315987944603, 0.0516766756772995, -0.02366342395544052, 0.04192148894071579, 0.03941461816430092, 0.023391636088490486, 0.02202657237648964, 0.028810515999794006, 0.0057883369736373425, 0.0621521957218647, 0.04246704280376434, -0.022955819964408875, 0.04580891132354736, 0.011079519987106323, 0.054341502487659454, 0.01003280095756054, 0.05710838362574577, 0.08952373266220093, 0.017710881307721138, 0.059702612459659576, -0.035121869295835495, 0.084800124168396, 0.04093431681394577, 0.046454377472400665, -0.030054498463869095, -0.014063834212720394, 0.012860518880188465, 0.03812554478645325, -0.015161357820034027, 0.03633250668644905, 0.009158069267868996, -7.48801976442337e-05, -0.05512388050556183, -0.054709017276763916, -0.004675261210650206, 0.02978016436100006, 0.007815010845661163, -0.021451573818922043, -0.017015190795063972, 0.009492258541285992, 0.024432800710201263, -0.023018404841423035, -0.03952285647392273, -0.027502499520778656, -0.029969647526741028, 0.030523452907800674, -0.028347304090857506, -0.04138323664665222, 0.03170169144868851, -0.08850643783807755, -0.04767484962940216, -0.07853179425001144, 0.09692949056625366, -0.046377941966056824, 0.04387914389371872, -0.00393096124753356, 0.06989240646362305, -0.08776073902845383, -0.030827604234218597], "lex_trigram": "[ Время новостей"}, {"word": "новостей", "lemma": "новость", "vocabulary_prop": {"tf_idf": 0.7071067811865475, "nominal_index": "2"}, "grammar_prop": {"pos": "NOUN", "case": "Gen"},