{"[ Уже в": [[[413, 0.8943247775041723], "что в в", 0.0], [[461, 0.8384922602931001], "долями в каких", 0.0], [[364, 0.8212097760472885], "продвинуться в их", 0.0], [[166, 0.8200331550025779], "происходили в этих", 0.0], [[101, 0.8151500118695902], "ЛРД в Пасадене", 0.0]], "Уже в ноябре": [[[447, 0.953645220331087], "[ В октябре", 0.0], [[752, 0.9455438064097692], "начнутся в декабре", 0.0], [[269, 0.9276292894021353], "продаж в мае", 0.0], [[32, 0.8871822673532183], "29 июня в", 0.024804529446421274], [[200, 0.8282719811233957], "домов в четверг", 0.0]], "в ноябре в": [[[447, 0.9887250300569613], "[ В октябре", 0.0], [[752, 0.9585955452623067], "начнутся в декабре", 0.0], [[32, 0.9430639166844603], "29 июня в", 0.024804529446421274], [[269, 0.9357372306154543], "продаж в мае", 0.0], [[949, 0.8163911027787059], "переговоров в четверг", 0.0]], "ноябре в вагонах": [[[709, 0.7951666041425793], "будет в два", 0.0], [[196, 0.7678840391151229], "Петровка в одном", 0.0], [[413, 0.7642915391540124], "что в в", 0.0], [[101, 0.7531058103314803], "ЛРД в Пасадене", 0.0], [[269, 0.7331845827744267], "продаж в мае", 0.0]], "в вагонах московского": null, "вагонах московского метро": [[[192, 0.6111069853482269], "В Москве на", 0.0700277305992792], [[191, 0.5519814264455086], "[ В Москве", 0.0]], "московского метро появятся": null, "метро появятся специальные": null, "появятся специальные информационные": [[[626, 0.7539622800174999], "массовой информации различные", 0.0498271657485375], [[627, 0.717329556303677], "информации различные законопроекты", 0.0498271657485375], [[1026, 0.7026589653801694], "сообщает информационное агентство", 0.0808426935619775], [[625, 0.6599354526416541], "средствах массовой информации", 0.04326650308502957], [[409, 0.642328762145961], "осуществлялось а также", 0.0]], "специальные информационные экраны": [[[626, 0.684600035518484], "массовой информации различные", 0.0498271657485375], [[1026, 0.6566524328929151], "сообщает информационное агентство", 0.0808426935619775], [[625, 0.6082182345475027], "средствах массовой информации", 0.04326650308502957], [[627, 0.5936438269770439], "информации различные законопроекты", 0.0498271657485375], [[844, 0.529332257812952], "своей ядерной программе", 0.029057485077713455]], "информационные экраны сообщает": [[[1025, 0.6103119142001943], "Как сообщает информационное", 0.0808426935619775], [[20, 0.5387343359440011], "Кореи сообщает AP", 0.05036239072468087]], "экраны сообщает Эхо": [[[206, 0.7128539243142934], "пожар сообщает РИА", 0.0700277305992792], [[1025, 0.7069042628571669], "Как сообщает информационное", 0.0808426935619775], [[873, 0.6971688080518148], "месяцев сообщает Bloomberg.com", 0.05113492275301333], [[393, 0.6923274884102015], "президента сообщили что", 0.020173264535791668], [[466, 0.6783689103410451], "[ Как сообщает", 0.059700725838095714]], "сообщает Эхо Москвы": null, "Эхо Москвы ]": [[[192, 0.8122552629918206], "В Москве на", 0.0700277305992792], [[191, 0.6126318028346973], "[ В Москве", 0.0], [[1055, 0.5557188010233356], "статусе города Владивостока", 0.037603318065505965], [[1037, 0.5392411583986825], "глава города Владимир", 0.04362399244811412], [[1056, 0.535401360212515], "города Владивостока административного", 0.06968535772829497]], "[ В первую": [[[735, 0.9524468830821902], "поэтому в первые", 0.0], [[784, 0.9524468830821902], "поэтому в первые", 0.0], [[1065, 0.8643488698057069], "сразу во втором", 0.0], [[598, 0.8246216263370647], "участившимися в последнее", 0.0], [[736, 0.72887278949447], "в первые пару", 0.06417838030013426]], "В первую очередь": [[[699, 0.7143295428838343], "уже к первому", 0.0], [[735, 0.7139885927488674], "поэтому в первые", 0.0], [[784, 0.7139885927488674], "поэтому в первые", 0.0], [[63, 0.6990473877868872], "[ Это первое", 0.08278299317053538], [[736, 0.695639788925982], "в первые пару", 0.06417838030013426]], "первую очередь повезет": null, "очередь повезет тем": null, "повезет тем кто": [[[116, 0.6556245008151107], "говорить о том", 0.0], [[554, 0.6527952115379164], "о том что", 0.09633667382185261], [[117, 0.6526589633119124], "о том что", 0.052027412494165134], [[553, 0.6315283025029153], "объявил о том", 0.0], [[546, 0.597806397569695], "в том что", 0.09633667382185261]], "тем кто пользуется": [[[531, 0.6145121052576673], "проверяющие воспользовались горячей", 0.07907287866315013], [[530, 0.5768356724547378], "Также проверяющие воспользовались", 0.06484089165699305], [[161, 0.5040613574820199], "поставить и понять", 0.0]], "кто пользуется Калининской": [[[531, 0.6902480959656847], "проверяющие воспользовались горячей", 0.07907287866315013], [[530, 0.6179497201421216], "Также проверяющие воспользовались", 0.06484089165699305], [[408, 0.5274626220144929], "не осуществлялось отметили", 0.0274701956345495]], "пользуется Калининской линией": [[[534, 0.6250450453922641], "телефонной линией налоговой", 0.07907287866315013], [[1058, 0.6118000900346822], "административного центра Приморского", 0.05784483144401916], [[533, 0.5932386002622875], "горячей телефонной линией", 0.07907287866315013], [[1059, 0.5873051297922153], "центра Приморского края", 0.05784483144401916], [[58, 0.570165663605417], "заявлении Центрального новостного", 0.024804529446421274]], "Калининской линией ]": [[[534, 0.7684080266639473], "телефонной линией налоговой", 0.07907287866315013], [[533, 0.684290954326805], "горячей телефонной линией", 0.07907287866315013]], "[ На экранах": [[[119, 0.6285450814785792], "что на поверхности", 0.031940377620244174], [[904, 0.5513786253821782], "оружия на Корейском", 0.013894619468405362], [[456, 0.5286248838452433], "суд на Януковича", 0.05456640057535233]], "На экранах будет": null, "экранах будет высвечиваться": null, "будет высвечиваться информация": null, "высвечиваться информация которой": [[[626, 0.807369744837426], "массовой информации различные", 0.0498271657485375], [[625, 0.6763212936578118], "средствах массовой информации", 0.04326650308502957], [[439, 0.669764377678898], "Янукович обнародовал данные", 0.12566841831706305], [[209, 0.6275032882649461], "[ Данных пока", 0.1701269442943218], [[216, 0.6250416115039801], "По данным представителя", 0.07976748451746778]], "информация о станции": null, "о станции приближается": null, "станции к которой": null, "к которой приближается": null, "которой приближается поезд": null, "приближается поезд пересадках": null, "поезд пересадках различных": null, "пересадках различных авариях": null, "различных авариях если": null, "авариях если они": null, "если они будут": [[[139, 0.8945875426101655], "из них были", 0.04267569574674601], [[507, 0.7337738844838498], "из них ]", 0.07220829026119616], [[72, 0.6468285305052726], "величину их она", 0.05544073532504896], [[406, 0.6390106702231072], "с ними не", 0.023201764571430143], [[78, 0.5604377360554805], "[ По их", 0.08870767192003974]], "они будут реклама": null, "будут а также": [[[262, 0.9000848563788486], "торговли также была", 0.11578395331733066], [[570, 0.8204314418368255], "закрытию а также", 0.0], [[377, 0.8191862928297222], "государства а также", 0.0], [[378, 0.8009928271614457], "а также некоторые", 0.045229318099137966], [[409, 0.7992935383296996], "осуществлялось а также", 0.0]], "а также реклама": [[[262, 0.7658176731621665], "торговли также была", 0.11578395331733066], [[570, 0.7260798423832525], "закрытию а также", 0.0], [[377, 0.7216087176894375], "государства а также", 0.0], [[378, 0.702528141038747], "а также некоторые", 0.045229318099137966], [[571, 0.6946518271168701], "а также названия", 0.07267164179030539]], "также реклама ]": null, "[ По результатам": [[[864, 0.7665116787315207], "заявление по итогам", 0.04518048793292439], [[106, 0.6807560110123878], "Собранные результаты исследований", 0.06033119395431034], [[1051, 0.6736087921358875], "В результате закон", 0.06968535772829497], [[13, 0.6428569583042771], "в результате столкновения", 0.05036239072468087], [[34, 0.6072011150087482],