{"[ Шесть сотрудников": [[[1022, 0.6424630294144531], "течение шести лет", 0.10672698419656927], [[225, 0.5620153281859789], "корпус четыре ]", 0.09727572313287555], [[257, 0.5589850314368225], "за восемь последних", 0.04310707886481927], [[1021, 0.5318522989660093], "в течение шести", 0.10672698419656927], [[256, 0.5090755848901993], "показателем за восемь", 0.08621415772963854]], "Шесть сотрудников международной": [[[673, 0.6194395851197851], "как представителей российских", 0.11035825414132784], [[1002, 0.6151792138845569], "и федеральных мероприятий", 0.03138735963037905], [[674, 0.6147716769884267], "представителей российских деловых", 0.08551786939161393], [[217, 0.6121959802318011], "данным представителя УГПС", 0.07976748451746778], [[95, 0.6111788397784581], "сообщили представители американской", 0.084999980015061]], "сотрудников международной организации": [[[1002, 0.7572474637734985], "и федеральных мероприятий", 0.03138735963037905], [[1001, 0.7424868298626417], "краевых и федеральных", 0.0], [[674, 0.7349210462906993], "представителей российских деловых", 0.08551786939161393], [[1003, 0.7143716348162241], "федеральных мероприятий охрану", 0.03138735963037905], [[673, 0.6920293415923556], "как представителей российских", 0.11035825414132784]], "международной организации Красный": [[[1002, 0.684327195004995], "и федеральных мероприятий", 0.03138735963037905], [[1001, 0.6838284234158641], "краевых и федеральных", 0.0], [[1003, 0.6597255557948855], "федеральных мероприятий охрану", 0.03138735963037905], [[1000, 0.6339310383736775], "проведение краевых мероприятий", 0.0627747192607581], [[1057, 0.6325805542822813], "Владивостока административного центра", 0.05784483144401916]], "организации Красный Крест": null, "Красный Крест были": null, "Крест были убиты": null, "были убиты на": [[[797, 0.6376535436755649], "Coca-Cola выходит на", 0.03768735297639999], [[810, 0.5564172203491566], "США падают от", 0.03768735297639999]], "убиты на востоке": [[[904, 0.7649878550909914], "оружия на Корейском", 0.013894619468405362], [[456, 0.6873249927202429], "суд на Януковича", 0.05456640057535233], [[193, 0.6202324548442377], "Москве на улице", 0.0700277305992792], [[119, 0.5803810742721316], "что на поверхности", 0.031940377620244174], [[561, 0.5723009522470963], "баз на территории", 0.04816833691092631]], "на востоке Демократической": null, "востоке Демократической Республики": [[[385, 0.7898479112803362], "строительства Союзного государства", 0.06966156637184576], [[346, 0.7897815630487847], "строительстве союзного государства", 0.028437229511918544], [[386, 0.7878910833080359], "Союзного государства России", 0.06296640530338365], [[347, 0.7714952587427705], "союзного государства перезрели", 0.025704132313000727], [[605, 0.7712826529977121], "правительственных и политических", 0.0]], "Демократической Республики Конго": [[[386, 0.7305804341471553], "Союзного государства России", 0.06296640530338365], [[388, 0.7080092427281659], "России и Белоруссии", 0.0], [[385, 0.6961225651262642], "строительства Союзного государства", 0.06966156637184576], [[346, 0.6959128322476715], "строительстве союзного государства", 0.028437229511918544], [[375, 0.6879562180751514], "бюджету Союзного государства", 0.06966156637184576]], "Республики Конго сообщает": [[[19, 0.6700088644173914], "Южной Кореи сообщает", 0.05948967851456999], [[467, 0.6618473034537902], "Как сообщает Украинская", 0.05190805775150755], [[94, 0.6275727305306296], "ТАСС сообщили представители", 0.084999980015061], [[392, 0.6053672134316256], "пресс-службе президента сообщили", 0.017824177408644212], [[95, 0.6035487960475642], "сообщили представители американской", 0.084999980015061]], "Конго сообщает AP": [[[20, 0.96224755906129], "Кореи сообщает AP", 0.05036239072468087], [[21, 0.8250183708701487], "сообщает AP ]", 0.062422885189795885], [[873, 0.7467367541879163], "месяцев сообщает Bloomberg.com", 0.05113492275301333], [[1025, 0.7376787790874654], "Как сообщает информационное", 0.0808426935619775], [[581, 0.7336127035457132], "этом сообщает Агентство", 0.1067778926885787]], "сообщает AP ]": [[[21, 0.9933883872385272], "сообщает AP ]", 0.062422885189795885], [[20, 0.8424792813747355], "Кореи сообщает AP", 0.05036239072468087]], "[ Представитель Красного": [[[2, 0.74058104428512], "пятницу представители Северной", 0.05036239072468087], [[673, 0.6735677267552671], "как представителей российских", 0.11035825414132784], [[953, 0.6532795569369426], "встреча представителей двух", 0.0677246371649309], [[95, 0.6394296274916382], "сообщили представители американской", 0.084999980015061], [[674, 0.5723922220341668], "представителей российских деловых", 0.08551786939161393]], "Представитель Красного Креста": null, "Красного Креста Антонелла": null, "Креста Антонелла Нотари": null, "Антонелла Нотари Antonella": null, "Нотари Antonella Notari": null, "Antonella Notari сообщила": [[[873, 0.8046912464156116], "месяцев сообщает Bloomberg.com", 0.05113492275301333], [[20, 0.7510008910154924], "Кореи сообщает AP", 0.05036239072468087], [[393, 0.7390045913613397], "президента сообщили что", 0.020173264535791668], [[581, 0.7236223591581186], "этом сообщает Агентство", 0.1067778926885787], [[94, 0.7145506187157737], "ТАСС сообщили представители", 0.084999980015061]], "Notari сообщила что": [[[827, 0.9450946897634285], "Ли сообщил что", 0.025264644480503855], [[393, 0.9333636253677188], "президента сообщили что", 0.020173264535791668], [[466, 0.8299549318683628], "[ Как сообщает", 0.059700725838095714], [[1024, 0.8299549318683628], "[ Как сообщает", 0.06710637837013368], [[873, 0.8095419957178636], "месяцев сообщает Bloomberg.com", 0.05113492275301333]], "сообщила что все": null, "что все шесть": [[[257, 0.6053409853589327], "за восемь последних", 0.04310707886481927], [[225, 0.5315255551893923], "корпус четыре ]", 0.09727572313287555]], "все шесть человек": [[[257, 0.6515982564755654], "за восемь последних", 0.04310707886481927], [[1022, 0.6307361746963146], "течение шести лет", 0.10672698419656927], [[90, 0.5794174318548944], "30 человек ]", 0.08870767192003974], [[225, 0.5534197281212613], "корпус четыре ]", 0.09727572313287555], [[89, 0.5202930393568145], "менее 30 человек", 0.08870767192003974]], "шесть человек среди": [[[90, 0.7508909757396607], "30 человек ]", 0.08870767192003974], [[89, 0.6794945584457999], "менее 30 человек", 0.08870767192003974]], "человек среди которых": null, "среди которых четыре": [[[225, 0.802976693761462], "корпус четыре ]", 0.09727572313287555], [[257, 0.759680068684093], "за восемь последних", 0.04310707886481927], [[1022, 0.7077005919190351], "течение шести лет", 0.10672698419656927], [[965, 0.6051481095433073], "лишь около около", 0.08018394577153747], [[1021, 0.5839041988150983], "в течение шести", 0.10672698419656927]], "которых четыре местных": [[[225, 0.73041547614232], "корпус четыре ]", 0.09727572313287555], [[257, 0.6885870101767431], "за восемь последних", 0.04310707886481927], [[1022, 0.6358421698477902], "течение шести лет", 0.10672698419656927], [[965, 0.5760384408358068], "лишь около около", 0.08018394577153747], [[1021, 0.5422989225283744], "в течение шести", 0.10672698419656927]], "четыре местных жителя": null, "местных жителя иностранцев": [[[514, 0.6272168976786403], "простых граждан посетили", 0.054095825911506044]], "жителя и двое": null, "и двое иностранцев": null, "двое иностранцев погибли": null, "иностранцев погибли в": [[[30, 0.6009387524810051], "Корей произошедшая в", 0.024804529446421274], [[166, 0.5813966546554561], "происходили в этих", 0.0], [[75, 0.5702697420294485], "предпочла оставить в", 0.08278299317053538], [[597, 0.5611687078870676], "объясняется участившимися в", 0.043183174375264914], [[55, 0.5571152706896729], "корабля говорится в", 0.024804529446421274]], "погибли в четверг": [[[200, 0.9165587247960414], "домов в четверг", 0.0], [[949, 0.9068941993931628], "переговоров в четверг", 0.0], [[353, 0.8843642355457377],