{"[ Жителя Кении": null, "Жителя Кении приговорили": null, "Кении приговорили годам": [[[1023, 0.6265864896656993], "шести лет ]", 0.10672698419656927], [[872, 0.5971009811893657], "10 месяцев сообщает", 0.06963108669351159], [[150, 0.5914206720444297], "миллионов лет ]", 0.03263447361552221], [[755, 0.5859024206531728], "2014 года ]", 0.07740027627147918], [[450, 0.5651394397655414], "2010 года Украинская", 0.05456640057535233]], "приговорили к трем": null, "к трем годам": [[[1023, 0.8811446623708349], "шести лет ]", 0.10672698419656927], [[150, 0.8697192918960448], "миллионов лет ]", 0.03263447361552221], [[755, 0.8612169625403038], "2014 года ]", 0.07740027627147918], [[450, 0.7419077509481908], "2010 года Украинская", 0.05456640057535233], [[149, 0.7057491770924096], "течение миллионов лет", 0.04267569574674601]], "трем годам тюрьмы": [[[1023, 0.8162331978844081], "шести лет ]", 0.10672698419656927], [[150, 0.8147585988315855], "миллионов лет ]", 0.03263447361552221], [[755, 0.790741011776475], "2014 года ]", 0.07740027627147918], [[450, 0.6938391509521645], "2010 года Украинская", 0.05456640057535233], [[738, 0.6869726476761875], "пару лет деньги", 0.05420608175162145]], "годам тюрьмы за": null, "тюрьмы за то": [[[554, 0.6991089613145134], "о том что", 0.09633667382185261], [[117, 0.6734634968896225], "о том что", 0.052027412494165134], [[553, 0.6699779232993117], "объявил о том", 0.0], [[319, 0.6323614221590275], "[ Тем более", 0.09327312568958669], [[546, 0.6271750473398536], "в том что", 0.09633667382185261]], "за то что": [[[554, 0.9706680541736288], "о том что", 0.09633667382185261], [[117, 0.9647327938931802], "о том что", 0.052027412494165134], [[546, 0.9148562176170513], "в том что", 0.09633667382185261], [[116, 0.8684620596475391], "говорить о том", 0.0], [[118, 0.8533324298416761], "том что на", 0.041565885079915786]], "то что он": [[[554, 0.8474345163029775], "о том что", 0.09633667382185261], [[117, 0.8372497440691643], "о том что", 0.052027412494165134], [[546, 0.8071222497690544], "в том что", 0.09633667382185261], [[118, 0.8059581379446871], "том что на", 0.041565885079915786], [[319, 0.7006753347167878], "[ Тем более", 0.09327312568958669]], "что он продал": [[[330, 0.676835801929613], "уточнил он ]", 0.07182898514734065], [[445, 0.6446973608259753], "которыми он владеет", 0.07276013948707317], [[464, 0.5832498050003384], "предприятиях он владеет", 0.043020776970148986], [[553, 0.5661820730839067], "объявил о том", 0.0], [[554, 0.5443930489975953], "о том что", 0.09633667382185261]], "он продал свою": null, "продал свою 13-летнюю": null, "свою 13-летнюю дочь": null, "13-летнюю дочь ]": null, "[ Отец просил": null, "Отец просил за": null, "просил за нее": null, "за нее 350": null, "нее 350 долларов": null, "350 долларов ]": [[[176, 0.9128462933204685], "миллиарда долларов ]", 0.1821680964711896], [[175, 0.7944535024925796], "2,5 миллиарда долларов", 0.15709509587297532], [[485, 0.7120073389346265], "тысячи рублей ]", 0.0706838746358336], [[481, 0.6807711958352349], "6567 гривен примерно", 0.059700725838095714], [[480, 0.6682842605238295], "составляет 6567 гривен", 0.0706838746358336]], "[ По его": [[[592, 1.0000000000000002], "[ По его", 0.043183174375264914], [[619, 1.0000000000000002], "[ По его", 0.029556727998711743], [[78, 0.8091146999450012], "[ По их", 0.08870767192003974], [[662, 0.7245219681805957], "времени он должен", 0.0838445869857746], [[330, 0.71727656296337], "уточнил он ]", 0.07182898514734065]], "По его словам": [[[592, 0.7363053504975302], "[ По его", 0.043183174375264914], [[619, 0.7363053504975302], "[ По его", 0.029556727998711743], [[662, 0.7350155189922303], "времени он должен", 0.0838445869857746], [[330, 0.7314269032768954], "уточнил он ]", 0.07182898514734065], [[620, 0.7302033234931165], "По его мнению", 0.035001045637799245]], "его словам деньги": null, "словам деньги ему": [[[739, 0.7527988149068849], "лет деньги не", 0.05420608175162145], [[788, 0.7527988149068849], "лет деньги не", 0.05420608175162145], [[662, 0.6507968617621835], "времени он должен", 0.0838445869857746], [[663, 0.5671210342720934], "он должен быть", 0.10364439162827091], [[592, 0.5272710850687029], "[ По его", 0.043183174375264914]], "деньги ему были": [[[662, 0.8344528683246235], "времени он должен", 0.0838445869857746], [[330, 0.8018544670630136], "уточнил он ]", 0.07182898514734065], [[663, 0.773485087195534], "он должен быть", 0.10364439162827091], [[592, 0.7332735473136982], "[ По его", 0.043183174375264914], [[619, 0.7332735473136982], "[ По его", 0.029556727998711743]], "ему были нужны": null, "были нужны на": null, "нужны на лечение": null, "на лечение ]": null, "[ Отец насильно": null, "Отец насильно выдал": null, "насильно выдал ее": null, "выдал ее замуж": null, "ее замуж за": null, "замуж за человека": [[[90, 0.6614001965319114], "30 человек ]", 0.08870767192003974], [[89, 0.5266088858429977], "менее 30 человек", 0.08870767192003974]], "за человека своего": [[[90, 0.9095346272963045], "30 человек ]", 0.08870767192003974], [[89, 0.7764960550072321], "менее 30 человек", 0.08870767192003974]], "человека своего возраста": null, "своего возраста ему": null, "возраста а тот": null, "а тот ему": [[[662, 0.7930585122555299], "времени он должен", 0.0838445869857746], [[330, 0.7590926200392342], "уточнил он ]", 0.07182898514734065], [[592, 0.7075383389634683], "[ По его", 0.043183174375264914], [[619, 0.7075383389634683], "[ По его", 0.029556727998711743], [[919, 0.6928076789902602], "Ли Бон Чжо", 0.01892048331530674]], "тот ему за": [[[662, 0.8184997312901126], "времени он должен", 0.0838445869857746], [[330, 0.7999755184474842], "уточнил он ]", 0.07182898514734065], [[592, 0.7993233066340014], "[ По его", 0.043183174375264914], [[619, 0.7993233066340014], "[ По его", 0.029556727998711743], [[593, 0.6940997256689458], "По его сведениям", 0.043183174375264914]], "ему за это": [[[592, 0.6386374913846207], "[ По его", 0.043183174375264914], [[619, 0.6386374913846207], "[ По его", 0.029556727998711743], [[662, 0.5718429378353713], "времени он должен", 0.0838445869857746], [[330, 0.5569857686917029], "уточнил он ]", 0.07182898514734065], [[554, 0.5496483383375896], "о том что", 0.09633667382185261]], "за это заплатил": null, "это заплатил ]": null, "[ Муж дочери": null, "Муж дочери 19-летний": null, "дочери и его": [[[662, 0.7702646564942046], "времени он должен", 0.0838445869857746], [[330, 0.705851290155211], "уточнил он ]", 0.07182898514734065], [[918, 0.6578851546721447], "объединения Ли Бон", 0.015980541431139257], [[72, 0.645489697338083], "величину их она", 0.05544073532504896], [[592, 0.6348092253675108], "[ По его", 0.043183174375264914]], "и его 19-летний": [[[662, 0.8199464437504731], "времени он должен", 0.0838445869857746], [[330, 0.8001810310312574], "уточнил он ]", 0.07182898514734065], [[592, 0.7234197041339823], "[ По его", 0.043183174375264914], [[619, 0.7234197041339823], "[ По его", 0.029556727998711743], [[918, 0.7013455514410081], "объединения Ли Бон", 0.015980541431139257]], "его 19-летний сын": null, "19-летний сын которые": null, "сын которые выжили": null, "которые выжили девочку": null, "выжили девочку из": null, "девочку из дома": [[[198, 0.9329505343382964], "одном из домов", 0.0700277305992792], [[199, 0.6061262461993259], "из домов в", 0.057423740851982125], [[221, 0.5909564446794447], "крыша дома номер", 0.07976748451746778], [[220, 0.5549168774190993], "горит крыша дома", 0.09727572313287555], [[576, 0.5288214929049374], "некоторых из них", 0.07267164179030539]], "из дома получили": [[[221, 0.6328034948417509], "крыша дома номер", 0.07976748451746778], [[199, 0.632653990311049], "из домов в", 0.057423740851982125], [[198, 0.6041286145878406], "одном из домов", 0.0700277305992792], [[220, 0.553974952420029], "горит крыша дома", 0.09727572313287555]], "дома получили по": [[[980, 0.7396032128265995], "сможет получать из", 0.03138735963037905], [[499, 0.5979306490266878],