{"[ Телеканал ТВЦ": null, "Телеканал ТВЦ решил": null, "ТВЦ решил активно": null, "решил активно использовать": null, "активно использовать в": [[[695, 0.7569879462044953], "планируется представить в", 0.06964866789258818], [[727, 0.7528064198233444], "собираемся инвестировать в", 0.06417838030013426], [[776, 0.7528064198233444], "собираемся инвестировать в", 0.06417838030013426], [[633, 0.722789064076254], "недропользования в любом", 0.0], [[728, 0.713008251680304], "инвестировать в молочный", 0.0]], "использовать в своей": [[[413, 0.8875394189672143], "что в в", 0.0], [[166, 0.8602150126296506], "происходили в этих", 0.0], [[461, 0.8472628439774352], "долями в каких", 0.0], [[597, 0.8415491855363936], "объясняется участившимися в", 0.043183174375264914], [[101, 0.8323493489863558], "ЛРД в Пасадене", 0.0]], "в своей работе": [[[653, 0.783457696130669], "условия работы действующих", 0.08335730767453015], [[652, 0.6651386934198544], "раскладах условия работы", 0.08335730767453015], [[632, 0.6123086497839481], "регулирования недропользования в", 0.0498271657485375], [[633, 0.566991780093879], "недропользования в любом", 0.0], [[433, 0.5598564820425371], "переданы в управление", 0.0]], "своей работе Интернет": [[[653, 0.687341844226654], "условия работы действующих", 0.08335730767453015], [[652, 0.6035289996187883], "раскладах условия работы", 0.08335730767453015]], "работе Интернет ]": null, "[ По сообщению": [[[177, 1.0000000000000009], "[ По сообщению", 0.12872964834180384], [[178, 0.8279251798035336], "По сообщению пожарных", 0.07849231868624094], [[215, 0.6999426834317065], "[ По данным", 0.07976748451746778], [[111, 0.6929871063055069], "Шарп по данным", 0.06033119395431034], [[863, 0.676064871333715], "совместное заявление по", 0.058811524381129236]], "По сообщению Компьюленты": [[[177, 0.8994763957426215], "[ По сообщению", 0.12872964834180384], [[178, 0.835054349828926], "По сообщению пожарных", 0.07849231868624094], [[215, 0.6202917027240898], "[ По данным", 0.07976748451746778], [[216, 0.6119217911913855], "По данным представителя", 0.07976748451746778], [[112, 0.5964484222234849], "по данным ЛРД", 0.06033119395431034]], "сообщению Компьюленты идея": null, "Компьюленты идея состоит": null, "идея состоит в": [[[695, 0.7930980917052448], "планируется представить в", 0.06964866789258818], [[597, 0.6992337475607271], "объясняется участившимися в", 0.043183174375264914], [[491, 0.6986381919283746], "которые входят в", 0.04402867718492656], [[956, 0.6969165646321347], "сторон состоялась в", 0.08018394577153747], [[166, 0.6906763365241112], "происходили в этих", 0.0]], "состоит в том": [[[545, 0.9061422963265486], "Дело в том", 0.0], [[413, 0.8561151618732445], "что в в", 0.0], [[547, 0.8379980338748396], "том что в", 0.09633667382185261], [[709, 0.8248426741080086], "будет в два", 0.0], [[364, 0.8193422895816642], "продвинуться в их", 0.0]], "в том чтобы": [[[546, 0.9459228131755807], "в том что", 0.09633667382185261], [[554, 0.8986990896444819], "о том что", 0.09633667382185261], [[117, 0.8946378953411529], "о том что", 0.052027412494165134], [[116, 0.8401599275381796], "говорить о том", 0.0], [[553, 0.8119029059434097], "объявил о том", 0.0]], "том чтобы соединить": null, "чтобы соединить телевизионный": null, "соединить телевизионный эфир": null, "телевизионный эфир с": null, "эфир с Интернетом": [[[585, 0.7457205814036147], "новостей со ссылкой", 0.0], [[470, 0.7000567804910102], "правда со ссылкой", 0.0], [[405, 0.6894254554949194], "операций с ними", 0.0], [[1028, 0.6677938548328747], "агентство Дейта.Ru с", 0.0], [[833, 0.6366373447362499], "выступить с новой", 0.0]], "с Интернетом самым": null, "Интернетом и тем": [[[319, 0.8006075816390473], "[ Тем более", 0.09327312568958669], [[554, 0.7448161815857591], "о том что", 0.09633667382185261], [[117, 0.7383068726576091], "о том что", 0.052027412494165134], [[546, 0.715714471168033], "в том что", 0.09633667382185261], [[116, 0.688881625485233], "говорить о том", 0.0]], "и тем самым": [[[319, 0.8095284700557764], "[ Тем более", 0.09327312568958669], [[320, 0.6834927576621317], "Тем более что", 0.09327312568958669], [[554, 0.6614774722399457], "о том что", 0.09633667382185261], [[117, 0.6587480963861028], "о том что", 0.052027412494165134], [[546, 0.6270255605602049], "в том что", 0.09633667382185261]], "тем самым создать": [[[252, 0.739217923397333], "что является самым", 0.04310707886481927], [[253, 0.6929489757800747], "является самым низким", 0.04310707886481927]], "самым создать так": null, "создать так называмое": null, "так называмое расширенное": null, "называмое расширенное телевидение": null, "расширенное телевидение ]": null, "[ Это значит": [[[878, 0.7269547634114923], "дали понять что", 0.01892048331530674], [[162, 0.7251599911527441], "и понять какие", 0.07101898247737588], [[161, 0.7236646404820063], "поставить и понять", 0.0], [[115, 0.667665896018814], "позволяют говорить что", 0.06033119395431034], [[670, 0.6596423532031047], "[ Это касается", 0.08551786939161393]], "Это значит что": [[[878, 0.8156490924537165], "дали понять что", 0.01892048331530674], [[879, 0.7609541083313908], "понять что не", 0.03682995808502739], [[115, 0.7538614819277565], "позволяют говорить что", 0.06033119395431034], [[162, 0.7391786431968123], "и понять какие", 0.07101898247737588], [[161, 0.7343362774847079], "поставить и понять", 0.0]], "значит что зритель": [[[879, 0.6763139776713993], "понять что не", 0.03682995808502739], [[6, 0.5630800439327246], "признали что их", 0.05036239072468087], [[555, 0.5629630859792512], "том что собирается", 0.09633667382185261], [[546, 0.5600131157093835], "в том что", 0.09633667382185261], [[117, 0.5592114802649829], "о том что", 0.052027412494165134]], "что зритель может": null, "зритель может смотреть": [[[881, 0.7607027204126924], "не можем согласиться", 0.027789238936810724], [[159, 0.7294729821152557], "мы сможем поставить", 0.06124416995732832], [[638, 0.721003135729396], "не могут относиться", 0.04326650308502957], [[497, 0.7092236126990231], "задаваемых они смогли", 0.07220829026119616], [[880, 0.7042657813567501], "что не можем", 0.03682995808502739]], "может смотреть программу": null, "смотреть программу по": [[[845, 0.6624079794413291], "ядерной программе не", 0.03440319365690339], [[382, 0.5500256379254638], "проблемы по тематике", 0.06966156637184576], [[643, 0.5230675636928577], "действующим проектам проектам", 0.0498271657485375], [[373, 0.5124640434254749], "вопросы по бюджету", 0.06966156637184576]], "программу по телевизору": [[[487, 0.6220178745482248], "Задавая по телефону", 0.04402867718492656], [[322, 0.5097825536445485], "что по этому", 0.07182898514734065]], "по телевизору получать": null, "телевизору и параллельно": null, "и параллельно получать": null, "параллельно получать через": [[[980, 0.7531886674686596], "сможет получать из", 0.03138735963037905], [[499, 0.714190293334242], "смогли получить правильные", 0.03610414513059808], [[877, 0.546948756972633], "четко дали понять", 0.01892048331530674], [[526, 0.5225522017812637], "вопросов дали неверные", 0.054095825911506044]], "получать через Сеть": null, "через Сеть дополнительную": null, "Сеть дополнительную информацию": [[[626, 0.8404080299029087], "массовой информации различные", 0.0498271657485375], [[627, 0.7374969317764024], "информации различные законопроекты", 0.0498271657485375], [[625, 0.7213835730987307], "средствах массовой информации", 0.04326650308502957], [[570, 0.6518255719231159], "закрытию а также", 0.0], [[1026, 0.6326588291963665], "сообщает информационное агентство", 0.0808426935619775]], "дополнительную информацию адреса": [[[626, 0.7391908007590202], "массовой информации различные", 0.0498271657485375], [[216, 0.6809795990874425], "По данным представителя", 0.07976748451746778], [[439, 0.6550509474164578], "Янукович обнародовал данные", 0.12566841831706305], [[112, 0.6389001082782064], "по данным ЛРД", 0.06033119395431034], [[625, 0.6335619608930008],