{"[ Министр экономического": [[[912, 0.7848238132581219], "заместитель министра Южной", 0.015980541431139257], [[509, 0.7623478958457273], "Проверяющие министерства финансов", 0.04435935109895217], [[911, 0.7436456632667168], "заявил заместитель министра", 0.01892048331530674], [[260, 0.7323719939395221], "[ Министерством торговли", 0.09703598921308991], [[668, 0.7304176371485562], "президента и правительством", 0.0]], "Министр экономического развития": [[[605, 0.7237473059413644], "правительственных и политических", 0.0], [[317, 0.7011596544181891], "пенсионном обеспечении образовании", 0.05054611667884718], [[318, 0.6934570179696881], "обеспечении образовании ]", 0.05054611667884718], [[385, 0.6779795778141993], "строительства Союзного государства", 0.06966156637184576], [[346, 0.6722287920527432], "строительстве союзного государства", 0.028437229511918544]], "экономического развития Герман": null, "развития и торговли": [[[261, 0.828589705038003], "Министерством торговли также", 0.09703598921308991], [[260, 0.821167642366222], "[ Министерством торговли", 0.09703598921308991], [[267, 0.5840119774363216], "снижения розничных продаж", 0.08373409699127937], [[386, 0.5550656974217281], "Союзного государства России", 0.06296640530338365], [[284, 0.548928129789145], "на фондовом рынке", 0.04456973850357526]], "и торговли Герман": [[[260, 0.7114770041691707], "[ Министерством торговли", 0.09703598921308991], [[261, 0.6890509027907672], "Министерством торговли также", 0.09703598921308991], [[333, 0.5085513013206445], "России и Белоруссии", 0.0], [[334, 0.5068287064698159], "и Белоруссии Владимир", 0.051408264626001454]], "торговли Герман Греф": null, "Герман Греф опроверг": null, "Греф опроверг сведения": null, "опроверг сведения возможном": [[[626, 0.7245449473380987], "массовой информации различные", 0.0498271657485375], [[594, 0.6829372577299853], "его сведениям это", 0.043183174375264914], [[627, 0.6642974583166629], "информации различные законопроекты", 0.0498271657485375], [[625, 0.6483600500326426], "средствах массовой информации", 0.04326650308502957], [[862, 0.6208681533219509], "согласовать совместное заявление", 0.058811524381129236]], "сведения о своем": [[[626, 0.7028998952406669], "массовой информации различные", 0.0498271657485375], [[237, 0.6372504942387582], "[ Предварительный показатель", 0.04310707886481927], [[627, 0.6340321864397631], "информации различные законопроекты", 0.0498271657485375], [[594, 0.5950693523635034], "его сведениям это", 0.043183174375264914], [[625, 0.5935061722787831], "средствах массовой информации", 0.04326650308502957]], "о своем возможном": [[[892, 0.6781890634171663], "сотрудничество невозможно если", 0.01892048331530674], [[626, 0.6108549076557488], "массовой информации различные", 0.0498271657485375], [[843, 0.5998176768810488], "по своей ядерной", 0.029057485077713455], [[627, 0.5826905583686888], "информации различные законопроекты", 0.0498271657485375], [[933, 0.5817754544014704], "обеспечения взаимной безопасности", 0.0733132974460097]], "своем возможном назначении": [[[627, 0.6417173403874503], "информации различные законопроекты", 0.0498271657485375], [[626, 0.6235864391961757], "массовой информации различные", 0.0498271657485375], [[892, 0.623525239603389], "сотрудничество невозможно если", 0.01892048331530674], [[631, 0.6227513715028286], "вопросов регулирования недропользования", 0.0498271657485375], [[237, 0.6151017715439084], "[ Предварительный показатель", 0.04310707886481927]], "возможном назначении в": [[[632, 0.7405626161050158], "регулирования недропользования в", 0.0498271657485375], [[691, 0.6981154064295505], "ископаемых в собственность", 0.0], [[433, 0.6898771078002086], "переданы в управление", 0.0], [[623, 0.6858161359295732], "обсуждаемые в средствах", 0.0], [[633, 0.6754534256060848], "недропользования в любом", 0.0]], "назначении в мае": [[[447, 0.9237774167624722], "[ В октябре", 0.0], [[269, 0.9233736866861151], "продаж в мае", 0.0], [[752, 0.8966794238856051], "начнутся в декабре", 0.0], [[32, 0.8892810931618969], "29 июня в", 0.024804529446421274], [[949, 0.7866745206825865], "переговоров в четверг", 0.0]], "в мае премьер-министром": [[[270, 0.8492284772612056], "в мае ]", 0.11578395331733066], [[1049, 0.8278684978504984], "30 марта ]", 0.10537121732157961], [[701, 0.7910983119100382], "первому ноября ]", 0.06964866789258818], [[550, 0.7857766693840017], "конце февраля Пентагон", 0.04816833691092631], [[31, 0.766578583246089], "произошедшая 29 июня", 0.024804529446421274]], "мае премьер-министром России": [[[331, 0.9029779879136817], "[ Президенты России", 0.02347102930266891], [[474, 0.8422400694420529], "пресс-службу президента Украины", 0.045863594791982494], [[332, 0.8159442875594582], "Президенты России Владимир", 0.028437229511918544], [[333, 0.8005450471509641], "России и Белоруссии", 0.0], [[668, 0.7789831154708974], "президента и правительством", 0.0]], "премьер-министром России сообщает": [[[331, 0.8181064725837471], "[ Президенты России", 0.02347102930266891], [[332, 0.7978943280113646], "Президенты России Владимир", 0.028437229511918544], [[387, 0.796334888069042], "государства России России", 0.03483078318592288], [[467, 0.7659303101860443], "Как сообщает Украинская", 0.05190805775150755], [[333, 0.7614338652688255], "России и Белоруссии", 0.0]], "России сообщает Интерфакс": [[[94, 0.8888766330164544], "ТАСС сообщили представители", 0.084999980015061], [[93, 0.8647948732301279], "этом ТАСС сообщили", 0.084999980015061], [[206, 0.8604983185682742], "пожар сообщает РИА", 0.0700277305992792], [[581, 0.8375779031460276], "этом сообщает Агентство", 0.1067778926885787], [[467, 0.8269871937236943], "Как сообщает Украинская", 0.05190805775150755]], "сообщает Интерфакс ]": [[[93, 0.8362027889736814], "этом ТАСС сообщили", 0.084999980015061], [[207, 0.8053089972413932], "сообщает РИА Новости", 0.0700277305992792], [[206, 0.7388215024208975], "пожар сообщает РИА", 0.0700277305992792], [[94, 0.7375709936740931], "ТАСС сообщили представители", 0.084999980015061], [[391, 0.6848424309093444], "В пресс-службе президента", 0.0]], "[ У нас": null, "У нас сегодня": [[[325, 0.6078885956199257], "поводу мы давно", 0.08072910761217851]], "нас сегодня в": [[[200, 0.6499460738144522], "домов в четверг", 0.0], [[353, 0.6373119729235872], "начавшийся в пятницу", 0.0], [[0, 0.6294213368719902], "[ В пятницу", 0.0], [[306, 0.6288177408537188], "россиянам в Белоруссии", 0.0], [[303, 0.6243347331263321], "белорусам в России", 0.0]], "сегодня в правительстве": [[[696, 0.810367779849591], "представить в Госдуму", 0.0], [[306, 0.7954524026680632], "россиянам в Белоруссии", 0.0], [[344, 0.7884485207367938], "вопросы в строительстве", 0.0], [[303, 0.78801544275974], "белорусам в России", 0.0], [[589, 0.7726631125681414], "источник в Минобороны", 0.0]], "в правительстве очень": [[[669, 0.6927028888355011], "и правительством ]", 0.07080278907515195], [[668, 0.6523489995457854], "президента и правительством", 0.0], [[347, 0.5070342263452482], "союзного государства перезрели", 0.025704132313000727]], "правительстве очень слаженная": null, "очень слаженная команда": null, "слаженная команда не": null, "команда и я": null, "и я не": null, "я не вижу": [[[879, 0.7564254116268229], "понять что не", 0.03682995808502739], [[327, 0.7173394702038225], "давно не собирались", 0.08072910761217851], [[213, 0.6943813997949834], "пока не поступало", 0.20746826392641957], [[908, 0.6916761761825998], "быть не должно", 0.03682995808502739], [[740, 0.6642306214350876], "деньги не потекут", 0.06417838030013426]], "не вижу оснований": [[[162, 0.6055149486568479], "и понять какие", 0.07101898247737588], [[161, 0.5942440604652839], "поставить и понять", 0.0], [[882, 0.5304708953954239], "можем согласиться наличием", 0.015980541431139257], [[878, 0.5238062354193962], "дали понять что", 0.01892048331530674], [[407, 0.5234813312233242], "ними не осуществлялось", 0.020173264535791668]], "вижу оснований чтобы": null,