{"[ Список памятников": null, "Список памятников находящихся": [[[1005, 0.6519827678232828], "охрану памятников содержание", 0.03138735963037905], [[1004, 0.5708627458711021], "мероприятий охрану памятников", 0.03138735963037905]], "памятников находящихся под": null, "находящихся под угрозой": null, "под угрозой исчезновения": null, "угрозой исчезновения в": [[[165, 0.6080637935776192], "изменения происходили в", 0.07101898247737588], [[691, 0.6003837345225278], "ископаемых в собственность", 0.0], [[166, 0.5924085064014923], "происходили в этих", 0.0], [[11, 0.5921822136276584], "понес потери в", 0.03516796465725913], [[12, 0.5817307273844488], "потери в результате", 0.0]], "исчезновения в ближайшем": [[[413, 0.8968884366102843], "что в в", 0.0], [[166, 0.8725771185459374], "происходили в этих", 0.0], [[101, 0.8717220358174845], "ЛРД в Пасадене", 0.0], [[461, 0.8609021701424586], "долями в каких", 0.0], [[597, 0.8312833640094912], "объясняется участившимися в", 0.043183174375264914]], "в ближайшем будущем": null, "ближайшем будущем составлен": null, "будущем составлен американским": [[[479, 0.6434644699057512], "стоимость составляет примерно", 0.0706838746358336], [[694, 0.6404853192810875], "государству планируется представить", 0.06047813996587426], [[85, 0.6260385071074113], "должны были составить", 0.08870767192003974], [[86, 0.597626343919708], "были составить не", 0.08870767192003974], [[478, 0.5943232875755623], "общая стоимость составляет", 0.059700725838095714]], "составлен американским Фондом": [[[96, 0.7580615467031289], "представители американской Лаборатории", 0.084999980015061], [[95, 0.7241801000523544], "сообщили представители американской", 0.084999980015061], [[674, 0.6324473250242306], "представителей российских деловых", 0.08551786939161393], [[673, 0.6128977263228224], "как представителей российских", 0.11035825414132784], [[719, 0.5942188478804644], "в американских магазинах", 0.06566919444644126]], "американским Фондом мирового": [[[96, 0.6345804477225971], "представители американской Лаборатории", 0.084999980015061], [[386, 0.6129555268910085], "Союзного государства России", 0.06296640530338365], [[674, 0.5988780320146256], "представителей российских деловых", 0.08551786939161393], [[95, 0.5796732726235818], "сообщили представители американской", 0.084999980015061], [[385, 0.5724193986591479], "строительства Союзного государства", 0.06966156637184576]], "Фондом мирового наследия": [[[386, 0.6072802484224227], "Союзного государства России", 0.06296640530338365], [[385, 0.587559684427106], "строительства Союзного государства", 0.06966156637184576], [[346, 0.5811960811385752], "строительстве союзного государства", 0.028437229511918544], [[387, 0.5621345689495945], "государства России России", 0.03483078318592288], [[96, 0.558355118495425], "представители американской Лаборатории", 0.084999980015061]], "мирового наследия ]": null, "[ Все эти": null, "Все эти сооружения": null, "эти сооружения находятся": null, "сооружения находятся в": [[[491, 0.7364334806863643], "которые входят в", 0.04402867718492656], [[75, 0.7019597044235744], "предпочла оставить в", 0.08278299317053538], [[695, 0.6956058300036465], "планируется представить в", 0.06964866789258818], [[165, 0.690004756840115], "изменения происходили в", 0.07101898247737588], [[30, 0.6812356147010916], "Корей произошедшая в", 0.024804529446421274]], "находятся в бедных": [[[461, 0.745944607132331], "долями в каких", 0.0], [[413, 0.7402723938261967], "что в в", 0.0], [[166, 0.7331489279174365], "происходили в этих", 0.0], [[959, 0.7300129071711106], "среду в Северной", 0.0], [[364, 0.7248158747686085], "продвинуться в их", 0.0]], "в бедных странах": null, "бедных странах ]": [[[387, 0.6822697718606845], "государства России России", 0.03483078318592288], [[386, 0.6815547323622475], "Союзного государства России", 0.06296640530338365], [[304, 0.6815455129419535], "в России россиянам", 0.03892521278061985], [[388, 0.6661953946039507], "России и Белоруссии", 0.0], [[389, 0.6211962197477872], "и Белоруссии ]", 0.03148320265169183]], "[ Многим из": [[[575, 0.6557983997704497], "бы некоторых из", 0.07267164179030539], [[138, 0.6193651558196499], "некоторые из них", 0.08535139149349202], [[576, 0.6141291831107019], "некоторых из них", 0.07267164179030539], [[137, 0.5963176142905967], "причем некоторые из", 0.04267569574674601], [[130, 0.5287467527141685], "не однообразна из", 0.04267569574674601]], "Многим из них": [[[576, 0.9383210613696775], "некоторых из них", 0.07267164179030539], [[138, 0.9209800487885553], "некоторые из них", 0.08535139149349202], [[506, 0.8644423740057485], "процентов из них", 0.04402867718492656], [[507, 0.7769935584033741], "из них ]", 0.07220829026119616], [[139, 0.7023732198653936], "из них были", 0.04267569574674601]], "из них угрожают": [[[139, 0.6066468304077729], "из них были", 0.04267569574674601], [[406, 0.5948299360389522], "с ними не", 0.023201764571430143], [[577, 0.5855427302541847], "из них неизвестны", 0.07267164179030539], [[507, 0.5806763687311416], "из них ]", 0.07220829026119616]], "них угрожают войны": null, "угрожают войны ]": null, "[ И всем": null, "И всем мародерство": null, "всем мародерство мародерство": null, "мародерство и пренебрежение": null, "и пренебрежение ]": null}