{"[ В конце": [[[548, 0.963001816950817], "что в конце", 0.0], [[549, 0.7100883382363926], "в конце февраля", 0.04816833691092631], [[752, 0.6977970228225604], "начнутся в декабре", 0.0], [[540, 0.6974271060833337], "лишь в двух", 0.0], [[709, 0.6866693495083807], "будет в два", 0.0]], "В конце января": [[[549, 0.9797056354976417], "в конце февраля", 0.04816833691092631], [[550, 0.8071032637253315], "конце февраля Пентагон", 0.04816833691092631], [[270, 0.7279410863493179], "в мае ]", 0.11578395331733066], [[701, 0.7136096139045788], "первому ноября ]", 0.06964866789258818], [[31, 0.6888286762701863], "произошедшая 29 июня", 0.024804529446421274]], "конце января в": [[[32, 0.9245059428001875], "29 июня в", 0.024804529446421274], [[447, 0.921762485358506], "[ В октябре", 0.0], [[752, 0.8977397409870971], "начнутся в декабре", 0.0], [[269, 0.8584741742973752], "продаж в мае", 0.0], [[270, 0.8549414640303853], "в мае ]", 0.11578395331733066]], "января в прокат": [[[269, 0.8217470600429817], "продаж в мае", 0.0], [[752, 0.7628684043292606], "начнутся в декабре", 0.0], [[447, 0.7472565719258999], "[ В октябре", 0.0], [[413, 0.7185299184918567], "что в в", 0.0], [[101, 0.7055359356709855], "ЛРД в Пасадене", 0.0]], "в прокат выходит": null, "прокат выходит новая": null, "выходит новая картина": null, "новая картина Сергея": null, "картина Сергея Лобана": [[[437, 0.7986947573199177], "[ Виктор Янукович", 0.10614154681116864], [[427, 0.7585472484146774], "принадлежащие Виктору Януковичу", 0.023201764571430143], [[337, 0.7508744117387276], "Путин и Александр", 0.0], [[1038, 0.7413257054692894], "города Владимир Николаев", 0.0808426935619775], [[338, 0.7056854123137575], "и Александр Лукашенко", 0.03692700484474273]], "Сергея Лобана шоу": null, "Лобана шоу ]": null, "[ Фильм состоит": null, "Фильм состоит из": [[[132, 0.9412181968202112], "а состоит из", 0.04267569574674601], [[131, 0.8590581130561589], "однообразна а состоит", 0.0], [[133, 0.6575872771527606], "состоит из различных", 0.08535139149349202], [[141, 0.5757462312230067], "были образованы под", 0.04267569574674601], [[140, 0.5530321795392896], "них были образованы", 0.03680195733856871]], "состоит из четырех": [[[132, 0.698719036226503], "а состоит из", 0.04267569574674601], [[225, 0.6880863279187317], "корпус четыре ]", 0.09727572313287555], [[133, 0.656536898723044], "состоит из различных", 0.08535139149349202], [[131, 0.5521689890749504], "однообразна а состоит", 0.0], [[506, 0.5432822946281953], "процентов из них", 0.04402867718492656]], "из четырех историй": [[[225, 0.7226320509367639], "корпус четыре ]", 0.09727572313287555], [[257, 0.6668317850370038], "за восемь последних", 0.04310707886481927], [[1022, 0.6289899609339901], "течение шести лет", 0.10672698419656927], [[224, 0.5174175913371664], "17 корпус четыре", 0.09727572313287555], [[256, 0.5064103271972283], "показателем за восемь", 0.08621415772963854]], "четырех историй формально": null, "историй формально похожих": null, "формально похожих друг": null, "похожих друг на": null, "друг на друга": null, "на друга герои": null, "друга герои каждой": null, "герои каждой из": null, "каждой из них": [[[576, 0.8996023267795069], "некоторых из них", 0.07267164179030539], [[138, 0.8852393850579994], "некоторые из них", 0.08535139149349202], [[506, 0.8413343205380686], "процентов из них", 0.04402867718492656], [[507, 0.7777809504888484], "из них ]", 0.07220829026119616], [[139, 0.7133648793233973], "из них были", 0.04267569574674601]], "из них едут": [[[139, 0.6055583384103733], "из них были", 0.04267569574674601], [[797, 0.5138539139249584], "Coca-Cola выходит на", 0.03768735297639999]], "них едут в": [[[364, 0.6861687716782283], "продвинуться в их", 0.0], [[75, 0.6582996521359353], "предпочла оставить в", 0.08278299317053538], [[363, 0.6413787065703207], "серьезно продвинуться в", 0.03196080463549311], [[453, 0.6357523086022994], "правда подала в", 0.07430377449414131], [[597, 0.6354728909820124], "объясняется участившимися в", 0.043183174375264914]], "едут в августе": [[[447, 0.9223019114164127], "[ В октябре", 0.0], [[752, 0.9180098882657438], "начнутся в декабре", 0.0], [[32, 0.9011241133329757], "29 июня в", 0.024804529446421274], [[269, 0.8823893031919012], "продаж в мае", 0.0], [[353, 0.8212575051273826], "начавшийся в пятницу", 0.0]], "в августе в": [[[447, 0.9691718022534059], "[ В октябре", 0.0], [[32, 0.9607448100100677], "29 июня в", 0.024804529446421274], [[752, 0.9346684872122957], "начнутся в декабре", 0.0], [[269, 0.9201677173223879], "продаж в мае", 0.0], [[270, 0.8061420012490497], "в мае ]", 0.11578395331733066]], "августе в Крым": [[[306, 0.8075598374955895], "россиянам в Белоруссии", 0.0], [[447, 0.7680461426530368], "[ В октябре", 0.0], [[303, 0.7657884201098212], "белорусам в России", 0.0], [[752, 0.7638620315021163], "начнутся в декабре", 0.0], [[269, 0.7609322267597324], "продаж в мае", 0.0]], "в Крым ]": null, "[ Однако каждого": null, "Однако у моря": null, "у моря каждого": null, "моря каждого из": null, "каждого из персонажей": [[[138, 0.6593627507659376], "некоторые из них", 0.08535139149349202], [[576, 0.6466545896425726], "некоторых из них", 0.07267164179030539], [[506, 0.6120222304095922], "процентов из них", 0.04402867718492656], [[197, 0.567054137515052], "в одном из", 0.0700277305992792], [[130, 0.5032156048336327], "не однообразна из", 0.04267569574674601]], "из персонажей поджидает": null, "персонажей поджидает что-то": [[[879, 0.6269006113519653], "понять что не", 0.03682995808502739], [[555, 0.600915141802909], "том что собирается", 0.09633667382185261], [[878, 0.5783723220273596], "дали понять что", 0.01892048331530674], [[351, 0.5566537917508371], "надеются что начавшийся", 0.04316593521959937], [[327, 0.5544601972769431], "давно не собирались", 0.08072910761217851]], "поджидает что-то свое": [[[879, 0.7807533220841953], "понять что не", 0.03682995808502739], [[555, 0.6311300091092023], "том что собирается", 0.09633667382185261], [[117, 0.6268722985282544], "о том что", 0.052027412494165134], [[321, 0.6211785085093572], "более что по", 0.05451595273126328], [[824, 0.6176139047329801], "Напомним что ранее", 0.04464537750822215]], "что-то свое ]": null, "[ Общий хронометраж": [[[477, 0.6685725292850255], "их общая стоимость", 0.059700725838095714]], "Общий хронометраж историй": null, "хронометраж историй три": null, "историй три с": [[[405, 0.7544008087150388], "операций с ними", 0.0], [[247, 0.6791608807848739], "снизился с 92,4", 0.0], [[1028, 0.646983384909448], "агентство Дейта.Ru с", 0.0], [[395, 0.6457144822932531], "что с момента", 0.0], [[833, 0.6384986764944361], "выступить с новой", 0.0]], "три с половиной": [[[247, 0.7076069206396258], "снизился с 92,4", 0.0], [[405, 0.6757206169385832], "операций с ними", 0.0], [[47, 0.6302795536310877], "потерям с обеих", 0.0], [[818, 0.6081143147211926], "молока с высоким", 0.0], [[395, 0.5970074741471298], "что с момента", 0.0]], "с половиной часа": [[[966, 0.6794276429369199], "около 15 минут", 0.08018394577153747], [[967, 0.6460964877454107], "15 минут ]", 0.08018394577153747], [[259, 0.6112755788766663], "последних месяцев ]", 0.08621415772963854], [[541, 0.5684254107167923], "в двух третях", 0.07907287866315013], [[871, 0.537671704616667], "последние 10 месяцев", 0.06963108669351159]], "половиной часа поэтому": [[[967, 0.669719902254472], "15 минут ]", 0.08018394577153747], [[966, 0.6293899546882927], "около 15 минут", 0.08018394577153747], [[259, 0.551961974946032], "последних месяцев ]", 0.08621415772963854]], "часа поэтому Шапито-шоу": [[[734, 0.6700753132891766], "бренда поэтому в", 0.06417838030013426], [[783, 0.6700753132891766], "бренда поэтому в", 0.06417838030013426]], "поэтому Шапито-шоу выйдет": [[[797, 0.6237785214363428], "Coca-Cola выходит на", 0.03768735297639999], [[328, 0.5640015878565865], "не собирались уточнил", 0.09327312568958669], [[796, 0.5536591001722574], "что Coca-Cola выходит", 0.0], [[556, 0.5278825127788714],