{"[ На видеозаписи": null, "На видеозаписи запечатлен": null, "видеозаписи запечатлен момент": null, "запечатлен момент когда": [[[1013, 0.7356325652141509], "До этого момента", 0.10672698419656927], [[1014, 0.7144331451424178], "этого момента вопрос", 0.10672698419656927], [[396, 0.6854644022588553], "с момента приобретения", 0.0274701956345495], [[395, 0.5546793034977899], "что с момента", 0.0]], "момент когда отец": null, "когда отец мальчика": null, "отец мальчика бросает": null, "мальчика бросает в": [[[75, 0.6483948462877323], "предпочла оставить в", 0.08278299317053538], [[55, 0.6130564811125758], "корабля говорится в", 0.024804529446421274], [[453, 0.6118508946879961], "правда подала в", 0.07430377449414131], [[364, 0.5918172488536207], "продвинуться в их", 0.0], [[597, 0.546025041503378], "объясняется участившимися в", 0.043183174375264914]], "бросает в ребенка": [[[413, 0.7403090830380263], "что в в", 0.0], [[364, 0.7160976722192153], "продвинуться в их", 0.0], [[597, 0.6930448475976358], "объясняется участившимися в", 0.043183174375264914], [[461, 0.6805656676878974], "долями в каких", 0.0], [[166, 0.6678046090430083], "происходили в этих", 0.0]], "в ребенка большой": null, "ребенка большой снежный": null, "большой снежный шар": null, "снежный шар ]": null, "[ Мальчик в": [[[709, 0.6580505646512496], "будет в два", 0.0], [[413, 0.65750342090761], "что в в", 0.0], [[364, 0.6512411221820121], "продвинуться в их", 0.0], [[196, 0.6431303123055008], "Петровка в одном", 0.0], [[545, 0.6142460148538391], "Дело в том", 0.0]], "Мальчик в шапке": [[[413, 0.7481441326277486], "что в в", 0.0], [[196, 0.744167754720418], "Петровка в одном", 0.0], [[709, 0.734465929582967], "будет в два", 0.0], [[545, 0.694828556550875], "Дело в том", 0.0], [[547, 0.6869521535207677], "том что в", 0.09633667382185261]], "в шапке напоминающей": null, "шапке напоминающей голову": [[[823, 0.7078127596328726], "[ Напомним что", 0.03440319365690339]], "напоминающей голову динозавра": null, "голову динозавра попытался": null, "динозавра попытался убежать": [[[327, 0.610396783958346], "давно не собирались", 0.08072910761217851], [[556, 0.5771400744932966], "что собирается ликвидировать", 0.04816833691092631], [[328, 0.572668358848716], "не собирались уточнил", 0.09327312568958669], [[161, 0.5356714100016349], "поставить и понять", 0.0], [[810, 0.5346004713654908], "США падают от", 0.03768735297639999]], "попытался убежать от": [[[810, 0.7107162794717488], "США падают от", 0.03768735297639999], [[797, 0.5493093032377019], "Coca-Cola выходит на", 0.03768735297639999], [[327, 0.5453570066424072], "давно не собирались", 0.08072910761217851], [[556, 0.5362979418185272], "что собирается ликвидировать", 0.04816833691092631], [[161, 0.5324728942826255], "поставить и понять", 0.0]], "убежать от брошенного": [[[810, 0.7486355263560742], "США падают от", 0.03768735297639999], [[742, 0.5317181219105171], "[ Как пишет", 0.09163961321992908], [[797, 0.5313364588896055], "Coca-Cola выходит на", 0.03768735297639999], [[213, 0.5050190176846987], "пока не поступало", 0.20746826392641957]], "от брошенного в": [[[75, 0.6967048889526898], "предпочла оставить в", 0.08278299317053538], [[453, 0.648439990066695], "правда подала в", 0.07430377449414131], [[55, 0.6236232384778783], "корабля говорится в", 0.024804529446421274], [[364, 0.5750978210862046], "продвинуться в их", 0.0], [[363, 0.5712805384315109], "серьезно продвинуться в", 0.03196080463549311]], "брошенного в него": [[[709, 0.8380212104501595], "будет в два", 0.0], [[364, 0.817626250309142], "продвинуться в их", 0.0], [[540, 0.8088393394199045], "лишь в двух", 0.0], [[413, 0.7995075252041106], "что в в", 0.0], [[545, 0.7924738607388194], "Дело в том", 0.0]], "в него валуна": [[[330, 0.7746377926853967], "уточнил он ]", 0.07182898514734065], [[662, 0.7450545932594053], "времени он должен", 0.0838445869857746], [[592, 0.6889615912254621], "[ По его", 0.043183174375264914], [[619, 0.6889615912254621], "[ По его", 0.029556727998711743], [[919, 0.6423693309989963], "Ли Бон Чжо", 0.01892048331530674]], "него валуна но": null, "валуна но не": [[[908, 0.7209049408675711], "быть не должно", 0.03682995808502739], [[740, 0.6824746258542185], "деньги не потекут", 0.06417838030013426], [[789, 0.6824746258542185], "деньги не потекут", 0.06417838030013426], [[326, 0.6777526130575168], "мы давно не", 0.09327312568958669], [[406, 0.666985416912014], "с ними не", 0.023201764571430143]], "но не успел": [[[327, 0.8249813530439154], "давно не собирались", 0.08072910761217851], [[740, 0.7408512265269298], "деньги не потекут", 0.06417838030013426], [[789, 0.7408512265269298], "деньги не потекут", 0.06417838030013426], [[880, 0.7277697136901877], "что не можем", 0.03682995808502739], [[908, 0.7101661245866961], "быть не должно", 0.03682995808502739]], "не успел уйти": [[[328, 0.6606676358844126], "не собирались уточнил", 0.09327312568958669], [[327, 0.65308004953642], "давно не собирались", 0.08072910761217851], [[556, 0.6417519546121486], "что собирается ликвидировать", 0.04816833691092631], [[351, 0.5868569716067629], "надеются что начавшийся", 0.04316593521959937], [[555, 0.5667849677064254], "том что собирается", 0.09633667382185261]], "успел уйти на": [[[797, 0.7418921679127646], "Coca-Cola выходит на", 0.03768735297639999], [[810, 0.5975149350055038], "США падают от", 0.03768735297639999], [[327, 0.5618980479633021], "давно не собирались", 0.08072910761217851], [[556, 0.561538104853263], "что собирается ликвидировать", 0.04816833691092631], [[328, 0.5571897453412438], "не собирались уточнил", 0.09327312568958669]], "уйти на необходимое": null, "на необходимое расстояние": null, "необходимое расстояние ]": null, "[ После попадания": null, "После попадания снежком": null, "попадания снежком мальчик": null, "снежком мальчик упал": null, "мальчик упал на": [[[810, 0.7780340683282704], "США падают от", 0.03768735297639999], [[797, 0.6360388561764792], "Coca-Cola выходит на", 0.03768735297639999], [[153, 0.5637545419819859], "выше поднимется Curiosity", 0.07101898247737588]], "упал на землю": [[[904, 0.6860818884644782], "оружия на Корейском", 0.013894619468405362], [[456, 0.6768054016887011], "суд на Януковича", 0.05456640057535233], [[119, 0.6590890609633984], "что на поверхности", 0.031940377620244174], [[193, 0.5871306779955938], "Москве на улице", 0.0700277305992792], [[118, 0.5393772156375156], "том что на", 0.041565885079915786]], "на землю жаловаться": null, "землю и начал": [[[351, 0.6017881089777591], "надеются что начавшийся", 0.04316593521959937], [[352, 0.5563498852964319], "что начавшийся в", 0.03692700484474273]], "и начал жаловаться": [[[351, 0.6549498262112475], "надеются что начавшийся", 0.04316593521959937], [[352, 0.6032783730927576], "что начавшийся в", 0.03692700484474273], [[328, 0.5906325844478735], "не собирались уточнил", 0.09327312568958669], [[556, 0.5688981590529462], "что собирается ликвидировать", 0.04816833691092631], [[671, 0.5645383145704101], "Это касается как", 0.09582756055925952]], "начал жаловаться на": null, "жаловаться на боль": null, "на боль в": null, "боль в руке": [[[413, 0.6994391139031649], "что в в", 0.0], [[709, 0.6840119238663042], "будет в два", 0.0], [[545, 0.6712411394937032], "Дело в том", 0.0], [[540, 0.669567299132553], "лишь в двух", 0.0], [[196, 0.6547871755008292], "Петровка в одном", 0.0]], "в руке ]": null, "[ Где все": null, "Где все это": null, "все это произошло": [[[670, 0.6651544368966139], "[ Это касается", 0.08551786939161393], [[671, 0.6022127413948897], "Это касается как", 0.09582756055925952], [[165, 0.600705448389773], "изменения происходили в", 0.07101898247737588], [[30, 0.5807605965274718], "Корей произошедшая в", 0.024804529446421274], [[595, 0.546614502190701], "сведениям это объясняется", 0.03404611068483198]], "это произошло неизвестно": [[[165, 0.6793783044066899], "изменения происходили в", 0.07101898247737588], [[30, 0.6659009964881881],