{"[ Американские исследователи": [[[96, 0.8334423519858444], "представители американской Лаборатории", 0.084999980015061], [[95, 0.6981154248521433], "сообщили представители американской", 0.084999980015061], [[97, 0.641496398871712], "американской Лаборатории реактивного", 0.084999980015061], [[719, 0.5791255117844123], "в американских магазинах", 0.06566919444644126], [[673, 0.5749831699847695], "как представителей российских", 0.11035825414132784]], "Американские исследователи из": [[[96, 0.6314227796914692], "представители американской Лаборатории", 0.084999980015061], [[107, 0.6212004223506531], "результаты исследований породы", 0.052027412494165134], [[97, 0.5982324752327843], "американской Лаборатории реактивного", 0.084999980015061], [[125, 0.539866311343134], "[ Ученые обнаружили", 0.03263447361552221]], "исследователи из университета": null, "из университета Аризоны": [[[104, 0.6487363094596216], "штат Калифорния ]", 0.084999980015061], [[103, 0.585726693342853], "Пасадене штат Калифорния", 0.084999980015061], [[96, 0.5725696961891272], "представители американской Лаборатории", 0.084999980015061]], "университета Аризоны составили": null, "Аризоны составили список": [[[479, 0.6521368022554466], "стоимость составляет примерно", 0.0706838746358336], [[478, 0.6278087192770954], "общая стоимость составляет", 0.059700725838095714], [[85, 0.5827745677193401], "должны были составить", 0.08870767192003974], [[493, 0.5452720162977597], "в список наиболее", 0.04402867718492656], [[86, 0.503381456082464], "были составить не", 0.08870767192003974]], "составили список из": [[[493, 0.6810728946903103], "в список наиболее", 0.04402867718492656], [[506, 0.5075943461184783], "процентов из них", 0.04402867718492656]], "список из десяти": null, "из десяти наиболее": null, "десяти наиболее удивительных": [[[494, 0.6459906952220374], "список наиболее часто", 0.04402867718492656], [[253, 0.6286697449948414], "является самым низким", 0.04310707886481927], [[252, 0.5597292887520005], "что является самым", 0.04310707886481927], [[88, 0.5381176595316799], "не менее менее", 0.08870767192003974], [[493, 0.5153253141137752], "в список наиболее", 0.04402867718492656]], "наиболее удивительных видов": [[[512, 0.6213855516417572], "под видом простых", 0.054095825911506044], [[130, 0.544558936493121], "не однообразна из", 0.04267569574674601], [[134, 0.5114112388345708], "из различных слоев", 0.04267569574674601]], "удивительных видов открытых": [[[512, 0.6422122971532315], "под видом простых", 0.054095825911506044], [[511, 0.5317287681704017], "финансов под видом", 0.054095825911506044]], "видов открытых в": [[[695, 0.7153627389203929], "планируется представить в", 0.06964866789258818], [[491, 0.7094017338919762], "которые входят в", 0.04402867718492656], [[597, 0.6998280264304447], "объясняется участившимися в", 0.043183174375264914], [[75, 0.6868212047925297], "предпочла оставить в", 0.08278299317053538], [[413, 0.6748060347038214], "что в в", 0.0]], "открытых в 2008": [[[413, 0.7786288082172244], "что в в", 0.0], [[364, 0.7369266993067146], "продвинуться в их", 0.0], [[166, 0.7360432589922987], "происходили в этих", 0.0], [[101, 0.7236029759426194], "ЛРД в Пасадене", 0.0], [[461, 0.723082902252222], "долями в каких", 0.0]], "в 2008 году": null, "2008 году ]": [[[150, 0.8963137045198627], "миллионов лет ]", 0.03263447361552221], [[755, 0.8939360031906722], "2014 года ]", 0.07740027627147918], [[1023, 0.8909286985259386], "шести лет ]", 0.10672698419656927], [[450, 0.7726607920457318], "2010 года Украинская", 0.05456640057535233], [[414, 0.7669649849085166], "в 2006 году", 0.0274701956345495]], "[ Туда попали": null, "Туда попали самое": null, "попали самое длинное": [[[253, 0.7471953354085553], "является самым низким", 0.04310707886481927], [[252, 0.6302378211035085], "что является самым", 0.04310707886481927]], "самое длинное насекомое": null, "длинное насекомое маленькая": null, "насекомое и самая": [[[253, 0.7541318406112316], "является самым низким", 0.04310707886481927], [[252, 0.6010801335992846], "что является самым", 0.04310707886481927]], "и самая маленькая": [[[253, 0.742408905737086], "является самым низким", 0.04310707886481927], [[252, 0.551474960363378], "что является самым", 0.04310707886481927]], "самая маленькая змея": null, "маленькая змея ]": null, "[ Лента.Ру представляет": [[[695, 0.8013077597685399], "планируется представить в", 0.06964866789258818], [[694, 0.6908310184057939], "государству планируется представить", 0.06047813996587426], [[408, 0.603155944942101], "не осуществлялось отметили", 0.0274701956345495], [[458, 0.5476578766862901], "Януковича требуя рассказать", 0.07430377449414131], [[131, 0.5453151557293787], "однообразна а состоит", 0.0]], "Лента.Ру представляет вниманию": [[[695, 0.7453693005322433], "планируется представить в", 0.06964866789258818], [[408, 0.6526426996620007], "не осуществлялось отметили", 0.0274701956345495], [[694, 0.6366956851065629], "государству планируется представить", 0.06047813996587426], [[411, 0.5835378944299344], "также отметили что", 0.0274701956345495], [[131, 0.5731365601596523], "однообразна а состоит", 0.0]], "представляет вниманию читателей": null, "вниманию читателей галерею": null, "читателей галерею самых": null, "галерею самых удивительных": [[[253, 0.6956294258896458], "является самым низким", 0.04310707886481927], [[252, 0.604066105548678], "что является самым", 0.04310707886481927]], "самых удивительных созданий": null, "удивительных созданий открытых": [[[695, 0.6121807782576523], "планируется представить в", 0.06964866789258818], [[732, 0.5760679221382824], "на создание бренда", 0.06417838030013426], [[781, 0.5760679221382824], "на создание бренда", 0.06417838030013426], [[694, 0.5413674764514171], "государству планируется представить", 0.06047813996587426], [[122, 0.5211707408336879], "Марса существовали обширные", 0.06033119395431034]], "созданий открытых совсем": null, "открытых совсем недавно": null, "совсем недавно ]": [[[326, 0.6149157024176031], "мы давно не", 0.09327312568958669]]}