{"[ В центральном": [[[959, 0.8385440981479021], "среду в Северной", 0.0], [[433, 0.7385425798402478], "переданы в управление", 0.0], [[101, 0.735828672568879], "ЛРД в Пасадене", 0.0], [[728, 0.7144002270470736], "инвестировать в молочный", 0.0], [[777, 0.7144002270470736], "инвестировать в молочный", 0.0]], "В центральном магазине": [[[58, 0.7304287690837445], "заявлении Центрального новостного", 0.024804529446421274], [[720, 0.6415214746116917], "американских магазинах ]", 0.06566919444644126], [[719, 0.6050317003570593], "в американских магазинах", 0.06566919444644126], [[1057, 0.5910461347041917], "Владивостока административного центра", 0.05784483144401916], [[1058, 0.590449466440021], "административного центра Приморского", 0.05784483144401916]], "центральном магазине Детский": [[[720, 0.7976184608178428], "американских магазинах ]", 0.06566919444644126], [[719, 0.6323150259671733], "в американских магазинах", 0.06566919444644126]], "магазине Детский мир": null, "Детский мир на": null, "мир на Лубянской": [[[904, 0.6796098397474885], "оружия на Корейском", 0.013894619468405362], [[456, 0.661922537321574], "суд на Януковича", 0.05456640057535233], [[193, 0.6548573832152482], "Москве на улице", 0.0700277305992792], [[561, 0.6254184948413652], "баз на территории", 0.04816833691092631], [[472, 0.5770861715217461], "ссылкой на пресс-службу", 0.05190805775150755]], "на Лубянской площади": null, "Лубянской площади в": [[[196, 0.6453078423293686], "Петровка в одном", 0.0], [[195, 0.6251527556773522], "улице Петровка в", 0.057423740851982125], [[959, 0.6110939143800985], "среду в Северной", 0.0], [[101, 0.6080354396088193], "ЛРД в Пасадене", 0.0], [[709, 0.6039014501792326], "будет в два", 0.0]], "площади в Москве": [[[191, 0.961244226875729], "[ В Москве", 0.0], [[196, 0.7593154640443953], "Петровка в одном", 0.0], [[447, 0.7332400322014228], "[ В октябре", 0.0], [[101, 0.7249745183141154], "ЛРД в Пасадене", 0.0], [[269, 0.7248584789787562], "продаж в мае", 0.0]], "в Москве начата": [[[191, 0.7422008105887721], "[ В Москве", 0.0], [[192, 0.7042163915889379], "В Москве на", 0.0700277305992792], [[752, 0.5339066560920751], "начнутся в декабре", 0.0], [[751, 0.5178950996506907], "США начнутся в", 0.09163961321992908]], "Москве начата эвакуация": null, "начата эвакуация в": [[[179, 0.6469967150675848], "сообщению пожарных в", 0.06436482417090192], [[1020, 0.6398231743341298], "обсуждался в течение", 0.0], [[344, 0.6387912532606448], "вопросы в строительстве", 0.0], [[616, 0.6263723183865204], "военную операцию в", 0.043183174375264914], [[617, 0.6214857729632479], "операцию в Чечне", 0.0]], "эвакуация в связи": [[[413, 0.7610140917873525], "что в в", 0.0], [[433, 0.7559686613230652], "переданы в управление", 0.0], [[1020, 0.7478835822480814], "обсуждался в течение", 0.0], [[101, 0.7450010489774068], "ЛРД в Пасадене", 0.0], [[166, 0.7371366751872007], "происходили в этих", 0.0]], "в связи с": null, "связи с угрозой": [[[405, 0.703674542503625], "операций с ними", 0.0], [[15, 0.7004723616700711], "столкновения с военными", 0.0], [[247, 0.6426137873428717], "снизился с 92,4", 0.0], [[14, 0.6301540119318995], "результате столкновения с", 0.05036239072468087], [[395, 0.6296566837090354], "что с момента", 0.0]], "с угрозой взрыва": null, "угрозой взрыва ]": null, "[ Об этом": null, "Об этом агентству": [[[1027, 0.7014156381464707], "информационное агентство Дейта.Ru", 0.0808426935619775], [[59, 0.671846389019134], "Центрального новостного агентства", 0.024804529446421274], [[582, 0.6303985150921577], "сообщает Агентство военных", 0.1067778926885787], [[60, 0.6044206768917012], "новостного агентства Северной", 0.024804529446421274], [[581, 0.5608623349869615], "этом сообщает Агентство", 0.1067778926885787]], "этом агентству РИА": [[[1027, 0.8597136421350391], "информационное агентство Дейта.Ru", 0.0808426935619775], [[59, 0.8384142769533529], "Центрального новостного агентства", 0.024804529446421274], [[582, 0.7676060083325498], "сообщает Агентство военных", 0.1067778926885787], [[60, 0.7653915338352546], "новостного агентства Северной", 0.024804529446421274], [[207, 0.7062237229934626], "сообщает РИА Новости", 0.0700277305992792]], "агентству РИА Новости": [[[207, 0.9579471197444086], "сообщает РИА Новости", 0.0700277305992792], [[208, 0.8638853291853437], "РИА Новости ]", 0.0700277305992792], [[93, 0.7068297998288818], "этом ТАСС сообщили", 0.084999980015061], [[59, 0.6939456616307986], "Центрального новостного агентства", 0.024804529446421274], [[206, 0.6938884649697672], "пожар сообщает РИА", 0.0700277305992792]], "РИА Новости сообщил": [[[208, 0.9333230987881678], "РИА Новости ]", 0.0700277305992792], [[207, 0.8969433579622496], "сообщает РИА Новости", 0.0700277305992792], [[206, 0.7739916294302461], "пожар сообщает РИА", 0.0700277305992792], [[581, 0.7595573639799541], "этом сообщает Агентство", 0.1067778926885787], [[94, 0.7560489827438928], "ТАСС сообщили представители", 0.084999980015061]], "Новости сообщил источник": [[[1025, 0.77720067004979], "Как сообщает информационное", 0.0808426935619775], [[94, 0.7684438008934917], "ТАСС сообщили представители", 0.084999980015061], [[581, 0.7630069961350522], "этом сообщает Агентство", 0.1067778926885787], [[206, 0.7583659434350613], "пожар сообщает РИА", 0.0700277305992792], [[873, 0.7377248833832385], "месяцев сообщает Bloomberg.com", 0.05113492275301333]], "сообщил источник в": [[[588, 0.9238208568302705], "на источник в", 0.08418491705998304], [[589, 0.7033676011499279], "источник в Минобороны", 0.0], [[390, 0.5926735208236467], "[ В пресс-службе", 0.0], [[433, 0.5878900201476248], "переданы в управление", 0.0], [[623, 0.5807108859711263], "обсуждаемые в средствах", 0.0]], "источник в правоохранительных": [[[433, 0.8152527011556986], "переданы в управление", 0.0], [[589, 0.7773329699073809], "источник в Минобороны", 0.0], [[390, 0.7665709442253632], "[ В пресс-службе", 0.0], [[623, 0.7608668072934], "обсуждаемые в средствах", 0.0], [[691, 0.7543432731833772], "ископаемых в собственность", 0.0]], "в правоохранительных органах": [[[535, 0.6563734998428943], "линией налоговой инспекции", 0.04691070853033481], [[1046, 0.6545594321575101], "заседании Законодательного собрания", 0.10537121732157961], [[315, 0.6483609290664694], "о здравоохранении пенсионном", 0.05054611667884718], [[57, 0.646561156368259], "в заявлении Центрального", 0.024804529446421274], [[316, 0.6451806772255716], "здравоохранении пенсионном обеспечении", 0.05054611667884718]], "правоохранительных органах столицы": [[[1057, 0.6159689009966651], "Владивостока административного центра", 0.05784483144401916], [[1056, 0.5821084057121138], "города Владивостока административного", 0.06968535772829497], [[940, 0.5437741255746452], "Согласно делегации Южной", 0.12009507553616627], [[1002, 0.5347722611639425], "и федеральных мероприятий", 0.03138735963037905], [[669, 0.5344544757168631], "и правительством ]", 0.07080278907515195]], "органах столицы ]": [[[1055, 0.7127064060131639], "статусе города Владивостока", 0.037603318065505965], [[1056, 0.633661623769256], "города Владивостока административного", 0.06968535772829497], [[977, 0.6021144282114258], "[ Отныне город", 0.03138735963037905], [[1037, 0.5963224299889756], "глава города Владимир", 0.04362399244811412], [[1036, 0.5694827815463579], "депутатам глава города", 0.0808426935619775]], "[ По словам": null, "По словам источника": null, "словам источника примерно": null, "источника примерно в": [[[482, 0.6845391954883597], "гривен примерно 25,3", 0.0706838746358336], [[479, 0.5970844683258163], "стоимость составляет примерно", 0.0706838746358336], [[540, 0.5922523752118459], "лишь в двух", 0.0], [[173, 0.5897654426258607], "НАСА в долларов", 0.0], [[598, 0.5760180819348799], "участившимися в последнее", 0.0]], "примерно в по": [[[413, 0.8588178673981384], "что в в", 0.0], [[709, 0.8053749807608728], "будет в два", 0.0], [[101, 0.8008142372509544], "ЛРД в Пасадене", 0.0], [[540, 0.7932789057076426],