{"[ Более четверти": [[[541, 0.6899507338694637], "в двух третях", 0.07907287866315013], [[542, 0.5580160526237383], "двух третях случаев", 0.07907287866315013], [[1022, 0.5278680786849503], "течение шести лет", 0.10672698419656927], [[965, 0.5083944694867484], "лишь около около", 0.08018394577153747], [[482, 0.5030554962847693], "гривен примерно 25,3", 0.0706838746358336]], "Более четверти акционеров": null, "четверти акционеров одной": null, "акционеров одной из": [[[197, 0.7116408671194993], "в одном из", 0.0700277305992792], [[506, 0.7048121473617034], "процентов из них", 0.04402867718492656], [[138, 0.6378796440225317], "некоторые из них", 0.08535139149349202], [[576, 0.6368577775017439], "некоторых из них", 0.07267164179030539], [[198, 0.5304433540186935], "одном из домов", 0.0700277305992792]], "одной из ведущих": [[[133, 0.6455388667031373], "состоит из различных", 0.08535139149349202], [[576, 0.619095676590715], "некоторых из них", 0.07267164179030539], [[138, 0.6132484782056211], "некоторые из них", 0.08535139149349202], [[506, 0.6096713934440607], "процентов из них", 0.04402867718492656], [[197, 0.5822750393369515], "в одном из", 0.0700277305992792]], "из ведущих мировых": [[[96, 0.6287625038396709], "представители американской Лаборатории", 0.084999980015061], [[674, 0.6165308653131304], "представителей российских деловых", 0.08551786939161393], [[678, 0.5725481453191326], "так и зарубежных", 0.0], [[95, 0.5633817405074946], "сообщили представители американской", 0.084999980015061], [[673, 0.5421286598189115], "как представителей российских", 0.11035825414132784]], "ведущих мировых информационных": [[[674, 0.6765106637186223], "представителей российских деловых", 0.08551786939161393], [[1026, 0.6504139674808218], "сообщает информационное агентство", 0.0808426935619775], [[96, 0.6201591682685426], "представители американской Лаборатории", 0.084999980015061], [[97, 0.5939411242082381], "американской Лаборатории реактивного", 0.084999980015061], [[58, 0.5862527591986266], "заявлении Центрального новостного", 0.024804529446421274]], "мировых информационных компаний": [[[1026, 0.8336416527571695], "сообщает информационное агентство", 0.0808426935619775], [[1027, 0.6977598327337156], "информационное агентство Дейта.Ru", 0.0808426935619775], [[59, 0.6726772473678624], "Центрального новостного агентства", 0.024804529446421274], [[429, 0.6650792070241031], "Януковичу корпоративные права", 0.0274701956345495], [[428, 0.6571306846147356], "Виктору Януковичу корпоративные", 0.017824177408644212]], "информационных компаний Reuters": [[[1027, 0.7293353211679475], "информационное агентство Дейта.Ru", 0.0808426935619775], [[59, 0.6737356892957653], "Центрального новостного агентства", 0.024804529446421274], [[1026, 0.6335309436049403], "сообщает информационное агентство", 0.0808426935619775], [[655, 0.6075618127405791], "действующих компаний не", 0.0617494572581028], [[60, 0.5994458116370921], "новостного агентства Северной", 0.024804529446421274]], "компаний Reuters выразили": null, "Reuters выразили несогласие": null, "выразили несогласие с": null, "несогласие с размером": [[[715, 0.7319863266353828], "сравнению со стандартным", 0.0], [[405, 0.7037777028612385], "операций с ними", 0.0], [[418, 0.6999346076375303], "соответствии с требованиями", 0.0], [[47, 0.676918971871012], "потерям с обеих", 0.0], [[714, 0.6319318922659671], "по сравнению со", 0.06566919444644126]], "с размером пакета": null, "размером пакета опционов": null, "пакета опционов на": null, "опционов на акции": [[[282, 0.8910436831880872], "курса акций на", 0.04456973850357526], [[283, 0.7489696167802751], "акций на фондовом", 0.05652160475970624], [[522, 0.5445364713122696], "работники на 49", 0.03745121228148617], [[289, 0.5358017285291694], "ситуацией на рынке", 0.05652160475970624], [[904, 0.5308116959315896], "оружия на Корейском", 0.013894619468405362]], "на акции то": [[[282, 0.8244630174460752], "курса акций на", 0.04456973850357526], [[283, 0.5563414289425208], "акций на фондовом", 0.05652160475970624], [[281, 0.5160066884975028], "падением курса акций", 0.04456973850357526], [[402, 0.5140962140138383], "указанные акции никаких", 0.017824177408644212]], "акции то есть": [[[554, 0.8324171881555495], "о том что", 0.09633667382185261], [[117, 0.8105721892558406], "о том что", 0.052027412494165134], [[553, 0.7984118733356516], "объявил о том", 0.0], [[319, 0.773245535155414], "[ Тем более", 0.09327312568958669], [[116, 0.7599883032233697], "говорить о том", 0.0]], "то есть количеством": null, "есть количеством акций": null, "количеством акций компаний": [[[282, 0.659206932916155], "курса акций на", 0.04456973850357526], [[281, 0.5940813080325793], "падением курса акций", 0.04456973850357526], [[655, 0.54761358684691], "действующих компаний не", 0.0617494572581028], [[747, 0.546567246815541], "Telegraph продажи продукта", 0.07740027627147918], [[463, 0.527565444548588], "каких предприятиях он", 0.07430377449414131]], "акций компаний которые": [[[655, 0.7225610735929584], "действующих компаний не", 0.0617494572581028], [[1027, 0.5982491116806968], "информационное агентство Дейта.Ru", 0.0808426935619775], [[463, 0.5932610557874904], "каких предприятиях он", 0.07430377449414131], [[747, 0.5866343315114773], "Telegraph продажи продукта", 0.07740027627147918], [[680, 0.5814035914907736], "зарубежных инвесторов ]", 0.09582756055925952]], "компаний которые их": null, "которые их владелец": null, "их владелец может": null, "владелец может продать": [[[498, 0.7717515200597241], "они смогли получить", 0.04402867718492656], [[979, 0.7340814647304728], "город сможет получать", 0.03138735963037905], [[881, 0.6997668658858333], "не можем согласиться", 0.027789238936810724], [[159, 0.6933449792833056], "мы сможем поставить", 0.06124416995732832], [[860, 0.6880961267862545], "не могут согласовать", 0.05113492275301333]], "может продать руководителя": null, "продать руководителя компании": [[[428, 0.6232517195932803], "Виктору Януковичу корпоративные", 0.017824177408644212], [[1027, 0.6189376436294756], "информационное агентство Дейта.Ru", 0.0808426935619775], [[59, 0.5961475409158432], "Центрального новостного агентства", 0.024804529446421274], [[654, 0.5956823938964793], "работы действующих компаний", 0.06743306535373329], [[666, 0.5901367178778535], "доработан администрацией президента", 0.07677773082452256]], "руководителя компании Тома": [[[655, 0.7340960812419326], "действующих компаний не", 0.0617494572581028], [[1027, 0.5919524449324842], "информационное агентство Дейта.Ru", 0.0808426935619775], [[463, 0.5591099364029178], "каких предприятиях он", 0.07430377449414131], [[59, 0.5352166827121749], "Центрального новостного агентства", 0.024804529446421274], [[680, 0.5327002496286419], "зарубежных инвесторов ]", 0.09582756055925952]], "компании Тома Глосера": null, "Тома Глосера составившего": null, "Глосера составившего 5,8": null, "составившего 5,8 миллиона": null, "5,8 миллиона долларов": [[[175, 0.9382349045048956], "2,5 миллиарда долларов", 0.15709509587297532], [[176, 0.9061807557345933], "миллиарда долларов ]", 0.1821680964711896], [[987, 0.901061147181043], "300 миллионов рублей", 0.03138735963037905], [[174, 0.8599477362950068], "в 2,5 миллиарда", 0.0], [[484, 0.8395493704521466], "25,3 тысячи рублей", 0.059700725838095714]], "миллиона долларов что": [[[176, 0.9264119144486427], "миллиарда долларов ]", 0.1821680964711896], [[175, 0.8631355145701942], "2,5 миллиарда долларов", 0.15709509587297532], [[174, 0.7450843043137643], "в 2,5 миллиарда", 0.0], [[987, 0.7449498531490863], "300 миллионов рублей", 0.03138735963037905], [[485, 0.7081642842005718], "тысячи рублей ]", 0.0706838746358336]], "долларов что в": [[[547, 0.9077711601430303], "том что в", 0.09633667382185261], [[412, 0.8401001854901882], "отметили что в", 0.040346529071583336], [[173, 0.7919245388107454], "НАСА в долларов", 0.0], [[413, 0.7720049784588547], "что в в", 0.0], [[545, 0.7718531253554582], "Дело в том", 0.0]],