{"[ Нижняя палата": null, "Нижняя палата парламента": null, "палата парламента Чехии": [[[669, 0.6523653616807936], "и правительством ]", 0.07080278907515195], [[424, 0.6512549159521949], "народных депутатов Украины", 0.0274701956345495], [[668, 0.6471221603533542], "президента и правительством", 0.0], [[356, 0.6178674692345447], "Высший Госсовет Союза", 0.03196080463549311], [[1035, 0.6042599524959831], "к депутатам глава", 0.0808426935619775]], "парламента Чехии в": [[[709, 0.7031891601746245], "будет в два", 0.0], [[101, 0.6845338294972919], "ЛРД в Пасадене", 0.0], [[413, 0.6815216401969002], "что в в", 0.0], [[696, 0.6673724982566207], "представить в Госдуму", 0.0], [[949, 0.6583694118533403], "переговоров в четверг", 0.0]], "Чехии в пятницу": [[[0, 0.9774193921754815], "[ В пятницу", 0.0], [[353, 0.93694649198689], "начавшийся в пятницу", 0.0], [[200, 0.9165596992899647], "домов в четверг", 0.0], [[949, 0.8598252600793501], "переговоров в четверг", 0.0], [[447, 0.7686058560611695], "[ В октябре", 0.0]], "в пятницу вечером": [[[201, 0.9432679491168674], "в четверг вечером", 0.0700277305992792], [[202, 0.815442625998166], "четверг вечером начался", 0.0700277305992792], [[0, 0.7601804139959785], "[ В пятницу", 0.0], [[1, 0.7543169942035866], "В пятницу представители", 0.062422885189795885], [[950, 0.7246036904933566], "в четверг ]", 0.12009507553616627]], "пятницу вечером приняла": [[[202, 0.8281757043371579], "четверг вечером начался", 0.0700277305992792], [[201, 0.7887586638429629], "в четверг вечером", 0.0700277305992792], [[1, 0.5485587580136583], "В пятницу представители", 0.062422885189795885], [[354, 0.5455706295377061], "в пятницу Высший", 0.03692700484474273], [[950, 0.5421186263712608], "в четверг ]", 0.12009507553616627]], "вечером приняла решение": [[[1042, 0.8149455309759411], "решение было принято", 0.08746715958298083], [[1062, 0.6869660754106418], "был принят принят", 0.06968535772829497], [[1063, 0.6083711200844646], "принят принят сразу", 0.05784483144401916], [[1043, 0.606448830583296], "было принято на", 0.08746715958298083], [[1032, 0.5914759631801674], "поддержать законопроект обратился", 0.0808426935619775]], "приняла решение Совета": [[[366, 0.7815460191647867], "их решении ]", 0.03692700484474273], [[1041, 0.7646409496900014], "Такое решение было", 0.10537121732157961], [[1040, 0.751325227272931], "[ Такое решение", 0.10537121732157961], [[1046, 0.6209290469045441], "заседании Законодательного собрания", 0.10537121732157961], [[1045, 0.6136515402570129], "на заседании Законодательного", 0.10537121732157961]], "решение о роспуске": null, "о роспуске Совета": [[[356, 0.6424405737965748], "Высший Госсовет Союза", 0.03196080463549311], [[1048, 0.5760474566798092], "собрания 30 марта", 0.10537121732157961], [[357, 0.5687164818214122], "Госсовет Союза РФ", 0.03692700484474273], [[1045, 0.5485143875694432], "на заседании Законодательного", 0.10537121732157961], [[668, 0.5428983047002238], "президента и правительством", 0.0]], "роспуске Совета Чешского": [[[356, 0.7121604307530947], "Высший Госсовет Союза", 0.03196080463549311], [[357, 0.6148772027047564], "Госсовет Союза РФ", 0.03692700484474273], [[673, 0.5676378048812986], "как представителей российских", 0.11035825414132784], [[668, 0.5531982985947164], "президента и правительством", 0.0], [[669, 0.5477665197679937], "и правительством ]", 0.07080278907515195]], "Совета Чешского телевидения": [[[674, 0.6270093001657642], "представителей российских деловых", 0.08551786939161393], [[369, 0.6268225732613636], "предложил белорусскому коллеге", 0.03914656511246741], [[95, 0.6256990897973109], "сообщили представители американской", 0.084999980015061], [[673, 0.6246322574042645], "как представителей российских", 0.11035825414132784], [[96, 0.6139643910111534], "представители американской Лаборатории", 0.084999980015061]], "Чешского телевидения сообщает": [[[1025, 0.7065932181260363], "Как сообщает информационное", 0.0808426935619775], [[94, 0.6995701567595773], "ТАСС сообщили представители", 0.084999980015061], [[467, 0.6772005116858391], "Как сообщает Украинская", 0.05190805775150755], [[581, 0.6762533968337361], "этом сообщает Агентство", 0.1067778926885787], [[392, 0.6460862195046657], "пресс-службе президента сообщили", 0.017824177408644212]], "телевидения сообщает РИА": [[[206, 0.9408823543212201], "пожар сообщает РИА", 0.0700277305992792], [[93, 0.8537672997243364], "этом ТАСС сообщили", 0.084999980015061], [[207, 0.8469416008959181], "сообщает РИА Новости", 0.0700277305992792], [[94, 0.8384148951312633], "ТАСС сообщили представители", 0.084999980015061], [[581, 0.83154132493164], "этом сообщает Агентство", 0.1067778926885787]], "сообщает РИА Новости": [[[207, 0.9940825325441256], "сообщает РИА Новости", 0.0700277305992792], [[208, 0.9009820400098029], "РИА Новости ]", 0.0700277305992792], [[206, 0.8015524603761186], "пожар сообщает РИА", 0.0700277305992792], [[93, 0.7795710787224395], "этом ТАСС сообщили", 0.084999980015061], [[94, 0.6625281041777038], "ТАСС сообщили представители", 0.084999980015061]], "РИА Новости ]": [[[208, 0.9988610809631363], "РИА Новости ]", 0.0700277305992792], [[207, 0.8891426647750982], "сообщает РИА Новости", 0.0700277305992792], [[584, 0.7691934893510117], "военных новостей со", 0.1067778926885787], [[969, 0.7466223021858338], "Время новостей оба", 0.12499999999999997], [[583, 0.6931192998536964], "Агентство военных новостей", 0.08418491705998304]], "[ Это решение": [[[366, 0.9100285662257228], "их решении ]", 0.03692700484474273], [[1041, 0.8826724914093844], "Такое решение было", 0.10537121732157961], [[1040, 0.8817012021101812], "[ Такое решение", 0.10537121732157961], [[365, 0.7200250428772679], "в их решении", 0.03196080463549311]], "Это решение принято": [[[1040, 0.8006848776583514], "[ Такое решение", 0.10537121732157961], [[366, 0.7949158295947717], "их решении ]", 0.03692700484474273], [[1041, 0.7803262320112951], "Такое решение было", 0.10537121732157961], [[1042, 0.6659332404073827], "решение было принято", 0.08746715958298083], [[1032, 0.6401736189493838], "поддержать законопроект обратился", 0.0808426935619775]], "решение принято на": [[[1043, 0.9568314126856936], "было принято на", 0.08746715958298083], [[1042, 0.764055549438482], "решение было принято", 0.08746715958298083], [[1062, 0.7493647791912647], "был принят принят", 0.06968535772829497], [[1063, 0.6358482316881793], "принят принят сразу", 0.05784483144401916], [[1044, 0.6221488614500783], "принято на заседании", 0.08746715958298083]], "принято на чрезвычайном": [[[1044, 0.6641684181708389], "принято на заседании", 0.08746715958298083], [[904, 0.6102873477302153], "оружия на Корейском", 0.013894619468405362], [[456, 0.6093793250448499], "суд на Януковича", 0.05456640057535233], [[1043, 0.5976380635551948], "было принято на", 0.08746715958298083], [[400, 0.5717058915217742], "собственности на указанные", 0.020173264535791668]], "на чрезвычайном заседании": [[[1045, 0.7654973216428169], "на заседании Законодательного", 0.10537121732157961], [[1046, 0.664813435438955], "заседании Законодательного собрания", 0.10537121732157961], [[1044, 0.6290615669293198], "принято на заседании", 0.08746715958298083], [[1047, 0.5638478923435762], "Законодательного собрания собрания", 0.10537121732157961], [[1003, 0.5574780046688605], "федеральных мероприятий охрану", 0.03138735963037905]], "чрезвычайном заседании палаты": [[[1045, 0.8571533397874405], "на заседании Законодательного", 0.10537121732157961], [[1046, 0.7496318529733861], "заседании Законодательного собрания", 0.10537121732157961], [[1047, 0.7034933240681136], "Законодательного собрания собрания", 0.10537121732157961], [[1044, 0.6961616423059148], "принято на заседании", 0.08746715958298083], [[1048, 0.6480813469074451], "собрания 30 марта", 0.10537121732157961]], "заседании палаты большинством": [[[1046, 0.6273179840066391], "заседании Законодательного собрания", 0.10537121732157961], [[1045, 0.6099409511846995],