{"[ Актер Артем": [[[437, 0.6114296537730206], "[ Виктор Янукович", 0.10614154681116864], [[427, 0.5336949577014736], "принадлежащие Виктору Януковичу", 0.023201764571430143], [[1038, 0.5131454219955935], "города Владимир Николаев", 0.0808426935619775], [[337, 0.5027144240445227], "Путин и Александр", 0.0]], "Актер Артем Михалков": [[[437, 0.7368858184972791], "[ Виктор Янукович", 0.10614154681116864], [[1039, 0.7278934268013146], "Владимир Николаев ]", 0.0808426935619775], [[1038, 0.7176731663047801], "города Владимир Николаев", 0.0808426935619775], [[337, 0.7015400434258654], "Путин и Александр", 0.0], [[338, 0.6856409704660293], "и Александр Лукашенко", 0.03692700484474273]], "Артем Михалков читает": null, "Михалков читает стихотворение": [[[683, 0.606283357838379], "Ведомости писала что", 0.06047813996587426], [[743, 0.5803509390502941], "Как пишет The", 0.09163961321992908], [[742, 0.5497667182387268], "[ Как пишет", 0.09163961321992908]], "читает стихотворение Александра": null, "стихотворение Александра Блока": [[[437, 0.6845925862926913], "[ Виктор Янукович", 0.10614154681116864], [[337, 0.6526594075060796], "Путин и Александр", 0.0], [[427, 0.6336979137663965], "принадлежащие Виктору Януковичу", 0.023201764571430143], [[338, 0.6255162864935104], "и Александр Лукашенко", 0.03692700484474273], [[1038, 0.605246912646249], "города Владимир Николаев", 0.0808426935619775]], "Александра Блока подвигах": null, "Блока «О доблестях": null, "«О доблестях славе": null, "доблестях о подвигах": null, "о подвигах подвигах": null, "подвигах о славе": null, "о славе ]": null, "[ Тридцать первый": [[[257, 0.753261576756725], "за восемь последних", 0.04310707886481927], [[699, 0.7030876978118056], "уже к первому", 0.0], [[63, 0.6897868524788195], "[ Это первое", 0.08278299317053538], [[736, 0.6891605604713289], "в первые пару", 0.06417838030013426], [[785, 0.6891605604713289], "в первые пару", 0.06417838030013426]], "Тридцать первый эпизод": [[[699, 0.7514412346770246], "уже к первому", 0.0], [[63, 0.7444083284300216], "[ Это первое", 0.08278299317053538], [[736, 0.7095404377840807], "в первые пару", 0.06417838030013426], [[785, 0.7095404377840807], "в первые пару", 0.06417838030013426], [[700, 0.7014854247076918], "к первому ноября", 0.06964866789258818]], "первый эпизод проекта": null, "эпизод проекта «Живые»": [[[643, 0.8820159022574651], "действующим проектам проектам", 0.0498271657485375], [[169, 0.8289339882690738], "[ Этот проект", 0.13930551884048048], [[170, 0.6978798310577352], "Этот проект обошелся", 0.1821680964711896], [[644, 0.6662016889871474], "проектам и соглашениям", 0.0]], "проекта «Живые» ]": [[[643, 0.6327344550701766], "действующим проектам проектам", 0.0498271657485375], [[169, 0.5734273710998272], "[ Этот проект", 0.13930551884048048]]}