{"[ Множество космических": null, "Множество космических объектов": [[[844, 0.6228449516324852], "своей ядерной программе", 0.029057485077713455], [[97, 0.5790862595182996], "американской Лаборатории реактивного", 0.084999980015061], [[627, 0.572591257884874], "информации различные законопроекты", 0.0498271657485375], [[98, 0.5689400277122612], "Лаборатории реактивного движения", 0.084999980015061], [[843, 0.5670843959394372], "по своей ядерной", 0.029057485077713455]], "космических объектов имеет": null, "объектов имеет необычную": [[[122, 0.6502190647347983], "Марса существовали обширные", 0.06033119395431034], [[131, 0.5626173418346045], "однообразна а состоит", 0.0]], "имеет необычную форму": [[[130, 0.6137327524192978], "не однообразна из", 0.04267569574674601], [[512, 0.5785824611458666], "под видом простых", 0.054095825911506044], [[134, 0.5668557203073018], "из различных слоев", 0.04267569574674601], [[133, 0.5432801160343141], "состоит из различных", 0.08535139149349202]], "необычную форму иногда": null, "форму иногда поразительно": null, "иногда поразительно напоминающую": [[[823, 0.6498710587956322], "[ Напомним что", 0.03440319365690339]], "поразительно напоминающую человека": [[[823, 0.7200320352508617], "[ Напомним что", 0.03440319365690339], [[90, 0.5372404582820629], "30 человек ]", 0.08870767192003974], [[162, 0.5315190690558568], "и понять какие", 0.07101898247737588], [[161, 0.5213723659853802], "поставить и понять", 0.0], [[115, 0.5176319630731738], "позволяют говорить что", 0.06033119395431034]], "напоминающую человека животных": [[[90, 0.8384110804760101], "30 человек ]", 0.08870767192003974], [[89, 0.725472111079349], "менее 30 человек", 0.08870767192003974]], "человека животных или": null, "животных или хорошо": null, "или хорошо знакомые": null, "хорошо знакомые нам": null, "знакомые нам предметы": null, "нам предметы ]": null, "[ Обнаруженная недавно": null, "Обнаруженная недавно человекоподобная": [[[326, 0.6422399893325272], "мы давно не", 0.09327312568958669]], "недавно человекоподобная фигура": null, "человекоподобная фигура на": null, "фигура на Марсе": [[[904, 0.6949771607974702], "оружия на Корейском", 0.013894619468405362], [[120, 0.6712867635370224], "на поверхности Марса", 0.06033119395431034], [[119, 0.6355853344217202], "что на поверхности", 0.031940377620244174], [[456, 0.6300905650397207], "суд на Януковича", 0.05456640057535233], [[503, 0.5579726210474318], "лишь на 47", 0.030481600159375483]], "на Марсе еще": [[[120, 0.6779185893397809], "на поверхности Марса", 0.06033119395431034], [[121, 0.635905367016341], "поверхности Марса существовали", 0.041565885079915786], [[91, 0.5067697602588034], "[ Об этом", 0.0]], "Марсе еще не": [[[908, 0.7161151011161676], "быть не должно", 0.03682995808502739], [[907, 0.6970124288020343], "полуострове быть не", 0.015980541431139257], [[406, 0.6576201621308004], "с ними не", 0.023201764571430143], [[740, 0.6525311497009978], "деньги не потекут", 0.06417838030013426], [[789, 0.6525311497009978], "деньги не потекут", 0.06417838030013426]], "еще не доказывает": [[[908, 0.7070717216696694], "быть не должно", 0.03682995808502739], [[213, 0.7055097486349795], "пока не поступало", 0.20746826392641957], [[879, 0.6981965434585535], "понять что не", 0.03682995808502739], [[740, 0.6887043532589667], "деньги не потекут", 0.06417838030013426], [[789, 0.6887043532589667], "деньги не потекут", 0.06417838030013426]], "не доказывает наличия": [[[882, 0.7247449345955654], "можем согласиться наличием", 0.015980541431139257], [[530, 0.628496062125568], "Также проверяющие воспользовались", 0.06484089165699305], [[596, 0.5987744854752755], "это объясняется участившимися", 0.043183174375264914], [[883, 0.5962459734954549], "согласиться наличием Кореи", 0.01892048331530674], [[5, 0.5776892567671565], "Кореи признали что", 0.062422885189795885]], "доказывает наличия там": [[[883, 0.7667333431800016], "согласиться наличием Кореи", 0.01892048331530674], [[882, 0.6187548460759413], "можем согласиться наличием", 0.015980541431139257], [[529, 0.5794969954383294], "[ Также проверяющие", 0.07907287866315013], [[409, 0.5509197844753888], "осуществлялось а также", 0.0], [[530, 0.5255282671794956], "Также проверяющие воспользовались", 0.06484089165699305]], "наличия там гуманоидной": null, "там гуманоидной жизни": null, "гуманоидной жизни так": null, "жизни так же": null, "так же как": null, "же как Конская": [[[997, 0.6950490527790639], "функций как -то", 0.026054204017594992], [[118, 0.5896679804886615], "том что на", 0.041565885079915786], [[319, 0.5778033137519385], "[ Тем более", 0.09327312568958669], [[117, 0.5603300146345384], "о том что", 0.052027412494165134], [[554, 0.5443289618469969], "о том что", 0.09633667382185261]], "как Конская Голова": null, "Конская Голова не": null, "Голова не доказывает": [[[879, 0.7054067409748566], "понять что не", 0.03682995808502739], [[213, 0.6950402482756546], "пока не поступало", 0.20746826392641957], [[908, 0.6945399353630726], "быть не должно", 0.03682995808502739], [[740, 0.6884885271229007], "деньги не потекут", 0.06417838030013426], [[789, 0.6884885271229007], "деньги не потекут", 0.06417838030013426]], "доказывает наличия коней": null, "наличия коней в": [[[709, 0.6243955544865551], "будет в два", 0.0], [[413, 0.6069673062099623], "что в в", 0.0], [[545, 0.5978261041937094], "Дело в том", 0.0], [[196, 0.5948307177439258], "Петровка в одном", 0.0], [[540, 0.5881200075243977], "лишь в двух", 0.0]], "коней в Орионе": [[[413, 0.9149624641864423], "что в в", 0.0], [[101, 0.8830942288970933], "ЛРД в Пасадене", 0.0], [[709, 0.8758699094858107], "будет в два", 0.0], [[196, 0.8475798032843216], "Петровка в одном", 0.0], [[364, 0.839327406453334], "продвинуться в их", 0.0]], "в Орионе Трилобит": null, "Орионе а пятно": null, "а пятно Трилобит": null, "пятно Трилобит трилобитов": null, "Трилобит трилобитов на": null, "трилобитов на Солнце": [[[119, 0.688268348462957], "что на поверхности", 0.031940377620244174], [[904, 0.6575844657341001], "оружия на Корейском", 0.013894619468405362], [[456, 0.6277110234487497], "суд на Януковича", 0.05456640057535233], [[193, 0.5640632992150598], "Москве на улице", 0.0700277305992792], [[798, 0.5556119230179533], "выходит на молочный", 0.02767642980636313]], "на Солнце ]": null}