{"[ Заместитель министра": [[[911, 0.9788041556799878], "заявил заместитель министра", 0.01892048331530674], [[912, 0.8623784044310638], "заместитель министра Южной", 0.015980541431139257], [[473, 0.718053894385299], "на пресс-службу президента", 0.0], [[666, 0.6966447801970433], "доработан администрацией президента", 0.07677773082452256], [[391, 0.6838952218669885], "В пресс-службе президента", 0.0]], "Заместитель министра культуры": [[[911, 0.8495757007053115], "заявил заместитель министра", 0.01892048331530674], [[912, 0.829387441833177], "заместитель министра Южной", 0.015980541431139257], [[509, 0.6878055683075137], "Проверяющие министерства финансов", 0.04435935109895217], [[668, 0.6848677685334978], "президента и правительством", 0.0], [[473, 0.6712141243557952], "на пресс-службу президента", 0.0]], "министра культуры России": [[[387, 0.763259948476068], "государства России России", 0.03483078318592288], [[386, 0.7466926263210498], "Союзного государства России", 0.06296640530338365], [[331, 0.7344249324517407], "[ Президенты России", 0.02347102930266891], [[332, 0.7333752835129942], "Президенты России Владимир", 0.028437229511918544], [[388, 0.7137226033727854], "России и Белоруссии", 0.0]], "культуры России Александр": [[[332, 0.9364408212683442], "Президенты России Владимир", 0.028437229511918544], [[333, 0.8411556373043366], "России и Белоруссии", 0.0], [[334, 0.8391250649596269], "и Белоруссии Владимир", 0.051408264626001454], [[387, 0.8325714858262535], "государства России России", 0.03483078318592288], [[331, 0.8121464829724747], "[ Президенты России", 0.02347102930266891]], "России Александр Журавский": [[[337, 0.8763410071940709], "Путин и Александр", 0.0], [[1038, 0.8582178836381653], "города Владимир Николаев", 0.0808426935619775], [[338, 0.8459764741223155], "и Александр Лукашенко", 0.03692700484474273], [[427, 0.8165013418968374], "принадлежащие Виктору Януковичу", 0.023201764571430143], [[437, 0.8035817456005473], "[ Виктор Янукович", 0.10614154681116864]], "Александр Журавский рассказал": [[[1039, 0.6525970500114857], "Владимир Николаев ]", 0.0808426935619775], [[1038, 0.6255210578718632], "города Владимир Николаев", 0.0808426935619775], [[467, 0.6157764908619551], "Как сообщает Украинская", 0.05190805775150755], [[309, 0.6058435530723018], "уточнил президент пояснив", 0.03212741977567257], [[459, 0.6002834976804252], "требуя рассказать долями", 0.07430377449414131]], "Журавский рассказал ажиотажного": null, "рассказал о причинах": null, "о причинах ажиотажного": null, "причинах ажиотажного спроса": null, "ажиотажного спроса на": [[[289, 0.62356077334296], "ситуацией на рынке", 0.05652160475970624], [[290, 0.542856530557817], "на рынке труда", 0.08913947700715052]], "спроса на выставки": null, "на выставки новых": null, "выставки и концерты": null, "и концерты новых": null, "концерты новых подходах": [[[834, 0.7609020864212452], "с новой инициативой", 0.03440319365690339], [[833, 0.5372064350535781], "выступить с новой", 0.0]], "новых подходах отрасли": null, "подходах к финансированию": [[[317, 0.7244575076364852], "пенсионном обеспечении образовании", 0.05054611667884718], [[631, 0.7145533561787318], "вопросов регулирования недропользования", 0.0498271657485375], [[318, 0.6764383443771135], "обеспечении образовании ]", 0.05054611667884718], [[316, 0.6750019192422869], "здравоохранении пенсионном обеспечении", 0.05054611667884718], [[384, 0.6514940851358584], "тематике строительства Союзного", 0.03483078318592288]], "к финансированию отрасли": [[[317, 0.7047607919370789], "пенсионном обеспечении образовании", 0.05054611667884718], [[631, 0.6945149469271522], "вопросов регулирования недропользования", 0.0498271657485375], [[384, 0.6627664237687783], "тематике строительства Союзного", 0.03483078318592288], [[316, 0.6611960863844185], "здравоохранении пенсионном обеспечении", 0.05054611667884718], [[318, 0.6567402752667255], "обеспечении образовании ]", 0.05054611667884718]], "финансированию отрасли Годе": null, "отрасли Годе кино": [[[150, 0.7728420744319068], "миллионов лет ]", 0.03263447361552221], [[755, 0.7645433896966419], "2014 года ]", 0.07740027627147918], [[1023, 0.7356344012991516], "шести лет ]", 0.10672698419656927], [[450, 0.7144093917549358], "2010 года Украинская", 0.05456640057535233], [[414, 0.6530799452949283], "в 2006 году", 0.0274701956345495]], "Годе кино чиновников": null, "кино и взаимоотношениях": null, "и взаимоотношениях чиновников": [[[605, 0.6245406613563287], "правительственных и политических", 0.0], [[692, 0.5815210236348363], "в собственность государству", 0.06047813996587426], [[376, 0.581004608266148], "Союзного государства некоторые", 0.06296640530338365], [[347, 0.5706070982743925], "союзного государства перезрели", 0.025704132313000727], [[669, 0.5687728997360039], "и правительством ]", 0.07080278907515195]], "взаимоотношениях чиновников с": null, "чиновников с интеллигенцией": [[[15, 0.6853963494304331], "столкновения с военными", 0.0], [[405, 0.639839043071829], "операций с ними", 0.0], [[247, 0.6242539434881748], "снизился с 92,4", 0.0], [[1028, 0.5925255533921846], "агентство Дейта.Ru с", 0.0], [[760, 0.5696808961798189], "продукт с высоким", 0.0]], "с интеллигенцией ]": null}