{"[ Танк 72": null, "Танк 72 две": null, "72 две установки": null, "две установки залпового": null, "установки залпового огня": null, "залпового огня Смерч": null, "огня Смерч несколько": null, "Смерч и еще": null, "и еще несколько": null, "еще несколько единиц": null, "несколько единиц боевой": null, "единиц боевой техники": null, "боевой техники обнаружили": null, "техники обнаружили в": [[[126, 0.6919305676517057], "Ученые обнаружили что", 0.03680195733856871], [[695, 0.6866364318425958], "планируется представить в", 0.06964866789258818], [[597, 0.6864386123639378], "объясняется участившимися в", 0.043183174375264914], [[166, 0.6782662751975785], "происходили в этих", 0.0], [[75, 0.6775020763162399], "предпочла оставить в", 0.08278299317053538]], "обнаружили в Подмосковье": [[[191, 0.8062640492850844], "[ В Москве", 0.0], [[413, 0.769892599505519], "что в в", 0.0], [[101, 0.7588491895015383], "ЛРД в Пасадене", 0.0], [[196, 0.7390445837623085], "Петровка в одном", 0.0], [[959, 0.7365972227902797], "среду в Северной", 0.0]], "в Подмосковье сотрудники": null, "Подмосковье сотрудники милиции": null, "сотрудники милиции ]": null, "[ Как сообщает": [[[466, 1.0000000000000007], "[ Как сообщает", 0.059700725838095714], [[1024, 1.0000000000000007], "[ Как сообщает", 0.06710637837013368], [[827, 0.852908226393723], "Ли сообщил что", 0.025264644480503855], [[393, 0.7999120912045048], "президента сообщили что", 0.020173264535791668], [[467, 0.7916313354253444], "Как сообщает Украинская", 0.05190805775150755]], "Как сообщает интернет": [[[1025, 0.8313499742760676], "Как сообщает информационное", 0.0808426935619775], [[873, 0.791035784002115], "месяцев сообщает Bloomberg.com", 0.05113492275301333], [[393, 0.7688121458577615], "президента сообщили что", 0.020173264535791668], [[581, 0.756732414716256], "этом сообщает Агентство", 0.1067778926885787], [[467, 0.7365105128621731], "Как сообщает Украинская", 0.05190805775150755]], "сообщает интернет издание": [[[1026, 0.6107784866544987], "сообщает информационное агентство", 0.0808426935619775], [[1025, 0.5090851616550107], "Как сообщает информационное", 0.0808426935619775]], "интернет издание Газета.Ru": [[[681, 0.6824594914645569], "[ Газета Ведомости", 0.05397154685421689], [[1026, 0.5504190693061035], "сообщает информационное агентство", 0.0808426935619775], [[682, 0.5404316503610062], "Газета Ведомости писала", 0.05397154685421689], [[59, 0.5036288183080513], "Центрального новостного агентства", 0.024804529446421274]], "издание Газета.Ru техника": null, "Газета.Ru техника была": null, "техника была найдена": null, "была найдена в": [[[75, 0.7859933094353023], "предпочла оставить в", 0.08278299317053538], [[597, 0.7390930947093135], "объясняется участившимися в", 0.043183174375264914], [[491, 0.7132513026003611], "которые входят в", 0.04402867718492656], [[432, 0.7106733076456595], "были переданы в", 0.0274701956345495], [[695, 0.6886607836368696], "планируется представить в", 0.06964866789258818]], "найдена в Чеховском": [[[413, 0.9259058682286256], "что в в", 0.0], [[597, 0.8960865450962479], "объясняется участившимися в", 0.043183174375264914], [[364, 0.8652433994666238], "продвинуться в их", 0.0], [[196, 0.8644888943962731], "Петровка в одном", 0.0], [[166, 0.861020043416578], "происходили в этих", 0.0]], "в Чеховском районе": null, "Чеховском районе Московской": [[[1056, 0.66090158853817], "города Владивостока административного", 0.06968535772829497], [[1059, 0.6453964295220844], "центра Приморского края", 0.05784483144401916], [[1058, 0.6419466703871411], "административного центра Приморского", 0.05784483144401916], [[1037, 0.6401094665551801], "глава города Владимир", 0.04362399244811412], [[1055, 0.6196898486573814], "статусе города Владивостока", 0.037603318065505965]], "районе Московской области": [[[1058, 0.7069943509391834], "административного центра Приморского", 0.05784483144401916], [[1059, 0.6916338445062629], "центра Приморского края", 0.05784483144401916], [[1057, 0.6673337513337111], "Владивостока административного центра", 0.05784483144401916], [[1056, 0.6470757687016064], "города Владивостока административного", 0.06968535772829497], [[1001, 0.6328095109514054], "краевых и федеральных", 0.0]], "Московской области в": [[[390, 0.6526535129922746], "[ В пресс-службе", 0.0], [[433, 0.6350580949099491], "переданы в управление", 0.0], [[959, 0.6254500067553924], "среду в Северной", 0.0], [[344, 0.6217974262194513], "вопросы в строительстве", 0.0], [[303, 0.6161002699484488], "белорусам в России", 0.0]], "области в ангаре": [[[709, 0.7442422110702411], "будет в два", 0.0], [[196, 0.7257027632600419], "Петровка в одном", 0.0], [[413, 0.7235751983967201], "что в в", 0.0], [[101, 0.7200733073390653], "ЛРД в Пасадене", 0.0], [[959, 0.7048753265704422], "среду в Северной", 0.0]], "в ангаре одной": null, "ангаре одной из": [[[197, 0.8463300805886831], "в одном из", 0.0700277305992792], [[576, 0.6795826835907288], "некоторых из них", 0.07267164179030539], [[198, 0.6697395474590769], "одном из домов", 0.0700277305992792], [[138, 0.6592242495567273], "некоторые из них", 0.08535139149349202], [[506, 0.6588968259367073], "процентов из них", 0.04402867718492656]], "одной из подмосковных": [[[981, 0.6317519590651004], "получать из краевого", 0.026054204017594992], [[133, 0.6184875768852964], "состоит из различных", 0.08535139149349202], [[576, 0.5738022013758164], "некоторых из них", 0.07267164179030539], [[197, 0.5699283440323262], "в одном из", 0.0700277305992792], [[138, 0.5633229625711977], "некоторые из них", 0.08535139149349202]], "из подмосковных фирм": null, "подмосковных фирм ]": [[[655, 0.6807070607089339], "действующих компаний не", 0.0617494572581028], [[463, 0.5475680877581504], "каких предприятиях он", 0.07430377449414131], [[1027, 0.5056089301789739], "информационное агентство Дейта.Ru", 0.0808426935619775]], "[ Возбуждено уголовное": null, "Возбуждено уголовное дело": null, "уголовное дело ]": [[[544, 0.6274820631599409], "[ Дело в", 0.04816833691092631]], "[ В интересах": [[[413, 0.7444389888083347], "что в в", 0.0], [[101, 0.7080157569284748], "ЛРД в Пасадене", 0.0], [[461, 0.699515354851516], "долями в каких", 0.0], [[166, 0.6946676311850667], "происходили в этих", 0.0], [[240, 0.6940503860895118], "потребительского доверия в", 0.031174719978551882]], "В интересах следствия": [[[240, 0.6409536141153437], "потребительского доверия в", 0.031174719978551882], [[692, 0.5763185332176812], "в собственность государству", 0.06047813996587426], [[275, 0.5701467330142952], "падение потребительского доверия", 0.03223250458987152], [[276, 0.5623652389762072], "потребительского доверия может", 0.03223250458987152], [[239, 0.5543381981255492], "показатель потребительского доверия", 0.031174719978551882]], "интересах следствия название": [[[571, 0.6383211966444716], "а также названия", 0.07267164179030539], [[572, 0.5795319564452133], "также названия хотя", 0.07267164179030539], [[570, 0.5648579564990759], "закрытию а также", 0.0], [[13, 0.5585570630655688], "в результате столкновения", 0.05036239072468087], [[569, 0.5553239245438235], "подлежат закрытию названия", 0.07267164179030539]], "следствия название этой": [[[572, 0.8515703347307599], "также названия хотя", 0.07267164179030539], [[571, 0.6900024713933215], "а также названия", 0.07267164179030539], [[569, 0.6085834443405242], "подлежат закрытию названия", 0.07267164179030539]], "название этой фирмы": null, "этой фирмы пока": [[[655, 0.608252281434714], "действующих компаний не", 0.0617494572581028], [[706, 0.555334864948574], "под этой маркой", 0.06566919444644126], [[707, 0.5177354271392245], "этой маркой будет", 0.06566919444644126]], "фирмы пока не": [[[908, 0.7530649985648532], "быть не должно", 0.03682995808502739], [[212, 0.7530091334503655], "пострадавших пока не", 0.20746826392641957], [[740, 0.710675066236472], "деньги не потекут", 0.06417838030013426], [[789, 0.710675066236472],