{"[ В понедельник": [[[0, 0.9063550158122369], "[ В пятницу", 0.0], [[200, 0.8958175630151439], "домов в четверг", 0.0], [[949, 0.8909856926466111], "переговоров в четверг", 0.0], [[353, 0.8791739248539567], "начавшийся в пятницу", 0.0], [[752, 0.7753923412718597], "начнутся в декабре", 0.0]], "В понедельник в": [[[0, 0.9063550148402262], "[ В пятницу", 0.0], [[200, 0.8958175614477948], "домов в четверг", 0.0], [[949, 0.8909856905516128], "переговоров в четверг", 0.0], [[353, 0.879173923923489], "начавшийся в пятницу", 0.0], [[752, 0.7753923393231077], "начнутся в декабре", 0.0]], "понедельник 2 апреля": [[[270, 0.9203643713794407], "в мае ]", 0.11578395331733066], [[32, 0.8689511823515796], "29 июня в", 0.024804529446421274], [[550, 0.8628003054983693], "конце февраля Пентагон", 0.04816833691092631], [[1049, 0.8535810492481586], "30 марта ]", 0.10537121732157961], [[448, 0.8505739844990287], "В октябре 2010", 0.07430377449414131]], "2 апреля в": [[[447, 0.9637846987898848], "[ В октябре", 0.0], [[32, 0.9593868410808422], "29 июня в", 0.024804529446421274], [[752, 0.9016609712322778], "начнутся в декабре", 0.0], [[269, 0.9005152319413514], "продаж в мае", 0.0], [[270, 0.8934500881362998], "в мае ]", 0.11578395331733066]], "апреля в Пятигорске": [[[447, 0.8676755333936332], "[ В октябре", 0.0], [[269, 0.8191004603397419], "продаж в мае", 0.0], [[752, 0.8114686679105398], "начнутся в декабре", 0.0], [[191, 0.8037015499976305], "[ В Москве", 0.0], [[32, 0.796150296502314], "29 июня в", 0.024804529446421274]], "в Пятигорске случилась": null, "Пятигорске случилась ЧП": null, "случилась ЧП ]": null, "[ Как сообщили": [[[466, 1.0000000000000007], "[ Как сообщает", 0.059700725838095714], [[1024, 1.0000000000000007], "[ Как сообщает", 0.06710637837013368], [[827, 0.852908226393723], "Ли сообщил что", 0.025264644480503855], [[393, 0.7999120912045048], "президента сообщили что", 0.020173264535791668], [[467, 0.7916313354253444], "Как сообщает Украинская", 0.05190805775150755]], "Как сообщили РИА": [[[206, 0.9639749123208335], "пожар сообщает РИА", 0.0700277305992792], [[93, 0.8488425340363077], "этом ТАСС сообщили", 0.084999980015061], [[873, 0.8263084741160482], "месяцев сообщает Bloomberg.com", 0.05113492275301333], [[467, 0.8152781891473415], "Как сообщает Украинская", 0.05190805775150755], [[393, 0.8108375447207743], "президента сообщили что", 0.020173264535791668]], "сообщили РИА Новости": [[[207, 0.9963633149427885], "сообщает РИА Новости", 0.0700277305992792], [[208, 0.8941571469081939], "РИА Новости ]", 0.0700277305992792], [[206, 0.8184473707512953], "пожар сообщает РИА", 0.0700277305992792], [[93, 0.7877654447847786], "этом ТАСС сообщили", 0.084999980015061], [[94, 0.6569378526388143], "ТАСС сообщили представители", 0.084999980015061]], "РИА Новости в": [[[208, 0.8423091317038396], "РИА Новости ]", 0.0700277305992792], [[390, 0.7053297673943209], "[ В пресс-службе", 0.0], [[207, 0.7048119343121013], "сообщает РИА Новости", 0.0700277305992792], [[584, 0.667707745106346], "военных новостей со", 0.1067778926885787], [[969, 0.6449812300983618], "Время новостей оба", 0.12499999999999997]], "Новости в Управлении": [[[433, 0.936456006675739], "переданы в управление", 0.0], [[390, 0.8074509273580692], "[ В пресс-службе", 0.0], [[434, 0.8009749934020157], "в управление другому", 0.0274701956345495], [[344, 0.7578513711686511], "вопросы в строительстве", 0.0], [[632, 0.752279364524727], "регулирования недропользования в", 0.0498271657485375]], "в Управлении внутренних": [[[434, 0.8939026975279165], "в управление другому", 0.0274701956345495], [[433, 0.732332040297793], "переданы в управление", 0.0], [[631, 0.6792598938755208], "вопросов регулирования недропользования", 0.0498271657485375], [[632, 0.6783949648678207], "регулирования недропользования в", 0.0498271657485375], [[932, 0.6566225863921599], "для обеспечения взаимной", 0.0733132974460097]], "Управлении внутренних дел": null, "внутренних дел Пятигорска": null, "дел Пятигорска по": null, "Пятигорска по невыясненной": null, "по невыясненной пока": null, "невыясненной пока причине": null, "пока причине внезапно": null, "причине внезапно обвалилась": [[[810, 0.6060202798029933], "США падают от", 0.03768735297639999], [[658, 0.5471744307978867], "могут ухудшаться ]", 0.09599708988933214], [[213, 0.511102944752772], "пока не поступало", 0.20746826392641957], [[327, 0.505573092696051], "давно не собирались", 0.08072910761217851]], "внезапно обвалилась несущая": [[[810, 0.632129118210893], "США падают от", 0.03768735297639999], [[279, 0.5756759033566076], "быть вызвано падением", 0.04456973850357526], [[658, 0.5696950763430644], "могут ухудшаться ]", 0.09599708988933214], [[153, 0.5277563988767862], "выше поднимется Curiosity", 0.07101898247737588], [[671, 0.5129507665518886], "Это касается как", 0.09582756055925952]], "обвалилась несущая стена": null, "несущая стена старого": null, "стена старого здания": null, "старого здания в": [[[199, 0.6545673203015528], "из домов в", 0.057423740851982125], [[344, 0.6023804777293755], "вопросы в строительстве", 0.0], [[101, 0.5649974371445388], "ЛРД в Пасадене", 0.0], [[196, 0.5622928220659367], "Петровка в одном", 0.0], [[959, 0.5501923465933614], "среду в Северной", 0.0]], "здания в центре": [[[101, 0.7330096588359867], "ЛРД в Пасадене", 0.0], [[959, 0.726742276184654], "среду в Северной", 0.0], [[413, 0.7179498830670991], "что в в", 0.0], [[196, 0.7078817372342256], "Петровка в одном", 0.0], [[191, 0.6929239562331655], "[ В Москве", 0.0]], "в центре города": [[[1058, 0.7697675463917504], "административного центра Приморского", 0.05784483144401916], [[1057, 0.7215361594669953], "Владивостока административного центра", 0.05784483144401916], [[1055, 0.6985918965638044], "статусе города Владивостока", 0.037603318065505965], [[517, 0.6487873031935527], "47 центров помощи", 0.054095825911506044], [[1056, 0.5971397524088078], "города Владивостока административного", 0.06968535772829497]], "центре города ]": [[[1055, 0.8733327039223062], "статусе города Владивостока", 0.037603318065505965], [[1018, 0.7476783978284169], "статусе города обсуждался", 0.05759156390591751], [[1037, 0.7460667738484814], "глава города Владимир", 0.04362399244811412], [[978, 0.7246943278862158], "Отныне город сможет", 0.016937114279006273], [[977, 0.7056150085251871], "[ Отныне город", 0.03138735963037905]], "[ Два человека": [[[90, 0.860232429061894], "30 человек ]", 0.08870767192003974], [[89, 0.7351793908962653], "менее 30 человек", 0.08870767192003974]], "Два человека серьезно": [[[90, 0.8424430716367288], "30 человек ]", 0.08870767192003974], [[89, 0.7251619838675257], "менее 30 человек", 0.08870767192003974]], "человека серьезно пострадали": [[[362, 0.6973816065650091], "поможет серьезно продвинуться", 0.03692700484474273], [[361, 0.6035690141720794], "Белоруссии поможет серьезно", 0.03692700484474273], [[90, 0.5172131446673269], "30 человек ]", 0.08870767192003974]], "серьезно пострадали ]": null, "[ В здании": [[[344, 0.7305068813937992], "вопросы в строительстве", 0.0], [[101, 0.711022770401174], "ЛРД в Пасадене", 0.0], [[413, 0.6951562787248471], "что в в", 0.0], [[196, 0.6823079728187829], "Петровка в одном", 0.0], [[199, 0.6768730245682294], "из домов в", 0.057423740851982125]], "В здании вели": null, "здании вели работы": [[[653, 0.6921283048721645], "условия работы действующих", 0.08335730767453015], [[654, 0.5142723429263778], "работы действующих компаний", 0.06743306535373329]], "вели работы по": [[[653, 0.7323801062909154], "условия работы действующих", 0.08335730767453015], [[652, 0.5722014326314515], "раскладах условия работы", 0.08335730767453015]], "работы по реконструкции": null, "по реконструкции ]": [[[384, 0.6766985872140909], "тематике строительства Союзного", 0.03483078318592288], [[1007, 0.6580472431440672], "содержание строительство дорог", 0.03138735963037905], [[345, 0.6379818771528574], "в строительстве союзного", 0.028437229511918544], [[1006, 0.6379727213313083],