{"[ Подводя итоги": null, "Подводя итоги уходящего": null, "итоги уходящего года": null, "уходящего года «Лента.ру»": [[[150, 0.8642954097625732], "миллионов лет ]", 0.03263447361552221], [[1023, 0.8622959525908337], "шести лет ]", 0.10672698419656927], [[755, 0.8428625663922513], "2014 года ]", 0.07740027627147918], [[450, 0.7338404697432118], "2010 года Украинская", 0.05456640057535233], [[738, 0.7049613413420441], "пару лет деньги", 0.05420608175162145]], "года «Лента.ру» составила": [[[479, 0.7654405435369676], "стоимость составляет примерно", 0.0706838746358336], [[85, 0.6828176366076049], "должны были составить", 0.08870767192003974], [[86, 0.6511061415012714], "были составить не", 0.08870767192003974], [[478, 0.6446939475275371], "общая стоимость составляет", 0.059700725838095714], [[694, 0.5806780109916856], "государству планируется представить", 0.06047813996587426]], "«Лента.ру» составила список": [[[479, 0.6938451722006806], "стоимость составляет примерно", 0.0706838746358336], [[478, 0.6622448506565397], "общая стоимость составляет", 0.059700725838095714], [[85, 0.6171357015146444], "должны были составить", 0.08870767192003974], [[493, 0.559937585015146], "в список наиболее", 0.04402867718492656], [[86, 0.550553871972393], "были составить не", 0.08870767192003974]], "составила список лучших": [[[493, 0.7561076022743893], "в список наиболее", 0.04402867718492656], [[492, 0.5649894659321978], "входят в список", 0.0]], "список лучших публикаций": null, "лучших публикаций 2016-го": null, "публикаций 2016-го года": [[[755, 0.6312928880196367], "2014 года ]", 0.07740027627147918], [[150, 0.6285118960664182], "миллионов лет ]", 0.03263447361552221], [[1023, 0.6152247227431183], "шести лет ]", 0.10672698419656927], [[450, 0.5801707830266953], "2010 года Украинская", 0.05456640057535233], [[449, 0.5108000449044905], "октябре 2010 года", 0.07430377449414131]], "2016-го года ]": [[[150, 0.9110648224419338], "миллионов лет ]", 0.03263447361552221], [[755, 0.9081785357809548], "2014 года ]", 0.07740027627147918], [[1023, 0.8989749503152814], "шести лет ]", 0.10672698419656927], [[450, 0.795935311520908], "2010 года Украинская", 0.05456640057535233], [[449, 0.7246792144886542], "октябре 2010 года", 0.07430377449414131]], "[ Этот текст": null, "Этот текст один": null, "текст один из": [[[197, 0.7819126047303994], "в одном из", 0.0700277305992792], [[576, 0.6967048905932745], "некоторых из них", 0.07267164179030539], [[138, 0.696201260245441], "некоторые из них", 0.08535139149349202], [[506, 0.685303286996162], "процентов из них", 0.04402867718492656], [[198, 0.5304488578912653], "одном из домов", 0.0700277305992792]], "один из них": [[[576, 0.9288433661848039], "некоторых из них", 0.07267164179030539], [[138, 0.9075042903475199], "некоторые из них", 0.08535139149349202], [[506, 0.9052703219136453], "процентов из них", 0.04402867718492656], [[507, 0.8235585497265367], "из них ]", 0.07220829026119616], [[197, 0.7542566819247987], "в одном из", 0.0700277305992792]], "из них ]": [[[507, 0.9754575914778171], "из них ]", 0.07220829026119616], [[139, 0.8940199524318158], "из них были", 0.04267569574674601], [[576, 0.7875443866993292], "некоторых из них", 0.07267164179030539], [[138, 0.7453309299163011], "некоторые из них", 0.08535139149349202], [[506, 0.7324706588767915], "процентов из них", 0.04402867718492656]], "[ Последние четыре": [[[257, 0.9438390872514951], "за восемь последних", 0.04310707886481927], [[258, 0.838490774591405], "восемь последних месяцев", 0.04310707886481927], [[225, 0.7433758228413133], "корпус четыре ]", 0.09727572313287555], [[1022, 0.708123693078774], "течение шести лет", 0.10672698419656927], [[869, 0.6716413246666367], "первых за последние", 0.06963108669351159]], "Последние четыре года": [[[1022, 0.9252530328140629], "течение шести лет", 0.10672698419656927], [[257, 0.8578709084151331], "за восемь последних", 0.04310707886481927], [[1023, 0.8276871987656249], "шести лет ]", 0.10672698419656927], [[258, 0.8117241334260807], "восемь последних месяцев", 0.04310707886481927], [[225, 0.8043742987819462], "корпус четыре ]", 0.09727572313287555]], "четыре года фотограф": [[[1023, 0.8201910553360177], "шести лет ]", 0.10672698419656927], [[150, 0.7873320150294182], "миллионов лет ]", 0.03263447361552221], [[755, 0.7687682082221169], "2014 года ]", 0.07740027627147918], [[1022, 0.6972701439842139], "течение шести лет", 0.10672698419656927], [[738, 0.6824368267606695], "пару лет деньги", 0.05420608175162145]], "года фотограф Габриэла": null, "фотограф Габриэла Хэрман": null, "Габриэла Хэрман работала": null, "Хэрман работала над": null, "работала над проектом": [[[643, 0.840808799041481], "действующим проектам проектам", 0.0498271657485375], [[169, 0.771560448640868], "[ Этот проект", 0.13930551884048048], [[170, 0.6914624967670386], "Этот проект обошелся", 0.1821680964711896], [[644, 0.6313326681676923], "проектам и соглашениям", 0.0], [[642, 0.5092395888136019], "уже действующим проектам", 0.035001045637799245]], "над проектом чьи": [[[643, 0.744244991405831], "действующим проектам проектам", 0.0498271657485375], [[169, 0.7203554421482725], "[ Этот проект", 0.13930551884048048], [[170, 0.5882464323172449], "Этот проект обошелся", 0.1821680964711896], [[644, 0.5423328650355326], "проектам и соглашениям", 0.0], [[520, 0.516250390517768], "налогоплательщикам чьи работники", 0.054095825911506044]], "проектом о людях": [[[90, 0.8610489008120347], "30 человек ]", 0.08870767192003974], [[89, 0.7210639827358176], "менее 30 человек", 0.08870767192003974]], "о людях чьи": [[[90, 0.8103641378397477], "30 человек ]", 0.08870767192003974], [[89, 0.6766938908789646], "менее 30 человек", 0.08870767192003974], [[520, 0.6097546488746796], "налогоплательщикам чьи работники", 0.054095825911506044]], "людях чьи родители": [[[520, 0.7268836498178585], "налогоплательщикам чьи работники", 0.054095825911506044], [[519, 0.566770530267142], "помощи налогоплательщикам чьи", 0.03209284352543764], [[90, 0.5472558594901185], "30 человек ]", 0.08870767192003974]], "чьи родители принадлежат": [[[520, 0.6254968855517827], "налогоплательщикам чьи работники", 0.054095825911506044], [[519, 0.5119491064842888], "помощи налогоплательщикам чьи", 0.03209284352543764]], "родители принадлежат сообществу": [[[426, 0.6500404460997898], "Украины принадлежащие Виктору", 0.020173264535791668], [[425, 0.5846129842247978], "депутатов Украины принадлежащие", 0.020173264535791668], [[673, 0.5426400356022676], "как представителей российских", 0.11035825414132784], [[692, 0.5325197128335581], "в собственность государству", 0.06047813996587426], [[95, 0.5321518975037365], "сообщили представители американской", 0.084999980015061]], "принадлежат сообществу ЛГБТ": null, "сообществу ЛГБТ ]": null, "[ Все они": null, "Все они в": [[[364, 0.8304999682081972], "продвинуться в их", 0.0], [[413, 0.7220056679379087], "что в в", 0.0], [[709, 0.7060076708939715], "будет в два", 0.0], [[101, 0.699335944917256], "ЛРД в Пасадене", 0.0], [[545, 0.6862479827710046], "Дело в том", 0.0]], "они в том": [[[709, 0.8794972882735843], "будет в два", 0.0], [[413, 0.878394785363117], "что в в", 0.0], [[364, 0.8713562476122745], "продвинуться в их", 0.0], [[545, 0.8664420297281163], "Дело в том", 0.0], [[101, 0.8451987331818607], "ЛРД в Пасадене", 0.0]], "в том числе": [[[565, 0.6166264269909498], "Точное число баз", 0.07267164179030539], [[564, 0.5324506270421347], "[ Точное число", 0.07267164179030539]], "том числе Хэрман": [[[565, 0.7637783723092453], "Точное число баз", 0.07267164179030539], [[564, 0.652338845932229], "[ Точное число", 0.07267164179030539]], "числе и сама": null, "и сама Хэрман": null, "сама Хэрман которая": null, "Хэрман которая включила": [[[490, 0.7741934510968478], "вопросы которые входят", 0.03610414513059808], [[491, 0.6694892989852987], "которые входят в", 0.04402867718492656], [[408, 0.6347581071538413], "не осуществлялось отметили", 0.0274701956345495], [[530, 0.611981304716148],