{"[ Германское отделение": [[[611, 0.66555394700059], "высшего военного руководства", 0.06809222136966396], [[96, 0.6584588158563184], "представители американской Лаборатории", 0.084999980015061], [[385, 0.64065528028423], "строительства Союзного государства", 0.06966156637184576], [[1058, 0.6339700188189911], "административного центра Приморского", 0.05784483144401916], [[346, 0.6316687991070282], "строительстве союзного государства", 0.028437229511918544]], "Германское отделение международной": [[[1001, 0.6865697008206436], "краевых и федеральных", 0.0], [[1058, 0.6730315793319253], "административного центра Приморского", 0.05784483144401916], [[58, 0.6666166220916909], "заявлении Центрального новостного", 0.024804529446421274], [[1002, 0.6617433433960042], "и федеральных мероприятий", 0.03138735963037905], [[1057, 0.6549827324402033], "Владивостока административного центра", 0.05784483144401916]], "отделение международной организации": [[[1002, 0.7537549624667368], "и федеральных мероприятий", 0.03138735963037905], [[1001, 0.7510277632332929], "краевых и федеральных", 0.0], [[674, 0.7195629367981885], "представителей российских деловых", 0.08551786939161393], [[385, 0.6980552244134227], "строительства Союзного государства", 0.06966156637184576], [[1003, 0.6907908294126268], "федеральных мероприятий охрану", 0.03138735963037905]], "международной организации Красный": [[[1001, 0.6872238033122419], "краевых и федеральных", 0.0], [[1002, 0.6830730184360461], "и федеральных мероприятий", 0.03138735963037905], [[1003, 0.6498149810398707], "федеральных мероприятий охрану", 0.03138735963037905], [[1058, 0.6445364353379324], "административного центра Приморского", 0.05784483144401916], [[1057, 0.6381617363368751], "Владивостока административного центра", 0.05784483144401916]], "организации Красный Крест": null, "Красный Крест предлагает": null, "Крест предлагает донорам": [[[368, 0.6389929055727692], "Путин предложил белорусскому", 0.045229318099137966], [[758, 0.6102507769440023], "будет предложен продукт", 0.08076859546378028], [[757, 0.5995458479063211], "Потребителям будет предложен", 0.059313965730404726], [[367, 0.5152446160705879], "[ Путин предложил", 0.03914656511246741]], "предлагает донорам сделку": null, "донорам сделку каждый": null, "сделку каждый кто": null, "каждый кто сдаст": null, "кто сдаст пол-литра": null, "сдаст пол-литра крови": null, "пол-литра крови получает": null, "крови получает билет": [[[980, 0.6563025202106485], "сможет получать из", 0.03138735963037905], [[499, 0.5296230910665719], "смогли получить правильные", 0.03610414513059808]], "получает билет на": null, "билет на фильм": null, "на фильм Дракула": null, "фильм Дракула 2000": null, "Дракула 2000 Патрика": null, "2000 Патрика Люссье": null, "Патрика Люссье ]": null, "[ Любой здоровый": [[[650, 0.6132299510098017], "при любых раскладах", 0.06743306535373329], [[649, 0.6049909830679264], "Волин при любых", 0.09599708988933214], [[634, 0.5901322574327529], "в любом случае", 0.035001045637799245], [[633, 0.5221432783032216], "недропользования в любом", 0.0]], "Любой здоровый человек": [[[90, 0.6384566485249926], "30 человек ]", 0.08870767192003974], [[89, 0.5680945891123352], "менее 30 человек", 0.08870767192003974]], "здоровый человек который": [[[90, 0.8928089522948965], "30 человек ]", 0.08870767192003974], [[89, 0.7721185262663536], "менее 30 человек", 0.08870767192003974]], "человек который хочет": null, "который хочет посмотреть": [[[555, 0.6569508423893734], "том что собирается", 0.09633667382185261], [[878, 0.6254180724282884], "дали понять что", 0.01892048331530674], [[115, 0.6022022095777348], "позволяют говорить что", 0.06033119395431034], [[350, 0.5982014393772961], "и надеются что", 0.03196080463549311], [[161, 0.5819342399437086], "поставить и понять", 0.0]], "хочет посмотреть фильм": null, "посмотреть фильм вампире": null, "фильм о знаменитом": null, "о знаменитом вампире": null, "знаменитом вампире должен": null, "вампире должен просто": null, "должен просто прийти": [[[878, 0.6330552903248825], "дали понять что", 0.01892048331530674], [[555, 0.6118719913970923], "том что собирается", 0.09633667382185261], [[327, 0.580987199191003], "давно не собирались", 0.08072910761217851], [[879, 0.5724629268748551], "понять что не", 0.03682995808502739], [[161, 0.5686370905163571], "поставить и понять", 0.0]], "просто прийти на": null, "прийти на центральную": [[[798, 0.6269379204800333], "выходит на молочный", 0.02767642980636313], [[561, 0.6074982757022018], "баз на территории", 0.04816833691092631], [[456, 0.603616754396468], "суд на Януковича", 0.05456640057535233], [[904, 0.6001216217417862], "оружия на Корейском", 0.013894619468405362], [[472, 0.5701303270427449], "ссылкой на пресс-службу", 0.05190805775150755]], "на центральную берлинскую": [[[58, 0.7960229008249256], "заявлении Центрального новостного", 0.024804529446421274], [[1058, 0.6822531829685723], "административного центра Приморского", 0.05784483144401916], [[2, 0.6506233776309325], "пятницу представители Северной", 0.05036239072468087], [[66, 0.6375938367783406], "признание Северной Кореей", 0.046638494346932485], [[27, 0.6366579136428298], "Северной и Южной", 0.0]], "центральную берлинскую станцию": [[[1058, 0.643307164127454], "административного центра Приморского", 0.05784483144401916], [[58, 0.604108451117449], "заявлении Центрального новостного", 0.024804529446421274], [[2, 0.5750492513744206], "пятницу представители Северной", 0.05036239072468087], [[96, 0.5722669436364022], "представители американской Лаборатории", 0.084999980015061], [[3, 0.569266044801666], "представители Северной Кореи", 0.03516796465725913]], "берлинскую станцию переливания": null, "станцию переливания крови": null, "переливания крови ]": null, "[ Там его": [[[662, 0.8050014614643135], "времени он должен", 0.0838445869857746], [[330, 0.7774845357324807], "уточнил он ]", 0.07182898514734065], [[592, 0.73643313441543], "[ По его", 0.043183174375264914], [[619, 0.73643313441543], "[ По его", 0.029556727998711743], [[593, 0.7021865675346212], "По его сведениям", 0.043183174375264914]], "Там его покормят": [[[330, 0.7123642500131793], "уточнил он ]", 0.07182898514734065], [[662, 0.6266258165125629], "времени он должен", 0.0838445869857746], [[592, 0.6199381716716165], "[ По его", 0.043183174375264914], [[619, 0.6199381716716165], "[ По его", 0.029556727998711743], [[445, 0.5411027881275531], "которыми он владеет", 0.07276013948707317]], "его покормят возьмут": null, "покормят возьмут кровь": null, "возьмут у него": [[[330, 0.772281822839832], "уточнил он ]", 0.07182898514734065], [[662, 0.6416947065643721], "времени он должен", 0.0838445869857746], [[592, 0.6142986226642424], "[ По его", 0.043183174375264914], [[619, 0.6142986226642424], "[ По его", 0.029556727998711743], [[445, 0.5972471506901889], "которыми он владеет", 0.07276013948707317]], "у него кровь": [[[330, 0.6739983663599189], "уточнил он ]", 0.07182898514734065], [[662, 0.6254964960700158], "времени он должен", 0.0838445869857746], [[592, 0.6062756354679435], "[ По его", 0.043183174375264914], [[619, 0.6062756354679435], "[ По его", 0.029556727998711743], [[918, 0.5631818591039605], "объединения Ли Бон", 0.015980541431139257]], "него кровь билет": null, "кровь и дадут": [[[877, 0.6949817993037994], "четко дали понять", 0.01892048331530674], [[526, 0.63833530225559], "вопросов дали неверные", 0.054095825911506044], [[980, 0.5323592881001014], "сможет получать из", 0.03138735963037905]], "и дадут билет": [[[877, 0.6145644753573692], "четко дали понять", 0.01892048331530674], [[526, 0.5479265248523292], "вопросов дали неверные", 0.054095825911506044], [[980, 0.5032733930279145], "сможет получать из", 0.03138735963037905]], "дадут билет в": [[[413, 0.6134127834930488], "что в в", 0.0], [[173, 0.5942876281086976], "НАСА в долларов", 0.0], [[597, 0.5930926244264287], "объясняется участившимися в", 0.043183174375264914], [[461, 0.5736305525021017],