{"[ Вести.ру ]": null, "[ Время новостей": [[[968, 1.0000000000000009], "[ Время новостей", 0.12499999999999997], [[969, 0.7150046149683142], "Время новостей оба", 0.12499999999999997], [[208, 0.643993686148292], "РИА Новости ]", 0.0700277305992792], [[803, 0.6195456245246046], "сложное время когда", 0.02767642980636313], [[600, 0.5860333374427258], "последнее время обвинениями", 0.03404611068483198]], "Время новостей оба": [[[969, 1.0000000000000004], "Время новостей оба", 0.12499999999999997], [[208, 0.7472542034903643], "РИА Новости ]", 0.0700277305992792], [[968, 0.7150046149683141], "[ Время новостей", 0.12499999999999997], [[584, 0.6356038194583349], "военных новостей со", 0.1067778926885787], [[970, 0.5659434322640715], "новостей оба самолета", 0.12499999999999997]], "новостей оба самолета": [[[970, 1.0000000000000007], "новостей оба самолета", 0.12499999999999997], [[971, 0.6971043333720179], "оба самолета пилотировали", 0.12499999999999997], [[48, 0.6108815403942018], "с обеих сторон", 0.024804529446421274], [[969, 0.5659434322640715], "Время новостей оба", 0.12499999999999997]], "оба самолета пилотировали": [[[971, 1.0000000000000004], "оба самолета пилотировали", 0.12499999999999997], [[972, 0.9039184468832051], "самолета пилотировали летчики", 0.12499999999999997], [[970, 0.6971043333720179], "новостей оба самолета", 0.12499999999999997], [[973, 0.6287391323221541], "пилотировали летчики в", 0.12499999999999997], [[24, 0.510225095231269], "перестрелка между кораблями", 0.024804529446421274]], "самолета пилотировали летчики": [[[972, 1.0000000000000004], "самолета пилотировали летчики", 0.12499999999999997], [[971, 0.9039184468832049], "оба самолета пилотировали", 0.12499999999999997], [[973, 0.7840237444987856], "пилотировали летчики в", 0.12499999999999997]], "пилотировали летчики в": [[[973, 1.0], "пилотировали летчики в", 0.12499999999999997], [[972, 0.7840237444987859], "самолета пилотировали летчики", 0.12499999999999997], [[974, 0.649026062017781], "летчики в звании", 0.0], [[971, 0.6287391323221541], "оба самолета пилотировали", 0.12499999999999997], [[196, 0.5018232229315626], "Петровка в одном", 0.0]], "летчики в звании": [[[974, 1.0000000000000004], "летчики в звании", 0.0], [[101, 0.7297028687238879], "ЛРД в Пасадене", 0.0], [[413, 0.7275668253016981], "что в в", 0.0], [[196, 0.6912226512021423], "Петровка в одном", 0.0], [[709, 0.688284014204694], "будет в два", 0.0]], "в звании полковника": [[[975, 0.9999999999999999], "в звании полковника", 0.12499999999999997], [[976, 0.8707215254517], "звании полковника ]", 0.12499999999999997], [[974, 0.6786224113673094], "летчики в звании", 0.0]], "звании полковника ]": [[[976, 1.0000000000000004], "звании полковника ]", 0.12499999999999997], [[975, 0.8707215254516999], "в звании полковника", 0.12499999999999997], [[1039, 0.5483445664644077], "Владимир Николаев ]", 0.0808426935619775], [[437, 0.5350570561917758], "[ Виктор Янукович", 0.10614154681116864], [[438, 0.532079649041612], "Виктор Янукович обнародовал", 0.12566841831706305]]}