{"[ 28 января": null, "28 января на": [[[1049, 0.6827953168476776], "30 марта ]", 0.10537121732157961], [[550, 0.6755169004524492], "конце февраля Пентагон", 0.04816833691092631], [[701, 0.654352609937526], "первому ноября ]", 0.06964866789258818], [[270, 0.642915270980049], "в мае ]", 0.11578395331733066], [[472, 0.6296081727232896], "ссылкой на пресс-службу", 0.05190805775150755]], "января на Пионерской": [[[561, 0.6343673627022048], "баз на территории", 0.04816833691092631], [[193, 0.6214392083288085], "Москве на улице", 0.0700277305992792], [[904, 0.6169003580736192], "оружия на Корейском", 0.013894619468405362], [[472, 0.6140584833633027], "ссылкой на пресс-службу", 0.05190805775150755], [[456, 0.6116471739659313], "суд на Януковича", 0.05456640057535233]], "на Пионерской площади": null, "Пионерской площади в": [[[196, 0.6412399659083599], "Петровка в одном", 0.0], [[195, 0.6158894450125056], "улице Петровка в", 0.057423740851982125], [[959, 0.6120694753733746], "среду в Северной", 0.0], [[101, 0.6110884260217748], "ЛРД в Пасадене", 0.0], [[709, 0.5992712657166791], "будет в два", 0.0]], "площади в Санкт-Петербурге": [[[191, 0.89486636637231], "[ В Москве", 0.0], [[447, 0.7654960001613859], "[ В октябре", 0.0], [[269, 0.7648930834980341], "продаж в мае", 0.0], [[196, 0.7514131887789708], "Петровка в одном", 0.0], [[959, 0.7360685491389689], "среду в Северной", 0.0]], "в Санкт-Петербурге прошла": [[[191, 0.6655137092586391], "[ В Москве", 0.0], [[956, 0.6112751647837269], "сторон состоялась в", 0.08018394577153747], [[447, 0.5531643060364034], "[ В октябре", 0.0], [[192, 0.5514401279586935], "В Москве на", 0.0700277305992792], [[753, 0.551168779251685], "в декабре 2014", 0.09163961321992908]], "Санкт-Петербурге прошла акция": null, "прошла акция протеста": [[[282, 0.7002325609310486], "курса акций на", 0.04456973850357526], [[281, 0.6259958152869832], "падением курса акций", 0.04456973850357526], [[402, 0.6131797541129662], "указанные акции никаких", 0.017824177408644212]], "акция протеста День": null, "протеста День единых": null, "День единых действий": null, "единых действий ]": null, "[ В ней": [[[413, 0.8956988658065566], "что в в", 0.0], [[101, 0.8702366976647744], "ЛРД в Пасадене", 0.0], [[709, 0.8667691909749107], "будет в два", 0.0], [[364, 0.851045516330083], "продвинуться в их", 0.0], [[196, 0.8303037162152581], "Петровка в одном", 0.0]], "В ней приняли": [[[1043, 0.6859254983995109], "было принято на", 0.08746715958298083], [[1062, 0.6567475093104113], "был принят принят", 0.06968535772829497], [[1042, 0.614196853956701], "решение было принято", 0.08746715958298083], [[1063, 0.6141073276631286], "принят принят сразу", 0.05784483144401916], [[453, 0.5136413943523211], "правда подала в", 0.07430377449414131]], "ней приняли участие": [[[1062, 0.6696535375849924], "был принят принят", 0.06968535772829497], [[1042, 0.6654954487377934], "решение было принято", 0.08746715958298083], [[1043, 0.619537159436549], "было принято на", 0.08746715958298083], [[1063, 0.5826835522581921], "принят принят сразу", 0.05784483144401916], [[408, 0.5698407426255119], "не осуществлялось отметили", 0.0274701956345495]], "приняли участие представители": [[[673, 0.7527238055160745], "как представителей российских", 0.11035825414132784], [[95, 0.7235233079711421], "сообщили представители американской", 0.084999980015061], [[953, 0.7155299649328546], "встреча представителей двух", 0.0677246371649309], [[2, 0.6663017192830106], "пятницу представители Северной", 0.05036239072468087], [[674, 0.6413230690415701], "представителей российских деловых", 0.08551786939161393]], "участие представители левых": [[[673, 0.7789342813204676], "как представителей российских", 0.11035825414132784], [[2, 0.7690039724323781], "пятницу представители Северной", 0.05036239072468087], [[953, 0.7463129541269657], "встреча представителей двух", 0.0677246371649309], [[95, 0.7391298996720461], "сообщили представители американской", 0.084999980015061], [[217, 0.6427937973268648], "данным представителя УГПС", 0.07976748451746778]], "представители левых оппозиционных": null, "левых оппозиционных движений": [[[99, 0.7611983749882774], "реактивного движения ЛРД", 0.084999980015061], [[98, 0.7071882194448523], "Лаборатории реактивного движения", 0.084999980015061], [[605, 0.6954436712817716], "правительственных и политических", 0.0], [[187, 0.6324964731713985], "перекрытии движения по", 0.07849231868624094], [[186, 0.6188932906079472], "о перекрытии движения", 0.07849231868624094]], "оппозиционных движений выступающих": [[[99, 0.7621071095792238], "реактивного движения ЛРД", 0.084999980015061], [[187, 0.6850066528980849], "перекрытии движения по", 0.07849231868624094], [[98, 0.6345469131595408], "Лаборатории реактивного движения", 0.084999980015061], [[186, 0.6286650406442873], "о перекрытии движения", 0.07849231868624094], [[605, 0.5352253526908203], "правительственных и политических", 0.0]], "движений выступающих против": [[[832, 0.6280102078615624], "готова выступить с", 0.03440319365690339], [[839, 0.558214396104868], "согласится возобновить шестисторонние", 0.03440319365690339], [[647, 0.5518767642840285], "Как заявил Волин", 0.0617494572581028], [[408, 0.5379332671024454], "не осуществлялось отметили", 0.0274701956345495], [[910, 0.5190582270476269], "должно заявил заместитель", 0.01892048331530674]], "выступающих против фальсификаций": [[[37, 0.6410932465320016], "вооруженной провокации со", 0.024804529446421274], [[36, 0.610721210700226], "безрассудной вооруженной провокации", 0.024804529446421274], [[605, 0.5845087857814368], "правительственных и политических", 0.0], [[601, 0.5069322014077736], "время обвинениями со", 0.043183174375264914], [[603, 0.5012955713112152], "со стороны правительственных", 0.043183174375264914]], "против фальсификаций на": [[[295, 0.6735756618472821], "не унификация на", 0.043748323673899886], [[37, 0.6500056787714287], "вооруженной провокации со", 0.024804529446421274], [[298, 0.5816385089717842], "предоставление на практике", 0.03892521278061985], [[297, 0.5754587895211778], "а предоставление на", 0.05054611667884718], [[601, 0.555845265835761], "время обвинениями со", 0.043183174375264914]], "фальсификаций на выборах": [[[421, 0.6919330746147005], "закона О выборах", 0.0], [[456, 0.6686945590888428], "суд на Януковича", 0.05456640057535233], [[422, 0.665337606136372], "О выборах народных", 0.0274701956345495], [[1044, 0.6547355918800994], "принято на заседании", 0.08746715958298083], [[904, 0.579157572525684], "оружия на Корейском", 0.013894619468405362]], "на выборах политикой": [[[421, 0.8369189044205398], "закона О выборах", 0.0], [[422, 0.7785602375184273], "О выборах народных", 0.0274701956345495], [[424, 0.6126689241953185], "народных депутатов Украины", 0.0274701956345495], [[669, 0.6046358446792004], "и правительством ]", 0.07080278907515195], [[668, 0.591546531615856], "президента и правительством", 0.0]], "выборах и недовольных": null, "и недовольных политикой": [[[605, 0.6333621559160258], "правительственных и политических", 0.0], [[612, 0.5672088445183883], "военного руководства неоправданно", 0.03404611068483198], [[376, 0.5471279350378977], "Союзного государства некоторые", 0.06296640530338365], [[606, 0.5088727196763456], "и политических кругов", 0.043183174375264914]], "недовольных политикой властей": [[[605, 0.7388810374676167], "правительственных и политических", 0.0], [[669, 0.7077746424932309], "и правительством ]", 0.07080278907515195], [[668, 0.6681306556038458], "президента и правительством", 0.0], [[347, 0.6626450250976219], "союзного государства перезрели", 0.025704132313000727], [[386, 0.6349453407697321], "Союзного государства России", 0.06296640530338365]], "политикой властей ]": [[[669, 0.703078274032974], "и правительством ]", 0.07080278907515195], [[605, 0.6700758476642108], "правительственных и политических", 0.0], [[347, 0.6594571711246435], "союзного государства перезрели", 0.025704132313000727], [[668, 0.6540797182387171],