{"[ Видеоблогер под": null, "Видеоблогер под ником": null, "под ником Markiplier": null, "ником Markiplier опубликовал": null, "Markiplier опубликовал на": null, "опубликовал на своем": [[[904, 0.7488394185076034], "оружия на Корейском", 0.013894619468405362], [[456, 0.7181149221921317], "суд на Януковича", 0.05456640057535233], [[119, 0.6876864021290446], "что на поверхности", 0.031940377620244174], [[400, 0.6755897491889835], "собственности на указанные", 0.020173264535791668], [[522, 0.6363228850813671], "работники на 49", 0.03745121228148617]], "на своем канале": null, "своем канале запись": null, "канале запись на": null, "запись на которой": [[[456, 0.7704077896450612], "суд на Януковича", 0.05456640057535233], [[904, 0.7446921786258852], "оружия на Корейском", 0.013894619468405362], [[119, 0.6671575780293751], "что на поверхности", 0.031940377620244174], [[522, 0.657016172223391], "работники на 49", 0.03745121228148617], [[587, 0.6561973420626166], "ссылкой на источник", 0.1067778926885787]], "на которой домашние": null, "которой домашние собаки": null, "домашние собаки с": null, "собаки и кошки": null, "и кошки с": null, "кошки с наложенным": [[[405, 0.8671042170685292], "операций с ними", 0.0], [[247, 0.7450707062949434], "снизился с 92,4", 0.0], [[47, 0.7206859202566642], "потерям с обеих", 0.0], [[818, 0.7043436790383127], "молока с высоким", 0.0], [[1028, 0.700081088934108], "агентство Дейта.Ru с", 0.0]], "с наложенным на": [[[456, 0.7166709151992403], "суд на Януковича", 0.05456640057535233], [[904, 0.6984037422298767], "оружия на Корейском", 0.013894619468405362], [[119, 0.6476770456735517], "что на поверхности", 0.031940377620244174], [[798, 0.6082053424128829], "выходит на молочный", 0.02767642980636313], [[522, 0.5895459735202422], "работники на 49", 0.03745121228148617]], "наложенным на пасти": [[[904, 0.7304285799400299], "оружия на Корейском", 0.013894619468405362], [[456, 0.7146718641036018], "суд на Януковича", 0.05456640057535233], [[119, 0.6282262861781518], "что на поверхности", 0.031940377620244174], [[798, 0.5903787536146603], "выходит на молочный", 0.02767642980636313], [[522, 0.5634765800822092], "работники на 49", 0.03745121228148617]], "на пасти человеческим": null, "пасти человеческим ртом": [[[44, 0.6472853508957201], "привела к человеческим", 0.0], [[45, 0.6199854308652891], "к человеческим потерям", 0.024804529446421274]], "человеческим ртом кричат": null, "ртом кричат гавкают": [[[810, 0.6418486644661858], "США падают от", 0.03768735297639999], [[742, 0.582942618621207], "[ Как пишет", 0.09163961321992908], [[797, 0.5704367061438473], "Coca-Cola выходит на", 0.03768735297639999], [[161, 0.5646282639732791], "поставить и понять", 0.0], [[115, 0.5484818360581842], "позволяют говорить что", 0.06033119395431034]], "кричат гавкают на": [[[797, 0.6891456589485982], "Coca-Cola выходит на", 0.03768735297639999], [[810, 0.6208616214563704], "США падают от", 0.03768735297639999], [[742, 0.5351116210237785], "[ Как пишет", 0.09163961321992908]], "гавкают и реагируют": [[[639, 0.6253000080024753], "могут относиться действующим", 0.0498271657485375], [[161, 0.6113925535145881], "поставить и понять", 0.0], [[671, 0.604954660419439], "Это касается как", 0.09582756055925952], [[214, 0.5992373058907986], "не поступало ]", 0.20746826392641957], [[162, 0.5891254618453055], "и понять какие", 0.07101898247737588]], "и реагируют на": null, "реагируют на разные": null, "на разные ситуации": [[[287, 0.7071353201862598], "и сложной ситуацией", 0.04456973850357526], [[288, 0.6212107980245627], "сложной ситуацией на", 0.04456973850357526], [[286, 0.6034154545175149], "рынке и сложной", 0.0], [[627, 0.57792477137783], "информации различные законопроекты", 0.0498271657485375], [[134, 0.5577141972630806], "из различных слоев", 0.04267569574674601]], "разные ситуации ]": [[[288, 0.862970944744428], "сложной ситуацией на", 0.04456973850357526], [[287, 0.7792782864692849], "и сложной ситуацией", 0.04456973850357526], [[285, 0.6192384404319776], "фондовом рынке ситуацией", 0.08913947700715052], [[286, 0.5804138785931343], "рынке и сложной", 0.0], [[380, 0.5387315217488087], "некоторые другие проблемы", 0.03914656511246741]], "[ За двое": null, "За двое суток": null, "двое суток ролик": null, "суток ролик посмотрели": null, "ролик посмотрели более": null, "посмотрели более двух": null, "более двух миллионов": [[[149, 0.7495101313372778], "течение миллионов лет", 0.04267569574674601], [[987, 0.7282403905163761], "300 миллионов рублей", 0.03138735963037905], [[484, 0.7043733834520792], "25,3 тысячи рублей", 0.059700725838095714], [[483, 0.7039591077356835], "примерно 25,3 тысячи", 0.0], [[175, 0.6675785752811695], "2,5 миллиарда долларов", 0.15709509587297532]], "двух миллионов раз": [[[987, 0.811175531938109], "300 миллионов рублей", 0.03138735963037905], [[149, 0.789605928808513], "течение миллионов лет", 0.04267569574674601], [[174, 0.7872282327062103], "в 2,5 миллиарда", 0.0], [[175, 0.7860825679827118], "2,5 миллиарда долларов", 0.15709509587297532], [[484, 0.749742393355896], "25,3 тысячи рублей", 0.059700725838095714]], "миллионов раз ]": null}