{"[ Какие-то из": [[[575, 0.7291886917330797], "бы некоторых из", 0.07267164179030539], [[138, 0.6868819876617909], "некоторые из них", 0.08535139149349202], [[137, 0.6785915808321356], "причем некоторые из", 0.04267569574674601], [[576, 0.6741247893295743], "некоторых из них", 0.07267164179030539], [[849, 0.5643285704639636], "впрочем о какой", 0.0]], "Какие-то из этих": [[[138, 0.8390025457151056], "некоторые из них", 0.08535139149349202], [[576, 0.8359191781696206], "некоторых из них", 0.07267164179030539], [[506, 0.7426090504403683], "процентов из них", 0.04402867718492656], [[575, 0.6944374756896533], "бы некоторых из", 0.07267164179030539], [[197, 0.6830367010120729], "в одном из", 0.0700277305992792]], "из этих аппаратов": null, "этих аппаратов уже": null, "аппаратов уже существуют": [[[641, 0.7777892778163429], "к уже действующим", 0.04326650308502957], [[640, 0.7724236606500906], "относиться к уже", 0.0], [[122, 0.628550193348532], "Марса существовали обширные", 0.06033119395431034], [[639, 0.5978002018667827], "могут относиться действующим", 0.0498271657485375], [[642, 0.5512168755202168], "уже действующим проектам", 0.035001045637799245]], "уже существуют какие-то": [[[639, 0.682156302327603], "могут относиться действующим", 0.0498271657485375], [[849, 0.6792035491165822], "впрочем о какой", 0.0], [[163, 0.6761366462475101], "понять какие изменения", 0.07101898247737588], [[341, 0.6508526166564051], "считают что некоторые", 0.04316593521959937], [[640, 0.6459261992605834], "относиться к уже", 0.0]], "существуют какие-то выйдут": [[[162, 0.6981128968360751], "и понять какие", 0.07101898247737588], [[161, 0.6613562442379339], "поставить и понять", 0.0], [[849, 0.63908887874252], "впрочем о какой", 0.0], [[671, 0.6224125175388954], "Это касается как", 0.09582756055925952], [[878, 0.6118449433138793], "дали понять что", 0.01892048331530674]], "какие-то выйдут в": [[[491, 0.757037040428395], "которые входят в", 0.04402867718492656], [[352, 0.7305058349458715], "что начавшийся в", 0.03692700484474273], [[75, 0.7191699970761076], "предпочла оставить в", 0.08278299317053538], [[363, 0.7112807070769271], "серьезно продвинуться в", 0.03196080463549311], [[453, 0.6828083376526004], "правда подала в", 0.07430377449414131]], "выйдут в 2012": [[[413, 0.8455705003221269], "что в в", 0.0], [[364, 0.8339525554423827], "продвинуться в их", 0.0], [[166, 0.7989924553915471], "происходили в этих", 0.0], [[597, 0.7980953948586309], "объясняется участившимися в", 0.043183174375264914], [[461, 0.7756250019608453], "долями в каких", 0.0]], "в 2012 году": [[[414, 0.7149656630702099], "в 2006 году", 0.0274701956345495], [[415, 0.695865987458949], "2006 году в", 0.020173264535791668], [[1023, 0.6520370637081858], "шести лет ]", 0.10672698419656927], [[755, 0.6473096070582829], "2014 года ]", 0.07740027627147918], [[450, 0.6326778674820664], "2010 года Украинская", 0.05456640057535233]], "2012 году не": [[[1023, 0.7566277097164962], "шести лет ]", 0.10672698419656927], [[150, 0.754610339293323], "миллионов лет ]", 0.03263447361552221], [[755, 0.7447352471287176], "2014 года ]", 0.07740027627147918], [[450, 0.6553214801779601], "2010 года Украинская", 0.05456640057535233], [[414, 0.6524727536198115], "в 2006 году", 0.0274701956345495]], "году а какие-то": [[[723, 0.6974952253321983], "течение какого-то времени", 0.0], [[772, 0.6974952253321983], "течение какого-то времени", 0.0], [[341, 0.6194836739157881], "считают что некоторые", 0.04316593521959937], [[879, 0.6129576677384266], "понять что не", 0.03682995808502739], [[740, 0.5987885019395545], "деньги не потекут", 0.06417838030013426]], "а какие-то не": [[[879, 0.7519244372349287], "понять что не", 0.03682995808502739], [[740, 0.7275321330708173], "деньги не потекут", 0.06417838030013426], [[789, 0.7275321330708173], "деньги не потекут", 0.06417838030013426], [[880, 0.7193406747346741], "что не можем", 0.03682995808502739], [[908, 0.7143769776126901], "быть не должно", 0.03682995808502739]], "какие-то не более": [[[740, 0.8362392482687531], "деньги не потекут", 0.06417838030013426], [[789, 0.8362392482687531], "деньги не потекут", 0.06417838030013426], [[908, 0.8261231278130271], "быть не должно", 0.03682995808502739], [[880, 0.7926277706617759], "что не можем", 0.03682995808502739], [[984, 0.773566592790367], "бюджета не менее", 0.03138735963037905]], "не более чем": [[[320, 0.7040416195329706], "Тем более что", 0.09327312568958669], [[984, 0.6721302369469381], "бюджета не менее", 0.03138735963037905], [[87, 0.6521068066363285], "составить не менее", 0.08870767192003974], [[319, 0.622079703479571], "[ Тем более", 0.09327312568958669], [[740, 0.6084730695793383], "деньги не потекут", 0.06417838030013426]], "более чем просто": [[[117, 0.6192952365304356], "о том что", 0.052027412494165134], [[879, 0.6123606163929995], "понять что не", 0.03682995808502739], [[116, 0.6047222038233218], "говорить о том", 0.0], [[546, 0.5986896913538391], "в том что", 0.09633667382185261], [[326, 0.5749774359578118], "мы давно не", 0.09327312568958669]], "чем просто прототипы": null, "просто прототипы ]": null, "[ Объединяет их": null, "Объединяет их одно": [[[507, 0.6367877997120418], "из них ]", 0.07220829026119616], [[139, 0.6132426791485259], "из них были", 0.04267569574674601], [[72, 0.5501602718983011], "величину их она", 0.05544073532504896], [[476, 0.5269170021871901], "Украины их общая", 0.059700725838095714], [[577, 0.5212748618301869], "из них неизвестны", 0.07267164179030539]], "их одно с": [[[405, 0.8386636001790486], "операций с ними", 0.0], [[1028, 0.716279804396391], "агентство Дейта.Ru с", 0.0], [[47, 0.7070434738507569], "потерям с обеих", 0.0], [[247, 0.7028417775730691], "снизился с 92,4", 0.0], [[394, 0.6840829590154577], "сообщили что с", 0.040346529071583336]], "одно с первого": [[[833, 0.7503727430375867], "выступить с новой", 0.0], [[405, 0.7333224213036953], "операций с ними", 0.0], [[47, 0.6757338742481199], "потерям с обеих", 0.0], [[247, 0.6751908493962189], "снизился с 92,4", 0.0], [[1028, 0.6337146013215482], "агентство Дейта.Ru с", 0.0]], "с первого взгляда": [[[63, 0.690134516831675], "[ Это первое", 0.08278299317053538], [[64, 0.6368329709186292], "Это первое признание", 0.08278299317053538], [[736, 0.6297711329153781], "в первые пару", 0.06417838030013426], [[785, 0.6297711329153781], "в первые пару", 0.06417838030013426], [[699, 0.6121510688768104], "уже к первому", 0.0]], "первого взгляда на": null, "взгляда на каждое": null, "на каждое из": null, "каждое из них": [[[576, 0.9103987163764277], "некоторых из них", 0.07267164179030539], [[138, 0.8959042467057551], "некоторые из них", 0.08535139149349202], [[506, 0.8623942249853527], "процентов из них", 0.04402867718492656], [[507, 0.7746056581491696], "из них ]", 0.07220829026119616], [[139, 0.7048142506551041], "из них были", 0.04267569574674601]], "из них сложно": [[[130, 0.6475499793733797], "не однообразна из", 0.04267569574674601], [[138, 0.6322274993181363], "некоторые из них", 0.08535139149349202], [[576, 0.6114380483414142], "некоторых из них", 0.07267164179030539], [[286, 0.5847911217932265], "рынке и сложной", 0.0], [[133, 0.5785112606769163], "состоит из различных", 0.08535139149349202]], "них сложно сказать": null, "сложно сказать что": [[[115, 0.8474973649916724], "позволяют говорить что", 0.06033119395431034], [[878, 0.814606917950834], "дали понять что", 0.01892048331530674], [[162, 0.7277837397925091], "и понять какие", 0.07101898247737588], [[161, 0.7191423237926847], "поставить и понять", 0.0], [[879, 0.7100162410017837], "понять что не", 0.03682995808502739]], "сказать что это": [[[879, 0.8042208640189197], "понять что не", 0.03682995808502739], [[117, 0.7590510029985281], "о том что", 0.052027412494165134], [[116, 0.7385849173107438], "говорить о том", 0.0], [[824, 0.7374658344945337], "Напомним что ранее", 0.04464537750822215], [[6, 0.7335598166866328], "признали что их", 0.05036239072468087]],