{"[ В городе": [[[191, 0.7557765635517975], "[ В Москве", 0.0], [[709, 0.6869116588317437], "будет в два", 0.0], [[101, 0.6853509213201914], "ЛРД в Пасадене", 0.0], [[196, 0.6826135175745635], "Петровка в одном", 0.0], [[413, 0.6770294377767309], "что в в", 0.0]], "В городе Сан-Хосе": [[[1055, 0.8229162273027641], "статусе города Владивостока", 0.037603318065505965], [[1018, 0.7107365110634535], "статусе города обсуждался", 0.05759156390591751], [[978, 0.7062406284959079], "Отныне город сможет", 0.016937114279006273], [[1037, 0.6727247213151767], "глава города Владимир", 0.04362399244811412], [[977, 0.6553715301118792], "[ Отныне город", 0.03138735963037905]], "городе Сан-Хосе San": null, "Сан-Хосе San Jose": null, "San Jose Калифорния": [[[104, 0.7914290461759107], "штат Калифорния ]", 0.084999980015061], [[103, 0.6854203481362993], "Пасадене штат Калифорния", 0.084999980015061]], "Jose Калифорния женщина": [[[104, 0.7806953726761854], "штат Калифорния ]", 0.084999980015061], [[103, 0.6799563402098222], "Пасадене штат Калифорния", 0.084999980015061]], "Калифорния женщина водитель": null, "женщина водитель школьного": null, "водитель школьного автобуса": null, "школьного автобуса открыла": null, "автобуса открыла огонь": null, "открыла огонь по": null, "огонь по своим": [[[842, 0.7642412387845877], "переговоры по своей", 0.022322688754111076], [[322, 0.7157314366994612], "что по этому", 0.07182898514734065], [[78, 0.6211105628390908], "[ По их", 0.08870767192003974], [[592, 0.5726751771427738], "[ По его", 0.043183174375264914], [[619, 0.5726751771427738], "[ По его", 0.029556727998711743]], "по своим коллегам": [[[370, 0.614146900892597], "белорусскому коллеге обсудить", 0.045229318099137966], [[369, 0.5194082986350672], "предложил белорусскому коллеге", 0.03914656511246741]], "своим коллегам на": null, "коллегам на школьном": null, "на школьном дворе": null, "школьном дворе сообщает": null, "дворе сообщает AP": [[[20, 0.9274342704100633], "Кореи сообщает AP", 0.05036239072468087], [[21, 0.7942016925925282], "сообщает AP ]", 0.062422885189795885], [[873, 0.7496899605810224], "месяцев сообщает Bloomberg.com", 0.05113492275301333], [[1025, 0.725867978824112], "Как сообщает информационное", 0.0808426935619775], [[206, 0.7174547141381953], "пожар сообщает РИА", 0.0700277305992792]], "сообщает AP ]": [[[21, 0.9881950094481868], "сообщает AP ]", 0.062422885189795885], [[20, 0.8247288620759372], "Кореи сообщает AP", 0.05036239072468087]], "[ Один человек": [[[90, 0.9230209960508101], "30 человек ]", 0.08870767192003974], [[89, 0.7856441186712179], "менее 30 человек", 0.08870767192003974]], "Один человек был": [[[90, 0.9214138241861154], "30 человек ]", 0.08870767192003974], [[89, 0.7723323426952814], "менее 30 человек", 0.08870767192003974]], "человек был убит": null, "был убит двое": null, "убит двое получили": null, "двое получили ранения": [[[980, 0.636500348104913], "сможет получать из", 0.03138735963037905], [[499, 0.5840761063634177], "смогли получить правильные", 0.03610414513059808]], "получили ранения ]": null, "[ Женщину удалось": null, "Женщину удалось обезоружить": null, "удалось обезоружить ]": null, "[ Причины по": null, "Причины по которым": [[[322, 0.7426606369752068], "что по этому", 0.07182898514734065], [[842, 0.7265167583320411], "переговоры по своей", 0.022322688754111076], [[78, 0.6623040969789344], "[ По их", 0.08870767192003974], [[915, 0.6245213847514395], "Кореи по вопросам", 0.012276652695009129], [[864, 0.6074107852294588], "заявление по итогам", 0.04518048793292439]], "по которым она": [[[592, 0.6127680194416245], "[ По его", 0.043183174375264914], [[619, 0.6127680194416245], "[ По его", 0.029556727998711743], [[78, 0.5276078602851311], "[ По их", 0.08870767192003974], [[444, 0.5224230555842428], "бумагах которыми он", 0.10614154681116864], [[620, 0.5111665202514585], "По его мнению", 0.035001045637799245]], "которым она открыла": null, "она открыла стрельбу": null, "открыла стрельбу в": [[[196, 0.6244000739203559], "Петровка в одном", 0.0], [[101, 0.6096619182241705], "ЛРД в Пасадене", 0.0], [[413, 0.5812970878512871], "что в в", 0.0], [[709, 0.5535421080064589], "будет в два", 0.0], [[364, 0.5335192102716276], "продвинуться в их", 0.0]], "стрельбу в данный": [[[633, 0.8528240872941439], "недропользования в любом", 0.0], [[180, 0.8147847769111038], "пожарных в настоящее", 0.0], [[413, 0.8047439560625211], "что в в", 0.0], [[461, 0.790555600428402], "долями в каких", 0.0], [[101, 0.7892423032254864], "ЛРД в Пасадене", 0.0]], "в данный момент": [[[634, 0.6065066495795255], "в любом случае", 0.035001045637799245], [[396, 0.5974689422960553], "с момента приобретения", 0.0274701956345495], [[633, 0.5906043692238344], "недропользования в любом", 0.0], [[626, 0.5631953516768249], "массовой информации различные", 0.0498271657485375], [[627, 0.558397429608595], "информации различные законопроекты", 0.0498271657485375]], "данный момент выясняются": [[[396, 0.6714827564178583], "с момента приобретения", 0.0274701956345495], [[1014, 0.6704270656258563], "этого момента вопрос", 0.10672698419656927], [[1013, 0.5849365928140042], "До этого момента", 0.10672698419656927]], "момент выясняются ]": [[[596, 0.7094436014071422], "это объясняется участившимися", 0.043183174375264914], [[847, 0.6788753213701197], "не уточнив впрочем", 0.03440319365690339], [[162, 0.6290665247948956], "и понять какие", 0.07101898247737588], [[161, 0.6205867761713788], "поставить и понять", 0.0], [[595, 0.6193196920594866], "сведениям это объясняется", 0.03404611068483198]], "[ Пока полиция": null, "Пока полиция отказывается": null, "полиция отказывается назвать": [[[838, 0.7303365019906183], "Пхеньян согласится возобновить", 0.029057485077713455], [[458, 0.6426142663101241], "Януковича требуя рассказать", 0.07430377449414131], [[74, 0.6419349953154836], "она предпочла оставить", 0.08278299317053538], [[882, 0.6407074099356038], "можем согласиться наличием", 0.015980541431139257], [[596, 0.6353964463926343], "это объясняется участившимися", 0.043183174375264914]], "отказывается назвать имена": null, "назвать имена стрелявшей": null, "имена стрелявшей жертв": null, "стрелявшей и ее": null, "и ее жертв": null, "ее жертв ]": null}