{"[ Тема Второй": [[[1066, 0.6577008584595423], "во втором чтениях", 0.06968535772829497], [[1067, 0.6421287012053198], "втором и третьем", 0.0], [[1068, 0.5940995584682782], "и третьем чтениях", 0.06968535772829497]], "Тема Второй мировой": [[[1067, 0.7945290018750477], "втором и третьем", 0.0], [[1066, 0.7130979732292806], "во втором чтениях", 0.06968535772829497], [[1068, 0.7048539720660739], "и третьем чтениях", 0.06968535772829497], [[699, 0.6066700184984325], "уже к первому", 0.0], [[64, 0.6006965811846849], "Это первое признание", 0.08278299317053538]], "Второй мировой войны": null, "мировой войны довольно": null, "войны довольно часто": [[[494, 0.6550662747611915], "список наиболее часто", 0.04402867718492656], [[495, 0.5926453842623038], "наиболее часто задаваемых", 0.04402867718492656], [[984, 0.5488244809050937], "бюджета не менее", 0.03138735963037905], [[129, 0.5458607406423389], "порода не однообразна", 0.03680195733856871], [[87, 0.5174233447815995], "составить не менее", 0.08870767192003974]], "довольно часто поднимается": [[[495, 0.7448064561984288], "наиболее часто задаваемых", 0.04402867718492656], [[494, 0.6131783793523482], "список наиболее часто", 0.04402867718492656], [[326, 0.5089928138400556], "мы давно не", 0.09327312568958669]], "часто поднимается в": [[[413, 0.8637144465679722], "что в в", 0.0], [[364, 0.8251435079927991], "продвинуться в их", 0.0], [[709, 0.8199662278512515], "будет в два", 0.0], [[540, 0.8018419892835431], "лишь в двух", 0.0], [[101, 0.8015758711713182], "ЛРД в Пасадене", 0.0]], "поднимается в играх": [[[413, 0.8148307277845414], "что в в", 0.0], [[101, 0.778315824042692], "ЛРД в Пасадене", 0.0], [[364, 0.7450403174534922], "продвинуться в их", 0.0], [[709, 0.7419171891369943], "будет в два", 0.0], [[196, 0.7298888397819026], "Петровка в одном", 0.0]], "в играх ]": null, "[ И не": [[[740, 0.7207038265420203], "деньги не потекут", 0.06417838030013426], [[789, 0.7207038265420203], "деньги не потекут", 0.06417838030013426], [[908, 0.6911275326418008], "быть не должно", 0.03682995808502739], [[880, 0.6905319676496982], "что не можем", 0.03682995808502739], [[637, 0.6646154668678895], "никак не могут", 0.035001045637799245]], "И не раз": [[[908, 0.8261550904219925], "быть не должно", 0.03682995808502739], [[740, 0.8218169045856628], "деньги не потекут", 0.06417838030013426], [[789, 0.8218169045856628], "деньги не потекут", 0.06417838030013426], [[880, 0.7862569003855164], "что не можем", 0.03682995808502739], [[637, 0.7799905986378237], "никак не могут", 0.035001045637799245]], "не раз игрокам": null, "раз игрокам приходилось": null, "игрокам приходилось пилотировать": null, "приходилось пилотировать самолеты": [[[971, 0.9299218136639636], "оба самолета пилотировали", 0.12499999999999997], [[972, 0.9049097863493198], "самолета пилотировали летчики", 0.12499999999999997], [[973, 0.6150345267896667], "пилотировали летчики в", 0.12499999999999997]], "пилотировать самолеты того": [[[971, 0.8764569324367049], "оба самолета пилотировали", 0.12499999999999997], [[972, 0.7737563290270211], "самолета пилотировали летчики", 0.12499999999999997], [[24, 0.6344182525992176], "перестрелка между кораблями", 0.024804529446421274], [[973, 0.586604743968264], "пилотировали летчики в", 0.12499999999999997], [[970, 0.5840273168183521], "новостей оба самолета", 0.12499999999999997]], "самолеты того времени": [[[660, 0.8155908358444843], "До этого времени", 0.10364439162827091], [[661, 0.8063053015398809], "этого времени он", 0.11936038071805857], [[803, 0.684127917756984], "сложное время когда", 0.02767642980636313], [[724, 0.6607193396966983], "какого-то времени мы", 0.047130623330723924], [[773, 0.6607193396966983], "какого-то времени мы", 0.047130623330723924]], "того времени ]": [[[803, 0.893387318446754], "сложное время когда", 0.02767642980636313], [[661, 0.8731831343221208], "этого времени он", 0.11936038071805857], [[660, 0.8652373966371438], "До этого времени", 0.10364439162827091], [[724, 0.8226600775432737], "какого-то времени мы", 0.047130623330723924], [[773, 0.8226600775432737], "какого-то времени мы", 0.047130623330723924]], "[ Однако большинство": null, "Однако большинство симуляторов": null, "большинство симуляторов для": null, "симуляторов для многих": null, "для многих геймеров": null, "многих геймеров оказывались": null, "геймеров оказывались слишком": null, "оказывались слишком сложными": null, "слишком сложными ]": [[[286, 0.7850951410751055], "рынке и сложной", 0.0], [[287, 0.7566732980583849], "и сложной ситуацией", 0.04456973850357526], [[802, 0.751254504339953], "в сложное время", 0.03768735297639999], [[801, 0.5979144333840798], "рынок в сложное", 0.0], [[130, 0.5584696336664827], "не однообразна из", 0.04267569574674601]], "[ Взлет посадка": null, "Взлет посадка количество": null, "посадка количество патронов": null, "количество патронов за": null, "патронов и топлива": null, "и топлива за": null, "топлива за всем": null, "за всем этим": null, "всем этим игроку": null, "этим игроку приходилось": null, "игроку приходилось наблюдать": [[[328, 0.6050780723685218], "не собирались уточнил", 0.09327312568958669], [[556, 0.5866900616520422], "что собирается ликвидировать", 0.04816833691092631], [[726, 0.5845373011905048], "мы собираемся инвестировать", 0.06417838030013426], [[775, 0.5845373011905048], "мы собираемся инвестировать", 0.06417838030013426], [[74, 0.5708040835317792], "она предпочла оставить", 0.08278299317053538]], "приходилось наблюдать ]": null, "[ Ангелы смерти": null, "Ангелы смерти Асы": null, "смерти Асы Второй": null, "Асы Второй мировой": [[[1067, 0.7706048162782159], "втором и третьем", 0.0], [[1068, 0.6590217847587212], "и третьем чтениях", 0.06968535772829497], [[1066, 0.6347681123585724], "во втором чтениях", 0.06968535772829497], [[699, 0.5986625931835802], "уже к первому", 0.0], [[64, 0.5953761996959849], "Это первое признание", 0.08278299317053538]], "Второй мировой не": null, "мировой не заставляют": [[[327, 0.7368217243437865], "давно не собирались", 0.08072910761217851], [[213, 0.7154394816687866], "пока не поступало", 0.20746826392641957], [[740, 0.6621431847412755], "деньги не потекут", 0.06417838030013426], [[789, 0.6621431847412755], "деньги не потекут", 0.06417838030013426], [[879, 0.6581900207995528], "понять что не", 0.03682995808502739]], "не заставляют каждую": [[[161, 0.6137942801523546], "поставить и понять", 0.0], [[162, 0.6004536383721641], "и понять какие", 0.07101898247737588], [[328, 0.5600484755747859], "не собирались уточнил", 0.09327312568958669], [[877, 0.5587444310997709], "четко дали понять", 0.01892048331530674], [[160, 0.5529734803582184], "сможем поставить какие", 0.07101898247737588]], "заставляют каждую секунду": null, "каждую секунду следить": null, "секунду следить за": null, "следить за приборами": null, "за приборами ]": null, "[ Смесь аркадности": null, "Смесь аркадности приятной": null, "аркадности приятной графики": null, "приятной графики геймплея": null, "графики и динамичного": null, "и динамичного геймплея": null, "динамичного геймплея может": null, "геймплея может не": [[[880, 0.9048814582144578], "что не можем", 0.03682995808502739], [[656, 0.9027856491387416], "компаний не могут", 0.06743306535373329], [[637, 0.8964198068336899], "никак не могут", 0.035001045637799245], [[896, 0.8824762086412115], "Корея не сможет", 0.03682995808502739], [[859, 0.874806504333097], "Корея не могут", 0.04518048793292439]], "может не понравиться": [[[880, 0.7933429258628989], "что не можем", 0.03682995808502739], [[637, 0.749163442541724], "никак не могут", 0.035001045637799245], [[327, 0.7423035844736434], "давно не собирались", 0.08072910761217851], [[879, 0.7257308825316229], "понять что не", 0.03682995808502739], [[896, 0.694631459942097], "Корея не сможет", 0.03682995808502739]], "не понравиться тем": null, "понравиться тем кто": [[[116, 0.7362692871294234], "говорить о том", 0.0], [[117, 0.7237987753499633],