{"[ Интерфакс ]": [[[207, 0.7370559987793461], "сообщает РИА Новости", 0.0700277305992792], [[93, 0.7277175982773976], "этом ТАСС сообщили", 0.084999980015061], [[473, 0.632396164369512], "на пресс-службу президента", 0.0], [[391, 0.628243977976617], "В пресс-службе президента", 0.0], [[208, 0.618099168247197], "РИА Новости ]", 0.0700277305992792]], "[ Такие данные": [[[209, 0.8696391400533805], "[ Данных пока", 0.1701269442943218], [[439, 0.8691724473697535], "Янукович обнародовал данные", 0.12566841831706305], [[112, 0.8490364430857893], "по данным ЛРД", 0.06033119395431034], [[216, 0.787610500252888], "По данным представителя", 0.07976748451746778], [[215, 0.7793405068342865], "[ По данным", 0.07976748451746778]], "Такие данные были": [[[209, 0.8954147622245165], "[ Данных пока", 0.1701269442943218], [[439, 0.875377250012671], "Янукович обнародовал данные", 0.12566841831706305], [[112, 0.8522202880807119], "по данным ЛРД", 0.06033119395431034], [[440, 0.7813301581006868], "обнародовал данные бумагах", 0.10614154681116864], [[215, 0.7811393835166763], "[ По данным", 0.07976748451746778]], "данные были получены": [[[980, 0.6907680676718515], "сможет получать из", 0.03138735963037905], [[431, 0.6404608870375643], "права были переданы", 0.023201764571430143], [[499, 0.6337942181357032], "смогли получить правильные", 0.03610414513059808], [[85, 0.6169622539015771], "должны были составить", 0.08870767192003974], [[526, 0.5450816850905026], "вопросов дали неверные", 0.054095825911506044]], "были получены в": [[[432, 0.7778745715401325], "были переданы в", 0.0274701956345495], [[75, 0.7353591895396789], "предпочла оставить в", 0.08278299317053538], [[453, 0.7072477066669418], "правда подала в", 0.07430377449414131], [[695, 0.6945879806445965], "планируется представить в", 0.06964866789258818], [[597, 0.6928778524797514], "объясняется участившимися в", 0.043183174375264914]], "получены в результате": [[[1050, 0.9541615497979192], "[ В результате", 0.0], [[12, 0.944503694666448], "потери в результате", 0.0], [[33, 0.9238564583748332], "июня в результате", 0.0], [[413, 0.7893014076346252], "что в в", 0.0], [[166, 0.7651288548310238], "происходили в этих", 0.0]], "в результате социологического": [[[106, 0.8801685876282773], "Собранные результаты исследований", 0.06033119395431034], [[1051, 0.7879791251181636], "В результате закон", 0.06968535772829497], [[1050, 0.7856316965611099], "[ В результате", 0.0], [[13, 0.7653925114985713], "в результате столкновения", 0.05036239072468087], [[34, 0.7217786623900877], "в результате безрассудной", 0.020012138175355045]], "результате социологического опроса": [[[106, 0.7071636271245374], "Собранные результаты исследований", 0.06033119395431034], [[107, 0.6458495593697431], "результаты исследований породы", 0.052027412494165134], [[238, 0.6236235770866085], "Предварительный показатель потребительского", 0.07225419274241197], [[237, 0.5957324690391912], "[ Предварительный показатель", 0.04310707886481927], [[239, 0.5922437225616901], "показатель потребительского доверия", 0.031174719978551882]], "социологического опроса проведенного": [[[106, 0.6106871628821355], "Собранные результаты исследований", 0.06033119395431034], [[371, 0.5075068427246745], "коллеге обсудить вопросы", 0.045229318099137966], [[630, 0.5069034356854747], "касающиеся вопросов регулирования", 0.038611638846522786], [[216, 0.5054737898641579], "По данным представителя", 0.07976748451746778], [[237, 0.5043266811814491], "[ Предварительный показатель", 0.04310707886481927]], "опроса проведенного Фондом": [[[999, 0.6053399389063104], "-то проведение краевых", 0.03138735963037905], [[1000, 0.5053783616083702], "проведение краевых мероприятий", 0.0627747192607581], [[694, 0.5038629021800871], "государству планируется представить", 0.06047813996587426], [[508, 0.5015402765205563], "[ Проверяющие министерства", 0.04435935109895217], [[1026, 0.5014564898099672], "сообщает информационное агентство", 0.0808426935619775]], "проведенного Фондом Общественное": [[[1001, 0.6630879478762646], "краевых и федеральных", 0.0], [[1002, 0.6553681816252286], "и федеральных мероприятий", 0.03138735963037905], [[316, 0.606590642812636], "здравоохранении пенсионном обеспечении", 0.05054611667884718], [[315, 0.6036137782845636], "о здравоохранении пенсионном", 0.05054611667884718], [[317, 0.5964856362143938], "пенсионном обеспечении образовании", 0.05054611667884718]], "Фондом Общественное мнение": [[[605, 0.7002337528607891], "правительственных и политических", 0.0], [[621, 0.6614625351511108], "его мнению обсуждаемые", 0.0498271657485375], [[1046, 0.6556247973804843], "заседании Законодательного собрания", 0.10537121732157961], [[317, 0.6231814996314503], "пенсионном обеспечении образовании", 0.05054611667884718], [[692, 0.6226916555193336], "в собственность государству", 0.06047813996587426]], "Общественное мнение ]": [[[621, 0.8413277472891996], "его мнению обсуждаемые", 0.0498271657485375], [[605, 0.5832484517731162], "правительственных и политических", 0.0], [[239, 0.5534218810668315], "показатель потребительского доверия", 0.031174719978551882], [[916, 0.5506277374475342], "по вопросам объединения", 0.015980541431139257], [[1046, 0.5483653953885107], "заседании Законодательного собрания", 0.10537121732157961]]}