{"[ Старший сержант": [[[976, 0.6497190182642194], "звании полковника ]", 0.12499999999999997], [[975, 0.5137547710417835], "в звании полковника", 0.12499999999999997]], "Старший сержант харьковской": [[[976, 0.7444808996771154], "звании полковника ]", 0.12499999999999997], [[975, 0.5966120758439626], "в звании полковника", 0.12499999999999997], [[1039, 0.5860944467104349], "Владимир Николаев ]", 0.0808426935619775], [[1038, 0.5316976166125573], "города Владимир Николаев", 0.0808426935619775], [[437, 0.5086711510290872], "[ Виктор Янукович", 0.10614154681116864]], "сержант харьковской милиции": [[[1039, 0.6527976661794281], "Владимир Николаев ]", 0.0808426935619775], [[976, 0.6373297383980756], "звании полковника ]", 0.12499999999999997], [[1038, 0.6075979202239884], "города Владимир Николаев", 0.0808426935619775], [[438, 0.568915618981132], "Виктор Янукович обнародовал", 0.12566841831706305], [[611, 0.5328859552683636], "высшего военного руководства", 0.06809222136966396]], "харьковской милиции по": null, "милиции по неизвестным": [[[578, 0.6500860717641307], "них неизвестны ]", 0.07267164179030539], [[577, 0.5575053609948691], "из них неизвестны", 0.07267164179030539]], "по неизвестным пока": [[[578, 0.9244625878370355], "них неизвестны ]", 0.07267164179030539], [[577, 0.8107418344164722], "из них неизвестны", 0.07267164179030539]], "неизвестным пока причинам": null, "пока причинам застрелил": null, "причинам застрелил двух": null, "застрелил двух человек": [[[90, 0.7349646671767613], "30 человек ]", 0.08870767192003974], [[89, 0.6246529444132062], "менее 30 человек", 0.08870767192003974]], "двух человек ранил": [[[90, 0.7393533061685394], "30 человек ]", 0.08870767192003974], [[89, 0.615546174272876], "менее 30 человек", 0.08870767192003974]], "человек и тяжело": null, "и тяжело ранил": null, "тяжело ранил одного": null, "ранил одного покончил": null, "одного а затем": null, "а затем покончил": null, "затем покончил с": null, "покончил с собой": [[[405, 0.8062084497734388], "операций с ними", 0.0], [[247, 0.8030380315962389], "снизился с 92,4", 0.0], [[47, 0.7266112529175491], "потерям с обеих", 0.0], [[394, 0.7211798915070539], "сообщили что с", 0.040346529071583336], [[833, 0.7021224490590698], "выступить с новой", 0.0]], "с собой сообщает": [[[466, 0.7581962172550512], "[ Как сообщает", 0.059700725838095714], [[1024, 0.7581962172550512], "[ Как сообщает", 0.06710637837013368], [[827, 0.73732055196392], "Ли сообщил что", 0.025264644480503855], [[467, 0.7029917639625289], "Как сообщает Украинская", 0.05190805775150755], [[393, 0.6835822948978827], "президента сообщили что", 0.020173264535791668]], "собой сообщает сайт": [[[393, 0.760861510969827], "президента сообщили что", 0.020173264535791668], [[1025, 0.751555617268599], "Как сообщает информационное", 0.0808426935619775], [[873, 0.7475687689403459], "месяцев сообщает Bloomberg.com", 0.05113492275301333], [[581, 0.7356497176970711], "этом сообщает Агентство", 0.1067778926885787], [[827, 0.7116263123595694], "Ли сообщил что", 0.025264644480503855]], "сообщает сайт ProUA.com": null, "сайт ProUA.com ]": null, "[ Инцидент произошел": [[[164, 0.6077933545468972], "какие изменения происходили", 0.07101898247737588], [[165, 0.5960393548615266], "изменения происходили в", 0.07101898247737588], [[30, 0.5765597183300379], "Корей произошедшая в", 0.024804529446421274], [[205, 0.5034509882232048], "крупный пожар сообщает", 0.057423740851982125]], "Инцидент произошел вечером": [[[202, 0.6914764382355933], "четверг вечером начался", 0.0700277305992792], [[30, 0.5853700052790598], "Корей произошедшая в", 0.024804529446421274], [[165, 0.572000720080877], "изменения происходили в", 0.07101898247737588], [[203, 0.5482016590944856], "вечером начался крупный", 0.0700277305992792]], "произошел вечером на": [[[202, 0.7545878541245854], "четверг вечером начался", 0.0700277305992792], [[201, 0.6499185694586637], "в четверг вечером", 0.0700277305992792]], "вечером 2 августа": [[[550, 0.8090309601680395], "конце февраля Пентагон", 0.04816833691092631], [[270, 0.8051967090462739], "в мае ]", 0.11578395331733066], [[701, 0.7928232308443426], "первому ноября ]", 0.06964866789258818], [[1049, 0.7856287961500716], "30 марта ]", 0.10537121732157961], [[31, 0.7764142791849145], "произошедшая 29 июня", 0.024804529446421274]], "2 августа на": [[[270, 0.7299761568841531], "в мае ]", 0.11578395331733066], [[550, 0.7238242941120696], "конце февраля Пентагон", 0.04816833691092631], [[1049, 0.7178145987378091], "30 марта ]", 0.10537121732157961], [[701, 0.7140260073898949], "первому ноября ]", 0.06964866789258818], [[31, 0.6626382149954356], "произошедшая 29 июня", 0.024804529446421274]], "августа на станции": [[[561, 0.6860283160859908], "баз на территории", 0.04816833691092631], [[193, 0.6683815712322131], "Москве на улице", 0.0700277305992792], [[456, 0.6223379610105355], "суд на Януковича", 0.05456640057535233], [[904, 0.6075698999749576], "оружия на Корейском", 0.013894619468405362], [[472, 0.595420351345118], "ссылкой на пресс-службу", 0.05190805775150755]], "на станции метро": null, "станции метро Московский": null, "метро Московский проспект": [[[1058, 0.612374678383939], "административного центра Приморского", 0.05784483144401916], [[192, 0.5758948756979844], "В Москве на", 0.0700277305992792], [[1056, 0.573300685579261], "города Владивостока административного", 0.06968535772829497], [[1057, 0.5640612867084529], "Владивостока административного центра", 0.05784483144401916], [[194, 0.5534354363860832], "на улице Петровка", 0.057423740851982125]], "Московский проспект ]": [[[189, 0.6092652839092483], "по улице Петровка", 0.06436482417090192], [[194, 0.5937003399726637], "на улице Петровка", 0.057423740851982125], [[190, 0.5205069599380235], "улице Петровка ]", 0.06436482417090192], [[1058, 0.5107680377488573], "административного центра Приморского", 0.05784483144401916], [[1057, 0.5015859180988975], "Владивостока административного центра", 0.05784483144401916]], "[ Жертвами милиционера": null, "Жертвами милиционера стали": null, "милиционера стали кассирша": null, "стали кассирша метрополитена": null, "кассирша метрополитена мужчин": null, "метрополитена и двое": null, "и двое мужчин": null, "двое мужчин один": null, "мужчин один из": [[[197, 0.726264576165438], "в одном из", 0.0700277305992792], [[576, 0.6377115070580587], "некоторых из них", 0.07267164179030539], [[138, 0.6283666437806833], "некоторые из них", 0.08535139149349202], [[506, 0.6249025896641498], "процентов из них", 0.04402867718492656], [[198, 0.5536349783102128], "одном из домов", 0.0700277305992792]], "один из которых": [[[138, 0.8899756140867898], "некоторые из них", 0.08535139149349202], [[576, 0.8870049993432285], "некоторых из них", 0.07267164179030539], [[506, 0.8420265764699582], "процентов из них", 0.04402867718492656], [[197, 0.7967796962175651], "в одном из", 0.0700277305992792], [[133, 0.6902583844377589], "состоит из различных", 0.08535139149349202]], "из которых в": [[[413, 0.8844217290802037], "что в в", 0.0], [[101, 0.8528880319716068], "ЛРД в Пасадене", 0.0], [[461, 0.8521669298846668], "долями в каких", 0.0], [[196, 0.8296737343323266], "Петровка в одном", 0.0], [[166, 0.8204604082141037], "происходили в этих", 0.0]], "которых в настоящее": [[[180, 0.9599661429754315], "пожарных в настоящее", 0.0], [[413, 0.7910427409774884], "что в в", 0.0], [[598, 0.7838679243876452], "участившимися в последнее", 0.0], [[461, 0.7677160012852697], "долями в каких", 0.0], [[101, 0.7643708509542935], "ЛРД в Пасадене", 0.0]], "в настоящее время": [[[181, 0.9947960643048901], "в настоящее время", 0.07849231868624094], [[180, 0.6786195407414152], "пожарных в настоящее", 0.0], [[599, 0.6295557831407808], "в последнее время", 0.043183174375264914], [[182, 0.6285753769015467], "настоящее время решается", 0.07849231868624094], [[803, 0.593898802138408], "сложное время когда", 0.02767642980636313]], "настоящее время находится": [[[182, 0.777663593042313],