{"[ Научный сотрудник": null, "Научный сотрудник Института": [[[217, 0.6032149004484679], "данным представителя УГПС", 0.07976748451746778], [[96, 0.5751230232084721], "представители американской Лаборатории", 0.084999980015061], [[611, 0.5666783244102325], "высшего военного руководства", 0.06809222136966396], [[97, 0.5621584786338086], "американской Лаборатории реактивного", 0.084999980015061], [[1003, 0.5577983780517668], "федеральных мероприятий охрану", 0.03138735963037905]], "сотрудник Института Дальнего": [[[1058, 0.6035278808829885], "административного центра Приморского", 0.05784483144401916], [[1057, 0.5790225219005606], "Владивостока административного центра", 0.05784483144401916], [[611, 0.5659236196746298], "высшего военного руководства", 0.06809222136966396], [[96, 0.5519403950801619], "представители американской Лаборатории", 0.084999980015061], [[97, 0.5292604467090728], "американской Лаборатории реактивного", 0.084999980015061]], "Института Дальнего Востока": null, "Дальнего Востока РАН": null, "Востока РАН Василий": null, "РАН Василий Кашин": [[[1039, 0.8130995203806729], "Владимир Николаев ]", 0.0808426935619775], [[1038, 0.8068026799178986], "города Владимир Николаев", 0.0808426935619775], [[337, 0.7482340615009295], "Путин и Александр", 0.0], [[437, 0.7470616390852209], "[ Виктор Янукович", 0.10614154681116864], [[338, 0.7341898678269254], "и Александр Лукашенко", 0.03692700484474273]], "Василий Кашин рассказал": [[[1039, 0.767747814871033], "Владимир Николаев ]", 0.0808426935619775], [[1038, 0.6892776249578927], "города Владимир Николаев", 0.0808426935619775], [[438, 0.6275706421036561], "Виктор Янукович обнародовал", 0.12566841831706305], [[338, 0.6255617559546092], "и Александр Лукашенко", 0.03692700484474273], [[337, 0.617388044692805], "Путин и Александр", 0.0]], "Кашин рассказал «Ленте.ру»": [[[459, 0.6386051074802545], "требуя рассказать долями", 0.07430377449414131], [[310, 0.6054694881383736], "президент пояснив что", 0.05054611667884718], [[596, 0.5977424235214404], "это объясняется участившимися", 0.043183174375264914], [[458, 0.5769687692625693], "Януковича требуя рассказать", 0.07430377449414131], [[467, 0.529448303064977], "Как сообщает Украинская", 0.05190805775150755]], "рассказал «Ленте.ру» вывода": null, "«Ленте.ру» о масштабе": null, "о масштабе вывода": null, "масштабе вывода российских": null, "вывода российских войск": [[[387, 0.6963462392936841], "государства России России", 0.03483078318592288], [[388, 0.6837267511110207], "России и Белоруссии", 0.0], [[386, 0.6801854556928437], "Союзного государства России", 0.06296640530338365], [[333, 0.6473285514033191], "России и Белоруссии", 0.0], [[389, 0.639431208362198], "и Белоруссии ]", 0.03148320265169183]], "российских войск из": null, "войск из Сирии": null, "из Сирии стоимости": null, "Сирии стоимости всей": [[[478, 0.6481881565615033], "общая стоимость составляет", 0.059700725838095714], [[702, 0.6405789549470401], "[ Стоимость продукции", 0.06566919444644126], [[477, 0.6117696427847377], "их общая стоимость", 0.059700725838095714]], "стоимости всей операции": null, "всей операции восстановления": [[[616, 0.7450734668528491], "военную операцию в", 0.043183174375264914], [[615, 0.7015098658486387], "затянувшего военную операцию", 0.06809222136966396], [[404, 0.6959037286035676], "никаких операций с", 0.0274701956345495], [[403, 0.6463215619373238], "акции никаких операций", 0.0274701956345495], [[631, 0.5920094615109586], "вопросов регулирования недропользования", 0.0498271657485375]], "операции и перспективах": [[[891, 0.6197663549311725], "что сотрудничество невозможно", 0.01892048331530674], [[946, 0.602228317268374], "соглашение о продолжении", 0.0], [[631, 0.5974187366346586], "вопросов регулирования недропользования", 0.0498271657485375], [[317, 0.5897122850852049], "пенсионном обеспечении образовании", 0.05054611667884718], [[947, 0.5766144828435242], "о продолжении переговоров", 0.10143421276817367]], "и перспективах восстановления": [[[317, 0.6436417623215309], "пенсионном обеспечении образовании", 0.05054611667884718], [[631, 0.6353542613795033], "вопросов регулирования недропользования", 0.0498271657485375], [[946, 0.6306468682854174], "соглашение о продолжении", 0.0], [[891, 0.6057663523234188], "что сотрудничество невозможно", 0.01892048331530674], [[932, 0.5927700613605957], "для обеспечения взаимной", 0.0733132974460097]], "перспективах восстановления отношений": [[[631, 0.6967484760076414], "вопросов регулирования недропользования", 0.0498271657485375], [[932, 0.6880245588550106], "для обеспечения взаимной", 0.0733132974460097], [[317, 0.6780931395420936], "пенсионном обеспечении образовании", 0.05054611667884718], [[946, 0.663538048338078], "соглашение о продолжении", 0.0], [[296, 0.6552397404599014], "унификация а предоставление", 0.0]], "восстановления отношений с": [[[418, 0.6697152578003921], "соответствии с требованиями", 0.0], [[15, 0.613261573406345], "столкновения с военными", 0.0], [[417, 0.6088811481537726], "в соответствии с", 0.0274701956345495], [[714, 0.5914715725645878], "по сравнению со", 0.06566919444644126], [[14, 0.5877566384950872], "результате столкновения с", 0.05036239072468087]], "отношений с Западом": [[[15, 0.7513154730078294], "столкновения с военными", 0.0], [[247, 0.7422535797720472], "снизился с 92,4", 0.0], [[405, 0.7187891359152254], "операций с ними", 0.0], [[47, 0.6682702181828106], "потерям с обеих", 0.0], [[1028, 0.6312370523138973], "агентство Дейта.Ru с", 0.0]], "с Западом ]": null}