{"[ Управление внутренних": [[[434, 0.8102171665478767], "в управление другому", 0.0274701956345495], [[932, 0.6610427861346335], "для обеспечения взаимной", 0.0733132974460097], [[631, 0.660322074129051], "вопросов регулирования недропользования", 0.0498271657485375], [[933, 0.6582105739187355], "обеспечения взаимной безопасности", 0.0733132974460097], [[317, 0.632090839015654], "пенсионном обеспечении образовании", 0.05054611667884718]], "Управление внутренних дел": null, "внутренних дел Московского": null, "дел Московского метрополитена": [[[1058, 0.6073827781990314], "административного центра Приморского", 0.05784483144401916], [[1057, 0.602589469863195], "Владивостока административного центра", 0.05784483144401916], [[1056, 0.5938933149950094], "города Владивостока административного", 0.06968535772829497], [[58, 0.5640458830551698], "заявлении Центрального новостного", 0.024804529446421274], [[2, 0.5485838061621411], "пятницу представители Северной", 0.05036239072468087]], "Московского метрополитена решило": null, "метрополитена решило стать": [[[556, 0.6204333164078799], "что собирается ликвидировать", 0.04816833691092631], [[183, 0.5981497818084989], "время решается вопрос", 0.07849231868624094], [[838, 0.5584326947219179], "Пхеньян согласится возобновить", 0.029057485077713455], [[726, 0.5581705263110263], "мы собираемся инвестировать", 0.06417838030013426], [[775, 0.5581705263110263], "мы собираемся инвестировать", 0.06417838030013426]], "решило стать прозрачнее": [[[231, 0.6167980460173186], "показателя стало увеличение", 0.11218833335194173], [[252, 0.5426068989468452], "что является самым", 0.04310707886481927]], "стать прозрачнее для": null, "прозрачнее для пассажиров": null, "для пассажиров передает": null, "пассажиров передает РИА": [[[206, 0.7577912515865428], "пожар сообщает РИА", 0.0700277305992792], [[431, 0.6799139464553646], "права были переданы", 0.023201764571430143], [[93, 0.6709225619398437], "этом ТАСС сообщили", 0.084999980015061], [[207, 0.6184338664563593], "сообщает РИА Новости", 0.0700277305992792], [[94, 0.5919441308082534], "ТАСС сообщили представители", 0.084999980015061]], "передает РИА Новости": [[[207, 0.9784935512250893], "сообщает РИА Новости", 0.0700277305992792], [[208, 0.8721835498736346], "РИА Новости ]", 0.0700277305992792], [[206, 0.778157273369776], "пожар сообщает РИА", 0.0700277305992792], [[93, 0.7580285895389502], "этом ТАСС сообщили", 0.084999980015061], [[94, 0.6117633527473566], "ТАСС сообщили представители", 0.084999980015061]], "РИА Новости ]": [[[208, 0.9960104537856425], "РИА Новости ]", 0.0700277305992792], [[207, 0.883458164607687], "сообщает РИА Новости", 0.0700277305992792], [[584, 0.7683772229859459], "военных новостей со", 0.1067778926885787], [[969, 0.7495822857842681], "Время новостей оба", 0.12499999999999997], [[583, 0.6809312038275868], "Агентство военных новостей", 0.08418491705998304]], "[ До конца": [[[549, 0.7263012162921492], "в конце февраля", 0.04816833691092631]], "До конца 2007": [[[549, 0.6758379521033484], "в конце февраля", 0.04816833691092631]], "конца 2007 года": [[[755, 0.6153944678619151], "2014 года ]", 0.07740027627147918], [[1023, 0.6076611835785427], "шести лет ]", 0.10672698419656927], [[150, 0.6030975056976219], "миллионов лет ]", 0.03263447361552221], [[738, 0.5187621084804713], "пару лет деньги", 0.05420608175162145], [[787, 0.5187621084804713], "пару лет деньги", 0.05420608175162145]], "2007 года сотрудников": [[[755, 0.7838354021231249], "2014 года ]", 0.07740027627147918], [[150, 0.7741097580605307], "миллионов лет ]", 0.03263447361552221], [[1023, 0.7618127794132119], "шести лет ]", 0.10672698419656927], [[450, 0.6960229393935966], "2010 года Украинская", 0.05456640057535233], [[738, 0.6403914644206026], "пару лет деньги", 0.05420608175162145]], "года сотрудников милиции": null, "сотрудников милиции работающих": null, "милиции работающих в": [[[433, 0.6764807722818573], "переданы в управление", 0.0], [[727, 0.6655003080144783], "собираемся инвестировать в", 0.06417838030013426], [[776, 0.6655003080144783], "собираемся инвестировать в", 0.06417838030013426], [[597, 0.6556806747072645], "объясняется участившимися в", 0.043183174375264914], [[653, 0.6270488162188195], "условия работы действующих", 0.08335730767453015]], "работающих в метро": [[[196, 0.7938615146915312], "Петровка в одном", 0.0], [[413, 0.777407633772836], "что в в", 0.0], [[101, 0.7399425718422157], "ЛРД в Пасадене", 0.0], [[709, 0.7159137574857894], "будет в два", 0.0], [[191, 0.7105741542183603], "[ В Москве", 0.0]], "в метро решено": null, "метро решено переселить": [[[556, 0.6951318368882448], "что собирается ликвидировать", 0.04816833691092631], [[328, 0.6316323104861192], "не собирались уточнил", 0.09327312568958669], [[726, 0.6263832987585243], "мы собираемся инвестировать", 0.06417838030013426], [[775, 0.6263832987585243], "мы собираемся инвестировать", 0.06417838030013426], [[161, 0.5232049854483813], "поставить и понять", 0.0]], "решено переселить в": [[[75, 0.6808871094077131], "предпочла оставить в", 0.08278299317053538], [[432, 0.6781750579060892], "были переданы в", 0.0274701956345495], [[727, 0.6767639780693429], "собираемся инвестировать в", 0.06417838030013426], [[776, 0.6767639780693429], "собираемся инвестировать в", 0.06417838030013426], [[491, 0.6689059093996954], "которые входят в", 0.04402867718492656]], "переселить в новые": [[[413, 0.7861339884512355], "что в в", 0.0], [[364, 0.7666840235477599], "продвинуться в их", 0.0], [[101, 0.754020411202247], "ЛРД в Пасадене", 0.0], [[598, 0.746187949095324], "участившимися в последнее", 0.0], [[461, 0.7417396467058327], "долями в каких", 0.0]], "в новые помещения": [[[834, 0.6264691512141928], "с новой инициативой", 0.03440319365690339]], "новые помещения выполненные": null, "помещения выполненные в": [[[695, 0.6995031485159945], "планируется представить в", 0.06964866789258818], [[433, 0.6828471377737536], "переданы в управление", 0.0], [[597, 0.6734298218541548], "объясняется участившимися в", 0.043183174375264914], [[633, 0.6619260133652294], "недропользования в любом", 0.0], [[432, 0.6497504336746781], "были переданы в", 0.0274701956345495]], "выполненные в виде": [[[413, 0.7836953722701747], "что в в", 0.0], [[172, 0.7435576420406627], "обошелся НАСА в", 0.15709509587297532], [[461, 0.7322983307244013], "долями в каких", 0.0], [[101, 0.722629898554349], "ЛРД в Пасадене", 0.0], [[166, 0.7193721168488125], "происходили в этих", 0.0]], "в виде прозрачных": [[[512, 0.8138696425381406], "под видом простых", 0.054095825911506044], [[511, 0.6953559840365406], "финансов под видом", 0.054095825911506044]], "виде прозрачных стеклянных": [[[134, 0.6040303767604267], "из различных слоев", 0.04267569574674601], [[133, 0.5571965996697643], "состоит из различных", 0.08535139149349202], [[512, 0.5537991938129239], "под видом простых", 0.054095825911506044], [[130, 0.5465281629600519], "не однообразна из", 0.04267569574674601], [[716, 0.524097185494124], "со стандартным молоком", 0.06566919444644126]], "прозрачных стеклянных кубов": null, "стеклянных кубов ]": null, "[ Таким образом": null, "Таким образом пассажиры": null, "образом пассажиры метро": null, "пассажиры метро смогут": null, "метро смогут следить": [[[657, 0.741361338816743], "не могут ухудшаться", 0.08335730767453015], [[897, 0.7394156853495255], "не сможет придерживаться", 0.027789238936810724], [[860, 0.7332244448194059], "не могут согласовать", 0.05113492275301333], [[638, 0.7229289996543958], "не могут относиться", 0.04326650308502957], [[881, 0.7114781699717094], "не можем согласиться", 0.027789238936810724]], "смогут следить за": null, "следить за работой": null, "за работой милиционеров": null, "работой милиционеров ]": null, "[ Прозрачные стены": null, "Прозрачные стены будут": null, "стены будут комнат": [[[220, 0.6051157198066315], "горит крыша дома", 0.09727572313287555], [[221, 0.5799574029091159], "крыша дома номер", 0.07976748451746778]],